[
  {
    "ID": 984,
    "resourceID": 11214,
    "label": "Habitat Restoration Metrics",
    "name": "Habitat Restoration Metrics",
    "description_long": "There is a need to define metrics to demonstrate the value of habitat restoration projects.",
    "activityType": "program",
    "status": "active",
    "startDate": "2018-01-01"
  },
  {
    "ID": 985,
    "resourceID": 11214,
    "label": "Wild Salmon Policy",
    "name": "Wild Salmon Policy",
    "description_long": "Wild Salmon Policy implementation plan development. DFO is currently developing a five year Wild Salmon Policy implementation plan.  This is being done collaboratively with many sectors in DFO, with First Nations and key partners like the Pacific Salmon Foundation and Province of BC.    Between fall 2016 and March 2017, DFO met with more than 150 First Nations groups and stakeholder organizations across BC and Yukon to understand and document key interests and activities that should be included in a five year implementation plan.  Key partners, including the BC First Nations’ Salmon Coordinating Committee, the Yukon Salmon Sub-Committee, the Province of BC and the Pacific Salmon Foundation, worked with DFO and offered ideas and advice in developing the initial draft plan. Fall 2017 consultations mark an important opportunity to engage broadly on this preliminary draft, and will help shape the final document. To ensure wide geographic reach and opportunities for contribution, DFO has scheduled consultation sessions in 12 communities across BC and Yukon, and is accepting electronic submissions as well. The purpose of this consultation is to ask for feedback on:  (a) the Draft 2018-2022 implementation plan, (b) how work undertaken by others may complement and support activities planned for 2018-2022, and (c) opportunities for future collaborative work.   For more information on the fall consultations and to find the session nearest to you go to http://www.pac.dfo-mpo.gc.ca/consultation/wsp-pss/index-eng.html.",
    "activityType": "program",
    "status": "active",
    "startDate": "2018-01-01"
  },
  {
    "ID": 986,
    "resourceID": 11214,
    "label": "FSC catch monitoring",
    "name": "FSC catch monitoring",
    "description_long": "FSC catch monitoring standards. Work plans are negotiated with First Nations for funding in support of their FSC fisheries monitoring and catch reporting. Standard descriptions for these activities would be useful.",
    "activityType": "program",
    "status": "active",
    "startDate": "2018-01-01"
  },
  {
    "ID": 987,
    "resourceID": 11214,
    "label": "Fraser Sockeye Spawning Initiative",
    "name": "Fraser Sockeye Spawning Initiative",
    "description_long": "Evaluation of spawning escapement goals for Fraser Sockeye. Composed of two components: 1. annual management process: identifying annual escapement plan options and through IFMP consultation process, determination of annual escapement plan; 2. on-going ad-hoc simulation model process: working with external working group (including US) to determine management objectives and modeling priorities. Near term workplan includes incorporating management strategy evaluation model components into the simulation model. Methods description paper: http://www.dfo-mpo.gc.ca/csas-sccs/Publications/ResDocs-DocRech/2011/2011_133-eng.html    Process description paper: http://publications.gc.ca/collections/collection_2014/mpo-dfo/Fs97-4-2855-eng.pdf",
    "activityType": "program",
    "status": "active",
    "startDate": "2018-01-01"
  },
  {
    "ID": 988,
    "resourceID": 11214,
    "label": "Novel Organisms",
    "name": "Novel Organisms",
    "description_long": "Risk assessment of genetically novel organisms could benefit from improved ecosystem models to assist in identifying hazards and potential harms.  Developing models for natural ecosystems into which novel organisms (including non-indigenous species) can be inserted in silico would be of great value estimate risk prior to or after an entry event",
    "activityType": "program",
    "status": "active",
    "startDate": "2018-01-01"
  },
  {
    "ID": 989,
    "resourceID": 11214,
    "label": "Pacific Salmon FM",
    "name": "Pacific Salmon FM",
    "description_long": "Pacific Salmon Fisheries Management. Management of Pacific salmon in fisheries including sockeye, pink, chum, chinook, coho, and steelhead; salmon abundance and migration modelling",
    "activityType": "program",
    "status": "active",
    "startDate": "2018-01-01"
  },
  {
    "ID": 990,
    "resourceID": 11214,
    "label": "Salmon CU Maps",
    "name": "Salmon CU Maps",
    "description_long": "Salmon Conservation Unit Maps. Salmon Conservation Unit GIS map production-Create Conservation Unit maps for all salmon species using GIS software.  DFO scientists and biologists-provide reviews of Conservation Unit information including status of CU's, salmon populations within CU's. Updating and quality control on Conservation Unit information. Presently creating Salmon Conservation Unit maps for internal and external use.",
    "activityType": "program",
    "status": "active",
    "startDate": "2018-01-01"
  },
  {
    "ID": 991,
    "resourceID": 11214,
    "label": "Open Data",
    "name": "Open Data",
    "description_long": "Standard data interchange formats. Information system integration.",
    "activityType": "program",
    "status": "active",
    "startDate": "2018-01-01"
  },
  {
    "ID": 992,
    "resourceID": 11214,
    "label": "Revising CUs",
    "name": "Revising CUs",
    "description_long": "Revising Conservation Units under the Wild Salmon Policy  Conservation Units (CUs) for Pacific salmon are described under the Wild Salmon Policy as a group of wild salmon sufficiently isolated from other groups that, if lost, is very unlikely to recolonize naturally within an acceptable timeframe. They have been defined based on genetics, life-history, and ecological landscape characteristics. An initial list of CUs was developed by Holtby and Ciruna (2007), though numerous changes have been suggested. A team of analysts with expertise in genetics, ecology, and life-history diversity is required to review proposed and future changes and ensure they are scientifically rigorous and consistent with the original Holt and Ciruna (2007) framework. Future changes to CUs may occur, for example, with a new understanding of population structure from the application of new technologies in genetic population ID.",
    "activityType": "program",
    "status": "active",
    "startDate": "2018-01-01"
  },
  {
    "ID": 993,
    "resourceID": 11214,
    "label": "CEDP Stewardship",
    "name": "CEDP Stewardship",
    "description_long": "CEDP Stewardship Groups. I work with several volunteer and CEDP hatcheries and stewardship groups engaged in various marine and freshwater activities and species. They are very keen to share and collect information.",
    "activityType": "program",
    "status": "active",
    "startDate": "2018-01-01"
  },
  {
    "ID": 994,
    "resourceID": 11214,
    "label": "Wild vs. Aquaculture Salmon",
    "name": "Wild vs. Aquaculture Salmon",
    "description_long": "Interactions Between Salmon Aquaculture and Wild Fishes. To better understand the interactions between salmon aquaculture and wild fish, we are using various methods (gill netting, longlines, angling) to quantify the wild fish that are associated with Atlantic salmon farms in southwest New Brunswick. To date, wild salmon have not been observed around salmon cages.  There is a greater abundance of mackerel around cages than elsewhere in the farm areas. Future work will evaluate the risk of these fish of transferring pathogens among farms and to wild fish populations.",
    "activityType": "program",
    "status": "active",
    "startDate": "2018-01-01"
  },
  {
    "ID": 995,
    "resourceID": 11214,
    "label": "Drone Maps",
    "name": "Drone Maps",
    "description_long": "Drone-based mapping of bottom habitat.    Using consumer-grade drones and low-cost software, high-resolution maps were prepared of the floor of a shallow estuary. The work has shown that drone-mounted cameras can \"see\" the bottom better than a human observer standing in water or on the shore. The method is fairly simple and can be implemented without large investments in equipment and training. The technique is described in a draft manuscript which I'd be happy to share. I've been using a drone for non-salmon work (mapping a rare form of Irish moss in a shallow estuary) for several years. I've developed a drone-based methodology that produces high-resolution georeferenced maps at low cost and requires modest technical skills. This method may have applications in mapping and classifying salmon rearing habitat and in censusing adult salmon in pools.",
    "activityType": "program",
    "status": "active",
    "startDate": "2018-01-01"
  },
  {
    "ID": 996,
    "resourceID": 11214,
    "label": "Smolt predation studies",
    "name": "Smolt predation studies",
    "description_long": "I use new predation-detecting tags that change their acoustic signal when inside of a predator's digestive system.  I currently use these tags to quantify the portion of early marine mortality on smolts due primarily to striped bass predation in the Stewiacke River.  I plan to expand these studies to the LaHave and Saint John River.",
    "activityType": "program",
    "status": "active",
    "startDate": "2018-01-01"
  },
  {
    "ID": 997,
    "resourceID": 11214,
    "label": "Chinook Escapement Estimation",
    "name": "Chinook Escapement Estimation",
    "description_long": "Escapement estimation based on periodic surveys    Each fall swim crews snorkel standard sections of 20 or so rivers, intended to cover the majority of chinook spawning habitat, and provide counts as well as environmental measurements and commentary.  I take the data and generate estimates of river escapement using an Area Under the Curve method.",
    "activityType": "program",
    "status": "active",
    "startDate": "2018-01-01"
  },
  {
    "ID": 998,
    "resourceID": 11214,
    "label": "Field Surveys",
    "name": "Field Surveys",
    "description_long": "Field level salmon surveys. Salmon population surveys, swims, and walks. Recreational salmon catch data collection. Herring spawn surveys.  Recreational fishing effort surveys.  Commercial salmon catch monitoring.  Weather and climate monitoring.  Hydrometric data station installation and design.",
    "activityType": "program",
    "status": "active",
    "startDate": "2018-01-01"
  },
  {
    "ID": 999,
    "resourceID": 11214,
    "label": "Release Timing: Chinook and Coho",
    "name": "Release Timing: Chinook and Coho",
    "description_long": "Best Time to Release Chinook and Coho Smolts. Determining the best time to release our fish production of Chinook and Coho smolts into the river/ocean environment.  This is typically an event that happens at the same time each year.  My question is are there better times that we do this that would lead to greater survival in our fish stocks.  Each year is different for ocean productivity, can we forecast optimum release timing to give our fish the best chance of making it back as adults.",
    "activityType": "program",
    "status": "active",
    "startDate": "2018-01-01"
  },
  {
    "ID": 1000,
    "resourceID": 11214,
    "label": "Wild Salmon Policy",
    "name": "Wild Salmon Policy",
    "description_long": "Canada's Policy for Conservation of Wild Pacific Salmon (WSP) represents Fisheries and Oceans Canada's commitment to maintain healthy and diverse populations of salmon that will support sustainable fisheries now, and meet the needs of future generations. WSP places conservation of salmon and their habitat as the first priority for resource management and encourages people throughout British Columbia and the Yukon to contribute to decisions about salmon conservation that reflect societal values.",
    "activityType": "program",
    "status": "active",
    "startDate": "2018-01-01"
  },
  {
    "ID": 1001,
    "resourceID": 11214,
    "label": "Science Partnerships",
    "name": "Science Partnerships",
    "activityType": "program",
    "status": "active",
    "startDate": "2018-01-01"
  },
  {
    "ID": 1002,
    "resourceID": 11214,
    "label": "Hatchery Chinook Straying",
    "name": "Hatchery Chinook Straying",
    "description_long": "Straying of hatchery Chinook in Southern BC. A CSAS paper is in progress that assesses straying of hatchery Chinook populations in Southern BC, through the compilation of information and data on the recovery of hatchery-marked fish (i.e., thermal otolith-marked and coded wire tagged).  The main objectives are to describe the percent and magnitude of hatchery fish that return as strays, and the hatchery contribution (local and strays) to spawning populations of sampled rivers.",
    "activityType": "program",
    "status": "active",
    "startDate": "2018-01-01"
  },
  {
    "ID": 1003,
    "resourceID": 11214,
    "label": "Commercial Catch Monitoring",
    "name": "Commercial Catch Monitoring",
    "description_long": "Improvements in Commercial Salmon Fisheries Catch Monitoring and Reporting. This work is underway in the Pacific Region. Government funding could be used to explore new methodologies, technologies, and regulatory regimes to improve catch monitoring and reporting in salmon fisheries. We are currently in a user pay system, and the exploration of new catch monitoring methods and tools can be very expensive financially and operationally for fishers and government funding could help ease this burden while in development. see Strategic Framework for Fishery Monitoring and Catch Reporting in the Pacific Fisheries - on DFO website.",
    "activityType": "program",
    "status": "active",
    "startDate": "2018-01-01"
  },
  {
    "ID": 1004,
    "resourceID": 11214,
    "label": "Recreational Fishery Transformation",
    "name": "Recreational Fishery Transformation",
    "description_long": "Recreational fishery transformation. Recreational salmon fishery management transformation using a case study for river-specific management.",
    "activityType": "program",
    "status": "active",
    "startDate": "2018-01-01"
  },
  {
    "ID": 1005,
    "resourceID": 11214,
    "label": "Salmonid Enhancement",
    "name": "Salmonid Enhancement",
    "description_long": "Oversee day to day operations and activities at an enhancement facility.",
    "activityType": "program",
    "status": "active",
    "startDate": "2018-01-01"
  },
  {
    "ID": 1006,
    "resourceID": 11214,
    "label": "Pacific Salmon Issues",
    "name": "Pacific Salmon Issues",
    "description_long": "Advice and Support for Pacific Salmon Issues. Provide expertise and analysis of existing and emerging issues related to Pacific Salmon in the Pacific and C&A regions. Tracking and synthesis of Salmon Science for senior management and politicians. Preparation of QP Notes, Briefing Notes, Scenario Notes and presentations to support directorate. Liaison with regional staff to provide support, funding opportunities, collaborations, etc. Partnering with other branches (International, Fisheries Management, Strategic and Regulatory Science, Aboriginal Affairs) to provide Science advice on Pacific Salmon.",
    "activityType": "program",
    "status": "active",
    "startDate": "2018-01-01"
  },
  {
    "ID": 1007,
    "resourceID": 11214,
    "label": "Salmonid Enhancement Production Planning",
    "name": "Salmonid Enhancement Production Planning",
    "description_long": "Provide a framework for a regionally consistent approach to salmon production planning for the Salmonid Enhancement Program (SEP). Production planning in its simplest form is the business of deciding how many fish are to be produced from each enhancement facility. To that end, salmon from SEP facilities are produced to meet particular objectives; and the decisions that are required about those objectives and how they are to be met follow a defined process. The planning process  and the framework within contain more complex aspects of how and why fish production decisions are made, and by whom.    Region-wide integrated process with many involved.",
    "activityType": "program",
    "status": "active",
    "startDate": "2018-01-01"
  },
  {
    "ID": 1008,
    "resourceID": 11214,
    "label": "International Year of the Salmon",
    "name": "International Year of the Salmon",
    "description_long": "An intensive burst of internationally coordinated, interdisciplinary, scientific research and outreach\u000bfocused on Pacific and Atlantic salmon, and their relation to people.  Organized by six themes:  1.Status of Salmon,  2.Salmon in a Changing Salmosphere,  3. New Frontiers,  4.Human Dimension,  5.Information Systems, and  6. Salmon Outreach and Communication.",
    "activityType": "program",
    "status": "active",
    "startDate": "2018-01-01"
  },
  {
    "ID": 1009,
    "resourceID": 11214,
    "label": "Chinook and Chum Population Assessments",
    "name": "Chinook and Chum Population Assessments",
    "description_long": "Annual population estimates for adult Chinook and chum salmon at various locations in the Yukon River drainage. The primary tool is hydro-acoustics paired with gill net test fisheries or weirs. Populations assessments occur: 1) to confirm escapement goals, identified in the Yukon River Salmon Agreement, are met and inform bilateral management of stock in conjunction with the US, 2) to inform domestic in-season management and 3) other domestic interests including monitoring of sub-stock composition, age, size and sex ratios over time.",
    "activityType": "program",
    "status": "active",
    "startDate": "2018-01-01"
  },
  {
    "ID": 1010,
    "resourceID": 11214,
    "label": "Net Pen Liver Disease",
    "name": "Net Pen Liver Disease",
    "description_long": "Collaboration with various industry stakeholders and DFO.  This project aims to assess the role of cyanobacterial toxins (i.e. microcystins) in Net Pen Liver Disease progression on the West Coast of Vancouver Island.   The goal is determine the cause of NPLD, its progression and development in Salmon and other affected species and develop mitigation strategies.",
    "activityType": "program",
    "status": "active",
    "startDate": "2018-01-01"
  },
  {
    "ID": 1011,
    "resourceID": 11214,
    "label": "Arctic Salmon",
    "name": "Arctic Salmon",
    "description_long": "Salmon distributional shifts to the Canadian Arctic.",
    "activityType": "program",
    "status": "active",
    "startDate": "2018-01-01"
  },
  {
    "ID": 1012,
    "resourceID": 11214,
    "label": "Environmental stressors",
    "name": "Environmental stressors",
    "description_long": "Environmental stressors and their effects on salmonids.    Much of our work has focused around the effects of human-induced stressors on salmonid populations. In recent years this has focused mostly on hydroelectric development but we have worked on instream flow, fish forestry interactions, and road construction.",
    "activityType": "program",
    "status": "active",
    "startDate": "2018-01-01"
  },
  {
    "ID": 1013,
    "resourceID": 11214,
    "label": "Marine Aquaculture",
    "name": "Marine Aquaculture",
    "description_long": "Marine Salmon Aquaculture. As someone who works in aquaculture management, I see huge gaps in knowledge and plenty of misinformation.  This includes people within DFO.  We need to work on our communication between branches and groups so we all have more understanding of the work we each do to collectively support wild salmon.  We need to be better at sharing our knowledge, successes and science to better inform our own staff as well as the public.  People: I'm suggesting that we need more people working better on this; not sure who they are.  Probably leadership needs to come from senior management.",
    "activityType": "program",
    "status": "active",
    "startDate": "2018-01-01"
  },
  {
    "ID": 1014,
    "resourceID": 11214,
    "label": "Marine Growth Fraser Sockeye",
    "name": "Marine Growth Fraser Sockeye",
    "description_long": "Effects of early marine growth on adult Fraser sockeye salmon returns. Assess  the importance of early marine growth as a mechanism controlling marine survival of Fraser sockeye salmon and various oceanic factors from datasuch as sea surface temperature, zooplankton biomass and composition, and phytoplankton biomass, to understand the underlying cause(s) of this variation.       .",
    "activityType": "program",
    "status": "active",
    "startDate": "2018-01-01"
  },
  {
    "ID": 1015,
    "resourceID": 11214,
    "label": "Coastal Migration of Salmon",
    "name": "Coastal Migration of Salmon",
    "description_long": "Migration of Salmon in Coastal Waters. Using acoustic telemetry, we plan to document the migration of Atlantic salmon in the Bay of Fundy and determine to what extent wild salmon interact with salmon aquaculture. This project is still in the developmental phase - awaiting for funding approval.",
    "activityType": "program",
    "status": "active",
    "startDate": "2018-01-01"
  },
  {
    "ID": 1016,
    "resourceID": 11214,
    "label": "Tyee Test Fishery",
    "name": "Tyee Test Fishery",
    "description_long": "Collection of salmon scale and bio data from the Tyee Test Fishery.  Ship samples out to Nanaimo and Alaska lab once a week for aging.",
    "activityType": "program",
    "status": "active",
    "startDate": "2018-01-01"
  },
  {
    "ID": 1017,
    "resourceID": 11214,
    "label": "Yukon River SONAR",
    "name": "Yukon River SONAR",
    "description_long": "Stock assessment Using SONAR",
    "activityType": "program",
    "status": "active",
    "startDate": "2018-01-01"
  },
  {
    "ID": 1018,
    "resourceID": 11214,
    "label": "Loi sur les espèces en péril (LEP)",
    "name": "Loi sur les espèces en péril (LEP)",
    "description_long": "Je serai responsable de l'élaboration de programme rétablissement et des plans de gestion en vertu de la Loi sur les espèces en péril (LEP) pour 5 populations de saumons au Québec",
    "activityType": "program",
    "status": "active",
    "startDate": "2018-01-01"
  },
  {
    "ID": 1019,
    "resourceID": 11214,
    "label": "Sockeye Test Fisheries",
    "name": "Sockeye Test Fisheries",
    "description_long": "Improving real time acquisition of sockeye 'catch per set' information from commercial purse seine Individual Transferable Quota (ITQ) fisheries.    “Further work to evaluate test fisheries and alternative opportunities to collect adult Fraser Sockeye salmon return abundance, timing and diversion rate assessment information” and specifically priority 1b “Test fishery survey design and real time data acquisition of sockeye ‘catch per set’ information from commercial purse seine Individual Transferable Quota (ITQ) fisheries, or from other commercial and non-commercial sources.”  See proposal submitted to the Pacific Salmon Commission Southern Boundary Restoration and Enhancement Fund- 2018 Project Concept.",
    "activityType": "program",
    "status": "active",
    "startDate": "2018-01-01"
  },
  {
    "ID": 1020,
    "resourceID": 11214,
    "label": "Pathogen Risk",
    "name": "Pathogen Risk",
    "description_long": "Pathogen transfer risk assessments. We are conducting risk assessments on pathogen transfer from farmed Atlantic salmon to wild salmon populations.  Risk assessments are based on the likelihood assessments (pathogen present in an area, wild salmon sensitive, spatio-temporal co-occurrence of the pathogen and wild salmon) and consequence assessment.",
    "activityType": "program",
    "status": "active",
    "startDate": "2018-01-01"
  },
  {
    "ID": 1021,
    "resourceID": 11214,
    "label": "Chinook and Coho CWT",
    "name": "Chinook and Coho CWT",
    "description_long": "Coded Wire Tag Estimation. Recovery of coded-wire-tag (CWTs) from Chinook and Coho fisheries and estimation of fishery catch of CWTed fish.",
    "activityType": "program",
    "status": "active",
    "startDate": "2018-01-01"
  },
  {
    "ID": 1022,
    "resourceID": 11214,
    "label": "ARIS Sonar",
    "name": "ARIS Sonar",
    "description_long": "Counting Atlantic Salmon using ARIS sonar units deployed in rivers",
    "activityType": "program",
    "status": "active",
    "startDate": "2018-01-01"
  },
  {
    "ID": 1023,
    "resourceID": 11214,
    "label": "Marine mortality, Jacques-Cartier Salmon",
    "name": "Marine mortality, Jacques-Cartier Salmon",
    "description_long": "Marine mortality of Jacques-Cartier River salmon. Mortality of salmon at sea of the Jacques-Cartier River reintroduced salmon population",
    "activityType": "program",
    "status": "active",
    "startDate": "2018-01-01"
  },
  {
    "ID": 1024,
    "resourceID": 11214,
    "label": "Area 25 Roundtable",
    "name": "Area 25 Roundtable",
    "description_long": "This is an integrated fishery planning forum with First Nations, recreational, commercial, ENGO and local government representatives. Each year an annual fishery plan is developed for implementation.",
    "activityType": "program",
    "status": "active",
    "startDate": "2018-01-01"
  },
  {
    "ID": 1025,
    "resourceID": 11214,
    "label": "Salmon Genomics",
    "name": "Salmon Genomics",
    "description_long": "Increase natural salmon fitness with semi-natural hatchery production. Production of different groups of fish to compare their ability to reproduce in the wild river.",
    "activityType": "program",
    "status": "active",
    "startDate": "2018-01-01"
  },
  {
    "ID": 1026,
    "resourceID": 11214,
    "label": "Fish Passage of Dams",
    "name": "Fish Passage of Dams",
    "description_long": "Fish Passage Upstream at hydroelectric dams. NB Power and CRI (Canadian River Institute). A 3-year study done at Mactaquac dam for alternate species.",
    "activityType": "program",
    "status": "active",
    "startDate": "2018-01-01"
  },
  {
    "ID": 1027,
    "resourceID": 11214,
    "label": "International Governance",
    "name": "International Governance",
    "description_long": "International Governance Strategy (IGS) Program. Funding research projects in support of International Regional Fisheries Management Organizations (RFMOs).  The DFO Science IGS program provides research funding for research projects which support DFO priorities w/in RFMO context.  Within a salmon perspective, there may be projects eligible for IGS funding which would be welcomed (within program structure and processes).      The IGS Science Program is a component of a larger multi-sectoral program which has the objectives to ensure 1) sustainable fisheries and 2) robust marine environmental and ecosystem sustainability.  The science component of the program is designed to provide a foundation for decision-making on governance issues related to the larger initiative.    Funding themes (i.e. Tables) of the Science Program include 1) Science in support of straddling stocks and highly migratory species, 2) Ocean variability and marine ecosystems and 3) Science in support of protecting high seas marine habitat and communities. These three components follow a targeted funding approach whereby program priorities are identified with the help of the Advisory Committee. The latter consists of Science members from each Region and HQ as well as members from International Fisheries and External Relations.",
    "activityType": "program",
    "status": "active",
    "startDate": "2018-01-01"
  },
  {
    "ID": 1028,
    "resourceID": 11214,
    "label": "Enhancement program planning",
    "name": "Enhancement program planning",
    "description_long": "Enhancement program planning and assessment of all stock enhancement activities at SEP Major Operations and Community Involvement facilities, including direction, monitoring, evaluation, and reporting.  Provide direction for the program (also link activities with financial and HR capacities).",
    "activityType": "program",
    "status": "active",
    "startDate": "2018-01-01"
  },
  {
    "ID": 1029,
    "resourceID": 11214,
    "label": "Stock-Habitat-Recruit Models",
    "name": "Stock-Habitat-Recruit Models",
    "description_long": "Fitting models to data, such that information about habitats and the impact of salmon on habitats, is fully utilized. Concerned that (a) density X habitat-change is not treated properly, and (b) habitat events that kill salmon but have nothing to do with density-dependent survival are not recognized as such in stock-recruit analysis and create a serious bias toward low estimates for optimal escapement.",
    "activityType": "program",
    "status": "active",
    "startDate": "2018-01-01"
  },
  {
    "ID": 1030,
    "resourceID": 11214,
    "label": "Adult broodstock",
    "name": "Adult broodstock",
    "description_long": "Adult broodstock capture methods.  Floating fish fence - floats on inflatable bladder - can be installed in large and small systems.  Primarily used for adult enumeration and broodstock collection.",
    "activityType": "program",
    "status": "active",
    "startDate": "2018-01-01"
  },
  {
    "ID": 1031,
    "resourceID": 11214,
    "label": "Salmon Spawning",
    "name": "Salmon Spawning",
    "description_long": "Salmon Spawning  - Collection of gametes from adult salmon escapements to our facility or the spawning grounds  - In season adjustments to reach production goals or new requests",
    "activityType": "program",
    "status": "active",
    "startDate": "2018-01-01"
  },
  {
    "ID": 1032,
    "resourceID": 11214,
    "label": "Salmon Data Lifecycle",
    "name": "Salmon Data Lifecycle",
    "description_long": "Develop a salmon data lifecycle, including positions that are involved in the process.  Plan -> Acquire-> Process -> Analyze -> Preserve -> Publish/Share -> Review/Audit  Groups are too disjointed in collecting data; little auditing or sharing happening now.  Similar to USGS model:  https://pubs.usgs.gov/of/2013/1265/pdf/of2013-1265.pdf",
    "activityType": "program",
    "status": "active",
    "startDate": "2018-01-01"
  },
  {
    "ID": 1033,
    "resourceID": 11214,
    "label": "Epidemiology NPLD",
    "name": "Epidemiology NPLD",
    "description_long": "Epidemiology of Net Pen Liver Disease in BC Farmed Salmon     It is well-documented by the BC aquaculture industry that NPLD has a significant impact on the health and performance farmed Chinook and Atlantic salmon and that this disease is associated with the presence of an algal toxin (Microcystin or an MC-like toxin).  With respect to wild fish the impact of toxins, including MCs, on their health and performance is unknown.  It is possible that the accumulation of MCs in water or natural feeds, especially in those areas reporting NPLD, could reach levels that compromise the health of wild fish and possibly other aquatic species.      We are generating knowledge that can be used to: identify sites at risk of NPLD, to improve or develop new disease management strategies, and to assess the risk of the toxin responsible for NPLD having effects on wild aquatic animals.        Dr. Heindrich Snyman, BVSc., DVSc., Diplomate ACVP will conduct the histopathological studies associated with this project.  He will also contribute to the analysis and interpretation of project data and project reporting.        Dr. Barry Milligan, BSc. MSc. DVM is responsible for project activities conducted at CERMAQ farm sites including sample and data collection.  He will also contribute to the analysis and interpretation of project data and project reporting.        Mr. Tim Hewison, BSc. is responsible for project activities conducted at Grieg farm sites including sample and data collection.  He will also contribute to the analysis and interpretation of project data and project reporting.      Dr. Pearse McCarron, PhD. is responsible for project activities conducted at NRCC including development and validation of methods for LC-MS of toxins, in-depth LC-MS profiling of fish and environmental samples provided, evaluation and reporting of data, and contributing to plans for further work.  Dr. Andrew Ross, PhD.is assisting in project planning and the interpretation of project data. He also provides a link to IOS staff that working on other groups of algae and their toxins.",
    "activityType": "program",
    "status": "active",
    "startDate": "2018-01-01"
  },
  {
    "ID": 1034,
    "resourceID": 11214,
    "label": "Community Ecology Juvenile Salmon",
    "name": "Community Ecology Juvenile Salmon",
    "description_long": "Juvenile Salmon in the Pelagic Community. Juvenile salmon embedded in the pelagic community matrix. The Basin and Coastal Scale Interactions group at DFO Nanaimo is undertaking fundamental ecological research of pelagic coastal and shelf communities. We are a new group, initiating the only comprehensive pelagic ecosystem marine survey designed to study the structure and function of the pelagic ecosystem on the Vancouver Island Continental Shelf (< 200 m). The survey is intended to sample the major fish components, including salmon, of the pelagic ecosystem, providing relative catch composition and catch rates, biological information, and predator/prey information. In addition, zooplankton sampling and oceanographic monitoring will be included. These are the dynamic food webs which support critical forage for many species.",
    "activityType": "program",
    "status": "active",
    "startDate": "2018-01-01"
  },
  {
    "ID": 1035,
    "resourceID": 11214,
    "label": "State of the Salmon",
    "name": "State of the Salmon",
    "description_long": "Integrating and exploring data across salmon stocks, particularly in the Pacific, but looking for linkages with stocks outside of Canadian Pacific.",
    "activityType": "program",
    "status": "active",
    "startDate": "2018-01-01"
  },
  {
    "ID": 1036,
    "resourceID": 11214,
    "label": "Enhancement and Stewardship",
    "name": "Enhancement and Stewardship",
    "description_long": "Managing a large enhancement and stewardship program",
    "activityType": "program",
    "status": "active",
    "startDate": "2018-01-01"
  },
  {
    "ID": 1037,
    "resourceID": 11214,
    "label": "Indigenous Stock Assessment",
    "name": "Indigenous Stock Assessment",
    "description_long": "Stock Assessment Activities by Indigenous Groups. Integration of stock assessment activities by Indigenous groups into DFO Resource Management and Science. Work plans are negotiated with First Nations for funding in support of stock assessment and habitat monitoring work.  Better integration of these activities into DFO's objectives and DFO's use of data would build collaboration.",
    "activityType": "program",
    "status": "active",
    "startDate": "2018-01-01"
  },
  {
    "ID": 1038,
    "resourceID": 11214,
    "label": "NuSEDS",
    "name": "NuSEDS",
    "description_long": "NuSEDS Salmon Escapement Database. Update and maintain the NuSEDS database which contains salmon escapement records for BC and Yukon",
    "activityType": "program",
    "status": "active",
    "startDate": "2018-01-01"
  },
  {
    "ID": 1039,
    "resourceID": 11214,
    "label": "Strategies for Red-status CUs",
    "name": "Strategies for Red-status CUs",
    "description_long": "Harvest Recovery Strategies for Red-status Conservation Units. Developing harvest recovery strategies for red-status Conservation Units (CUs). The Wild Salmon Policy statues that “The presence of a CU in the red zone, will initiate an immediate consideration of ways to protect the fish, increase their abundance, and reduce the potential risk of loss”. However, quantitative tools to inform harvest recovery plans are lacking. In this project we will develop a simulation tool to evaluate management strategies for achieving recovery and time-frames to achieve those targets. Using this modelling approach, we will compare the relative effectiveness of different recovery plans and identify which plans perform well over a range of uncertainties in underlying population dynamics and observation errors. Environmental drivers of productivity (or marine survival) can be integrated into the modelling of stock dynamics, allowing explicit consideration of recovery plan performance given uncertainty in future environmental conditions. In particular, collaboration on developing plausible ways of incorporating environmental drivers would be beneficial, as well as developing tools for communicating trade-offs among recovery, diversity, and harvest objectives.",
    "activityType": "program",
    "status": "active",
    "startDate": "2018-01-01"
  },
  {
    "ID": 1040,
    "resourceID": 11214,
    "label": "Roundtables and Treaty Groups",
    "name": "Roundtables and Treaty Groups",
    "description_long": "Local Roundtables and Treaty Groups. Participation in local roundtables and treaty groups. I provide data summaries and respond to data requests to improve communication and understanding so that local groups can participate in decision-making and understand some of the context for management options.  Streamlining communication and calibrating the level of information to the level required while minimizing the opportunity for confusion and errors is an on-going process.",
    "activityType": "program",
    "status": "active",
    "startDate": "2018-01-01"
  },
  {
    "ID": 1041,
    "resourceID": 11214,
    "label": "Quinsam and Campbell River Salmon",
    "name": "Quinsam and Campbell River Salmon",
    "description_long": "Managing adult salmon returns to the Quinsam and Campbell Rivers. We need to make decisions on what we should be doing with our fish as they return to the Quisnam and Campbell rivers. Having good data on what a return is likely to be would help immensely in decision making regarding how we manage these returning fish.",
    "activityType": "program",
    "status": "active",
    "startDate": "2018-01-01"
  },
  {
    "ID": 1042,
    "resourceID": 11214,
    "label": "Columbia River Treaty",
    "name": "Columbia River Treaty",
    "description_long": "Preparation of scientific knowledge and science plans for renegotiaion of the Columbia River Treat between Canada and the USA.",
    "activityType": "program",
    "status": "active",
    "startDate": "2018-01-01"
  },
  {
    "ID": 1043,
    "resourceID": 11214,
    "label": "Salmon Enhancement Assessment",
    "name": "Salmon Enhancement Assessment",
    "description_long": "Salmonid Enhancement Assessment Planning. Biological assessment is fundamental to evaluating the performance of the Salmonid Enhancement Program (SEP). It is the means by which SEP measures program outcomes (e.g. contribution to fisheries and rebuilding populations), fish culture strategies, and effects on wild populations.  SEP assessment is also a key component of Fisheries and Oceans Canada (DFO) work in British Columbia and the Yukon (DFO’s Pacific Region) as it supports regional DFO stock assessments, harvest management planning and evaluation, and the Pacific Salmon Treaty (PST). SEP Biological Assessment Framework document is currently being finalized for publication. Much like the annual production planning process, the assessment planning process is an annual cycle to address assessment of SEP performance against enhancement objectives for each line of production, such as contribution to fisheries, rebuilding objectives, and stock assessment indicators. Region-wide integrated process with many involved.",
    "activityType": "program",
    "status": "active",
    "startDate": "2018-01-01"
  },
  {
    "ID": 1044,
    "resourceID": 11214,
    "label": "Marine Salmon: Climate and Competition",
    "name": "Marine Salmon: Climate and Competition",
    "description_long": "Marine Climate Change and Competition Among Salmon. Understanding and adapting to the consequences of climate change and competition among salmon at sea",
    "activityType": "program",
    "status": "active",
    "startDate": "2018-01-01"
  },
  {
    "ID": 1045,
    "resourceID": 11214,
    "label": "Bilateral Chinook/Chum Forecasts",
    "name": "Bilateral Chinook/Chum Forecasts",
    "description_long": "Bilateral Chinook and chum forecasting with Alaska Department of Fish and Game. Annual forecasts of Chinook and chum returns for the upcoming year are presented to the Yukon River Panel and inform pre-season management plans.",
    "activityType": "program",
    "status": "active",
    "startDate": "2018-01-01"
  },
  {
    "ID": 1046,
    "resourceID": 11214,
    "label": "Juvenile Sockeye Health",
    "name": "Juvenile Sockeye Health",
    "description_long": "Juvenile Sockeye Salmon Health. Assessing Fraser River juvenile sockeye salmon health in the Strait Of Georgia.  Samples from 2010-2016 from wild caught juveniles amongst a variety of Fraser River sockeye stocks in the SOG and Johnstone Strait were screened for several endemic and novel pathogens: IHN, IPN, PRV, Parvicapsula minibicornis, Renibacterium salmoninarum, sea lice, etc. Other indicators of health and growth were also assessed through the otolith microstructures and diet analysis.",
    "activityType": "program",
    "status": "active",
    "startDate": "2018-01-01"
  },
  {
    "ID": 1047,
    "resourceID": 11214,
    "label": "Habitat Compensation/Restoration",
    "name": "Habitat Compensation/Restoration",
    "description_long": "Habitat Compensation, Offsetting, and Restoration. Under the fisheries act, habitat compensation (now called 'offsetting') can often be required when a development is approved. Our research in this area has focused on effectiveness of these measures over both the short and long terms to evaluate if the measures taken are meeting their objectives. Have also been involved with several national discussions on this topic.",
    "activityType": "program",
    "status": "active",
    "startDate": "2018-01-01"
  },
  {
    "ID": 1048,
    "resourceID": 11214,
    "label": "Early Marine Growth and Mortality",
    "name": "Early Marine Growth and Mortality",
    "description_long": "Size-selective Mortality and Early Marine Growth.  Potential mechanisms regulating salmon survival at sea. Our goals are to: (a) evaluate the extent of size-selective mortality, (b) determine the factors influencing juvenile length at the end of their first year at sea (L1), and (c) determine the factors influencing the number of returning adults.",
    "activityType": "program",
    "status": "active",
    "startDate": "2018-01-01"
  },
  {
    "ID": 1049,
    "resourceID": 11214,
    "label": "Salish Sea Marine Survival",
    "name": "Salish Sea Marine Survival",
    "description_long": "This project is intended to understand the limit to salmon production in the Salish Sea and the factors affecting salmon survival at sea.",
    "activityType": "program",
    "status": "active",
    "startDate": "2018-01-01"
  },
  {
    "ID": 1050,
    "resourceID": 11214,
    "label": "Salmon Escapements: North/Central Coast",
    "name": "Salmon Escapements: North/Central Coast",
    "description_long": "Salmon Escapements in the North Coast and Central Coast, Pacific Region. BC16 Program - Collection of salmon escapements from streams in the North Coast and Central Coast area.",
    "activityType": "program",
    "status": "active",
    "startDate": "2018-01-01"
  },
  {
    "ID": 1051,
    "resourceID": 11214,
    "label": "Juvenile Chinook Assessment",
    "name": "Juvenile Chinook Assessment",
    "description_long": "Juvenile Chinook Salmon Assessment. Capture of juveniles using rotary screw trap, Gee trapping, and beach seining.  Applying visual implant elastomer marks, and estimating juvenile abundance using Bayesian time-stratified population analysis.",
    "activityType": "program",
    "status": "active",
    "startDate": "2018-01-01"
  },
  {
    "ID": 1052,
    "resourceID": 11214,
    "label": "Survival of Smolts at Sea",
    "name": "Survival of Smolts at Sea",
    "description_long": "Seeking to understand what factors are causing historic lows in return rates",
    "activityType": "program",
    "status": "active",
    "startDate": "2018-01-01"
  },
  {
    "ID": 1053,
    "resourceID": 11214,
    "label": "Sainte-Marguerite Smolts",
    "name": "Sainte-Marguerite Smolts",
    "description_long": "Estimation of smolts numbers going to sea from the Sainte-Marguerite Nord-east River branch",
    "activityType": "program",
    "status": "active",
    "startDate": "2018-01-01"
  },
  {
    "ID": 1054,
    "resourceID": 11214,
    "label": "New Brunswick Smolt Migration.",
    "name": "New Brunswick Smolt Migration.",
    "description_long": "Smolt Migration Downstream Passage. NB Power and CRI",
    "activityType": "program",
    "status": "active",
    "startDate": "2018-01-01"
  },
  {
    "ID": 1055,
    "resourceID": 11214,
    "label": "FSERP",
    "name": "FSERP",
    "description_long": "Fisheries Science and Ecosystem Research Program (FSERP).  Funded under Budget 2016, FSERP provides funding for research projects which strengthen the linkages between commercial fisheries species and their respective ecosystems.  Main scope: via the acquisition of new knowledge on fisheries science and ecosystems, the development and application of an ecosystem-based stock assessment approach to improve day-to-day fisheries science advice in support of decision-making.  Projects focus on (a) fostering a national or zonal approach to research activities pertaining to stock assessment and multi-species interactions; (b) outcomes of the project benefiting multiple regions; and (c) projects responding to key management priorities.",
    "activityType": "program",
    "status": "active",
    "startDate": "2018-01-01"
  },
  {
    "ID": 1056,
    "resourceID": 11214,
    "label": "Enhancement Business Practices",
    "name": "Enhancement Business Practices",
    "description_long": "Enhancement Program Business Practices. Development and implementation of operational enhancement program business practices through creation and application of policy and guidelines related to stock enhancement, production planning and assessment of SEP activities. Ensure program is conducted sustainably (financially and biologically) with minimization of risks under a clearly structured framework.",
    "activityType": "program",
    "status": "active",
    "startDate": "2018-01-01"
  },
  {
    "ID": 1057,
    "resourceID": 11214,
    "label": "Columbia River Sockeye Smolts",
    "name": "Columbia River Sockeye Smolts",
    "description_long": "Transit of the Columbia River by Sockeye Smolts. Analysis of travel times from PIT tags and of survival between and across dams for sockeye salmon smolts. We know how many smolts leave Osoyoos Lake from acoustic surveys, but daily counts at the subsequent dams are not comparable between dams (and not always comparable between years). Objective is calibrated daily abundance, with precision, for Osoyoos Lake and Wenatchee Lake smolts (not distinguished in dam counts) at ocean entry.",
    "activityType": "program",
    "status": "active",
    "startDate": "2018-01-01"
  },
  {
    "ID": 1058,
    "resourceID": 11214,
    "label": "Incubation Systems",
    "name": "Incubation Systems",
    "description_long": "Re-circulation and fltration for Incubation systems can be constructed for smaller compact systems or larger incubation systems. Objective is to provide increased control of water quality in salmon incubation systems with the use of filtration, sterilization, and the ability to cool or heat water on a budget.",
    "activityType": "program",
    "status": "active",
    "startDate": "2018-01-01"
  },
  {
    "ID": 1059,
    "resourceID": 11214,
    "label": "Enhancing Stocks For Assessment",
    "name": "Enhancing Stocks For Assessment",
    "description_long": "Stock Assessment  - Enhancing stocks for the specific purpose of assessment",
    "activityType": "program",
    "status": "active",
    "startDate": "2018-01-01"
  },
  {
    "ID": 1060,
    "resourceID": 11214,
    "label": "Hydro-acoustics: Juvenile Salmon",
    "name": "Hydro-acoustics: Juvenile Salmon",
    "description_long": "Use of hydro-acoustic methods to assess the migration timing, migratory behaviour, and distribution of juvenile salmon in Discovery Islands and Johnstone Strait. Purse seine and trawl surveys efforts are performed as part of the existing sampling program, supplemented by additional beach seining, to directly complement this acoustic data by providing information on species composition and stock structure.",
    "activityType": "program",
    "status": "active",
    "startDate": "2018-01-01"
  },
  {
    "ID": 1061,
    "resourceID": 11214,
    "label": "Infections in Juvenile Salmon",
    "name": "Infections in Juvenile Salmon",
    "description_long": "Factors influencing infectious agent prevalence in juvenile salmon. I am providing analysis and interpretation for an ecological context of the spatial and temporal patterns of prevalence and abundance of pathogenic microparasites detected in juvenile salmon, as identified through novel high-throughput molecular genetic platforms.",
    "activityType": "program",
    "status": "active",
    "startDate": "2018-01-01"
  },
  {
    "ID": 1062,
    "resourceID": 11214,
    "label": "Aboriginal Fishery Guardian Program",
    "name": "Aboriginal Fishery Guardian Program",
    "description_long": "Aboriginal Fishery Guardian Program.  Additional collaboration outside of DFO (other government departments, guardian networks, province, academic) would support a more sustainable, career development program for the stewardship of aquatic resources and habitat management.",
    "activityType": "program",
    "status": "active",
    "startDate": "2018-01-01"
  },
  {
    "ID": 1063,
    "resourceID": 11214,
    "label": "Habitat Benchmarks of CUs",
    "name": "Habitat Benchmarks of CUs",
    "description_long": "Habitat-based Benchmarks of Status for Data-limited Conservation Units of Salmon. Strategy 1 of Canada’s Wild Salmon Policy requires the identification of benchmarks to inform biological status of Conservation Units (CUs). Current methods to estimate benchmarks require time-series of spawners and recruitment that are often not available and/or perform poorly under declining and variable trends in productivity. Benchmarks based on habitat indices of capacity (e.g., in lake or landscape-level characteristics) have been developed for Chinook salmon, but have yet to be applied to other species. Given growing requirements for assessments of status to inform local (terminal) management decisions and concurrent decline in monitoring of escapements and CU-specific catches, habitat-based benchmarks will be practical alternative to data-rich benchmarks. This work requires collaboration among habitat biologists, salmon assessment biologists, GIS analysts, and mathematical modellers.",
    "activityType": "program",
    "status": "active",
    "startDate": "2018-01-01"
  },
  {
    "ID": 1064,
    "resourceID": 11214,
    "label": "Salmon Freshwater Productivity",
    "name": "Salmon Freshwater Productivity",
    "description_long": "Drivers of Juvenile Productivity in Freshwater Environments",
    "activityType": "program",
    "status": "active",
    "startDate": "2018-01-01"
  },
  {
    "ID": 1065,
    "resourceID": 11214,
    "label": "Food and Growth in Sockeye",
    "name": "Food and Growth in Sockeye",
    "description_long": "Effects of Food Restriction on Growth in Sockeye Salmon. Sockeye salmon were subjected to a limited feed regime to mimic conditions often experienced during the approximate 6 week migration through the Strait of Georgia and Johnstone Strait. The early marine period has been identified as critical for Sockeye salmon survival.  Energy status during this period is an important indicator for success.   Gene expression, RNA:DNA ratios, fatty acid analysis and other measures of growth are to be used to develop a relatively quick and easy method to determine long and short term energy status of wild salmon.",
    "activityType": "program",
    "status": "active",
    "startDate": "2018-01-01"
  },
  {
    "ID": 1066,
    "resourceID": 11214,
    "label": "Habitat Population Linkages",
    "name": "Habitat Population Linkages",
    "description_long": "All the work conducted in our lab could fall under this heading. We are interested in how habitat affects overall fish productivity. This also includes habitat connectivity and movement.",
    "activityType": "program",
    "status": "active",
    "startDate": "2018-01-01"
  },
  {
    "ID": 1067,
    "resourceID": 11214,
    "label": "Climate and Juvenile Salmon",
    "name": "Climate and Juvenile Salmon",
    "description_long": "Climate impacts on the phenology of juvenile salmon  emigration in British Columbia",
    "activityType": "program",
    "status": "active",
    "startDate": "2018-01-01"
  },
  {
    "ID": 1068,
    "resourceID": 11214,
    "label": "Salmon Escapement Data",
    "name": "Salmon Escapement Data",
    "description_long": "Maintain salmon escapement spreadsheets for Areas 1 to 10.",
    "activityType": "program",
    "status": "active",
    "startDate": "2018-01-01"
  },
  {
    "ID": 1069,
    "resourceID": 11214,
    "label": "Atlantic Salmon Supplementation",
    "name": "Atlantic Salmon Supplementation",
    "description_long": "Policy for Atlantic Salmon Stocking and Supplementation. Development of a policy on Atlantic Salmon stocking and supplementation: there are many ongoing \"grandfathered\" hatchery stocking programs in the Gulf Region and some new programs are proposed despite mounting evidence that these programs are \"neutral\" at best. A policy is required to guide the review of new applications.",
    "activityType": "program",
    "status": "active",
    "startDate": "2018-01-01"
  },
  {
    "ID": 1070,
    "resourceID": 11214,
    "label": "Atlantic Salmon Juveniles Density Estimation",
    "name": "Atlantic Salmon Juveniles Density Estimation",
    "description_long": "Development of a standardized protocol for Atlantic salmon juveniles density estimations",
    "activityType": "program",
    "status": "active",
    "startDate": "2018-01-01"
  },
  {
    "ID": 1071,
    "resourceID": 11214,
    "label": "Smolt Survival at Sea",
    "name": "Smolt Survival at Sea",
    "description_long": "Collaborate on smolt wheel capture returns out to sea in various rivers, ASF and OTN work on acoustic tagging pf smolts to monitor at-sea survival along acoutstic receivers, and by-catches of commercial fishermen and marine survival. See \"DFO iBof rivers.\"",
    "activityType": "program",
    "status": "active",
    "startDate": "2018-01-01"
  },
  {
    "ID": 1072,
    "resourceID": 11214,
    "label": "SEP Integration",
    "name": "SEP Integration",
    "description_long": "SEP Program Consultation and Integration. Internal SEP consultation/integration with other DFO branches, major cross-sector regional initiatives, and external consultation with stakeholders and key partners. Ensure program delivery is focused on DFO priorities (FM, Science) and links to stakeholder and client needs. Perform consultation with stakeholders and clients through existing venues/processes.",
    "activityType": "program",
    "status": "active",
    "startDate": "2018-01-01"
  },
  {
    "ID": 1073,
    "resourceID": 11214,
    "label": "Steelhead and Cutthroat Production",
    "name": "Steelhead and Cutthroat Production",
    "description_long": "Enhancing local cutthroat and steelhead populations to provide angling opportunities",
    "activityType": "program",
    "status": "active",
    "startDate": "2018-01-01"
  }
]