[
  {
    "ID": 1336,
    "resourceID": 11215,
    "label": "Big Qualicum River Hatchery",
    "name": "Big Qualicum River Hatchery",
    "street": "215 Fisheries Rd",
    "locality": "Qualicum Beach",
    "region": "BC",
    "country": "Canada",
    "postalCode": "V9K1Z5",
    "geoJSONStringType": "point",
    "geoJSONString": "[49.393583, -124.609955, 0]",
    "status": "active"
  },
  {
    "ID": 1337,
    "resourceID": 11215,
    "label": "Bella Coola Field Office",
    "name": "Bella Coola Field Office",
    "poBox": "PO Box 130",
    "street": "Highway 20",
    "locality": "Bella Coola",
    "region": "BC",
    "country": "Canada",
    "postalCode": "V0T1C0",
    "geoJSONStringType": "point",
    "geoJSONString": "[0, 0, 0]",
    "status": "active"
  },
  {
    "ID": 1338,
    "resourceID": 11215,
    "label": "Campbell River (Tamarac)",
    "name": "Campbell River (Tamarac)",
    "street": "1520 Tamarac Street",
    "locality": "Campbell River",
    "region": "BC",
    "country": "Canada",
    "postalCode": "V9W3M5",
    "geoJSONStringType": "point",
    "geoJSONString": "[50.030083, -125.273104, 0]",
    "status": "active"
  },
  {
    "ID": 1339,
    "resourceID": 11215,
    "label": "Campbell River Field Office",
    "name": "Campbell River Field Office",
    "street": "315-940 Alder Street",
    "locality": "Campbell River",
    "region": "BC",
    "country": "Canada",
    "postalCode": "V9W2P8",
    "geoJSONStringType": "point",
    "geoJSONString": "[50.024405, -125.243603, 0]",
    "status": "active"
  },
  {
    "ID": 1340,
    "resourceID": 11215,
    "label": "Capilano Salmon Hatchery",
    "name": "Capilano Salmon Hatchery",
    "street": "4500 Capilano Park Road",
    "locality": "North Vancouver",
    "region": "BC",
    "country": "Canada",
    "postalCode": "V7R4L3",
    "geoJSONStringType": "point",
    "geoJSONString": "[0, 0, 0]",
    "status": "active"
  },
  {
    "ID": 1341,
    "resourceID": 11215,
    "label": "Charlottetown (Diadromous)",
    "name": "Charlottetown (Diadromous)",
    "poBox": "Box 1236",
    "street": "Kent Street",
    "locality": "Charlottetown",
    "region": "PEI",
    "country": "Canada",
    "postalCode": "C1A7M8",
    "geoJSONStringType": "point",
    "geoJSONString": "[46.236051, -63.127942, 0]",
    "status": "active"
  },
  {
    "ID": 1342,
    "resourceID": 11215,
    "label": "Chehalis River Hatchery",
    "name": "Chehalis River Hatchery",
    "street": "16250 Morris Valley Road",
    "locality": "Agassiz",
    "region": "BC",
    "country": "Canada",
    "postalCode": "V0M1A1",
    "geoJSONStringType": "point",
    "geoJSONString": "[49.292882, -121.943626, 0]",
    "status": "active"
  },
  {
    "ID": 1343,
    "resourceID": 11215,
    "label": "Chilliwack Fish Hatchery",
    "name": "Chilliwack Fish Hatchery",
    "street": "55205 Chilliwack Lake Road",
    "locality": "Chilliwack",
    "region": "BC",
    "country": "Canada",
    "postalCode": "V4Z1A7",
    "geoJSONStringType": "point",
    "geoJSONString": "[49.079804, -121.703395, 0]",
    "status": "active"
  },
  {
    "ID": 1344,
    "resourceID": 11215,
    "label": "Chilliwack Field Office",
    "name": "Chilliwack Field Office",
    "street": "327-44500 South Sumas Road",
    "locality": "Chilliwack",
    "region": "BC",
    "country": "Canada",
    "postalCode": "V2R5M3",
    "geoJSONStringType": "point",
    "geoJSONString": "[0, 0, 0]",
    "status": "active"
  },
  {
    "ID": 1345,
    "resourceID": 11215,
    "label": "Comox Valley Field Office",
    "name": "Comox Valley Field Office",
    "street": "148 Port Agusta Street",
    "locality": "Comox",
    "region": "BC",
    "country": "Canada",
    "postalCode": "V9M3N6",
    "geoJSONStringType": "point",
    "geoJSONString": "[49.672777, -124.925488, 0]",
    "status": "active"
  },
  {
    "ID": 1346,
    "resourceID": 11215,
    "label": "Conuma River Hatchery",
    "name": "Conuma River Hatchery",
    "poBox": "PO Box 247",
    "street": "Head Bay Road",
    "locality": "Tahsis",
    "region": "BC",
    "country": "Canada",
    "postalCode": "V0P1X0",
    "geoJSONStringType": "point",
    "geoJSONString": "[0, 0, 0]",
    "status": "active"
  },
  {
    "ID": 1347,
    "resourceID": 11215,
    "label": "Dewdney Field Office",
    "name": "Dewdney Field Office",
    "poBox": "PO Box 61",
    "street": "38620 Bell Road",
    "locality": "Dewdney",
    "region": "BC",
    "country": "Canada",
    "postalCode": "V0M1H0",
    "geoJSONStringType": "point",
    "geoJSONString": "[0, 0, 0]",
    "status": "active"
  },
  {
    "ID": 1348,
    "resourceID": 11215,
    "label": "DFO Gulf Nova Scotia Area Office",
    "name": "DFO Gulf Nova Scotia Area Office",
    "street": "2920 Highway 104",
    "locality": "Antigonish",
    "region": "NS",
    "country": "Canada",
    "postalCode": "B2G2K6",
    "geoJSONStringType": "point",
    "geoJSONString": "[0, 0, 0]",
    "status": "active"
  },
  {
    "ID": 1349,
    "resourceID": 11215,
    "label": "Duncan Field Office",
    "name": "Duncan Field Office",
    "street": "5345 Trans Canada Highway",
    "locality": "Duncan",
    "region": "BC",
    "country": "Canada",
    "postalCode": "V0R2C0",
    "geoJSONStringType": "point",
    "geoJSONString": "[0, 0, 0]",
    "status": "active"
  },
  {
    "ID": 1350,
    "resourceID": 11215,
    "label": "Fulton River Spawning Channel",
    "name": "Fulton River Spawning Channel",
    "poBox": "PO Box 9",
    "street": "Highway 118 Central Babine Lake Highway PO Box 9",
    "locality": "Granisle",
    "region": "BC",
    "country": "Canada",
    "postalCode": "V0J1W0",
    "geoJSONStringType": "point",
    "geoJSONString": "[0, 0, 0]",
    "status": "active"
  },
  {
    "ID": 1351,
    "resourceID": 11215,
    "label": "Inch Creek Hatchery",
    "name": "Inch Creek Hatchery",
    "poBox": "PO Box 61",
    "street": "38620 Bell Road",
    "locality": "Dewdney",
    "region": "BC",
    "country": "Canada",
    "postalCode": "V0M1H0",
    "geoJSONStringType": "point",
    "geoJSONString": "[0, 0, 0]",
    "status": "active"
  },
  {
    "ID": 1352,
    "resourceID": 11215,
    "label": "Kitimat River Hatchery",
    "name": "Kitimat River Hatchery",
    "poBox": "PO Box 197",
    "street": "283 Haisla Boulevard",
    "locality": "Kitimat",
    "region": "BC",
    "country": "Canada",
    "postalCode": "V8C2G7",
    "geoJSONStringType": "point",
    "geoJSONString": "[0, 0, 0]",
    "status": "active"
  },
  {
    "ID": 1353,
    "resourceID": 11215,
    "label": "Langley Field Office",
    "name": "Langley Field Office",
    "street": "5550-268th Street",
    "locality": "Langley",
    "region": "BC",
    "country": "Canada",
    "postalCode": "V4W3X4",
    "geoJSONStringType": "point",
    "geoJSONString": "[0, 0, 0]",
    "status": "active"
  },
  {
    "ID": 1354,
    "resourceID": 11215,
    "label": "Miramichi Salmon Conservation Centre",
    "name": "Miramichi Salmon Conservation Centre",
    "street": "477 Route 420",
    "locality": "Miramichi",
    "region": "NB",
    "country": "Canada",
    "postalCode": "E1V4L9",
    "geoJSONStringType": "point",
    "geoJSONString": "[0, 0, 0]",
    "status": "active"
  },
  {
    "ID": 1355,
    "resourceID": 11215,
    "label": "Marine House",
    "name": "Marine House",
    "poBox": "PO Box 1035",
    "locality": "Dartmouth",
    "region": "NS",
    "country": "Canada",
    "postalCode": "B2Y 4T3",
    "geoJSONStringType": "point",
    "geoJSONString": "[0, 0, 0]",
    "status": "active"
  },
  {
    "ID": 1356,
    "resourceID": 11215,
    "label": "Mission Field Office",
    "name": "Mission Field Office",
    "street": "A1-7266 River Place",
    "locality": "Mission",
    "region": "BC",
    "country": "Canada",
    "postalCode": "V4S0A2",
    "geoJSONStringType": "point",
    "geoJSONString": "[0, 0, 0]",
    "status": "active"
  },
  {
    "ID": 1357,
    "resourceID": 11215,
    "label": "Morgan Falls Fishway",
    "name": "Morgan Falls Fishway",
    "street": "1254 Osbourne Road",
    "locality": "New Germany",
    "region": "NS",
    "country": "Canada",
    "postalCode": "B0R1E0",
    "geoJSONStringType": "point",
    "geoJSONString": "[0, 0, 0]",
    "status": "active"
  },
  {
    "ID": 1358,
    "resourceID": 11215,
    "label": "Nanaimo (SEP)",
    "name": "Nanaimo (SEP)",
    "street": "1965 Island Diesel Way",
    "locality": "Nanaimo",
    "region": "BC",
    "country": "Canada",
    "postalCode": "V9S5W8",
    "geoJSONStringType": "point",
    "geoJSONString": "[0, 0, 0]",
    "status": "active"
  },
  {
    "ID": 1359,
    "resourceID": 11215,
    "label": "Nitinat River Hatchery",
    "name": "Nitinat River Hatchery",
    "poBox": "PO Box 369",
    "street": "Nitinat Road",
    "locality": "Port Alberni",
    "region": "BC",
    "country": "Canada",
    "postalCode": "V9Y7M8",
    "geoJSONStringType": "point",
    "geoJSONString": "[0, 0, 0]",
    "status": "active"
  },
  {
    "ID": 1360,
    "resourceID": 11215,
    "label": "PEI Area Office",
    "name": "PEI Area Office",
    "poBox": "PO Box 1236",
    "street": "165 John Yeo Drive",
    "locality": "Charlottetown",
    "region": "PEI",
    "country": "Canada",
    "postalCode": "C1E 3J3",
    "geoJSONStringType": "point",
    "geoJSONString": "[46.277431, -63.149997, 0]",
    "status": "active"
  },
  {
    "ID": 1361,
    "resourceID": 11215,
    "label": "Port Alberni Field Office",
    "name": "Port Alberni Field Office",
    "street": "4706 Tebo Avenue",
    "locality": "Port Alberni",
    "region": "BC",
    "country": "Canada",
    "postalCode": "V9Y8B1",
    "geoJSONStringType": "point",
    "geoJSONString": "[0, 0, 0]",
    "status": "active"
  },
  {
    "ID": 1362,
    "resourceID": 11215,
    "label": "Port Hardy Field Office",
    "name": "Port Hardy Field Office",
    "poBox": "PO Box 10",
    "street": "8585 Wollason Street",
    "locality": "Port Hardy",
    "region": "BC",
    "country": "Canada",
    "postalCode": "V0N2P0",
    "geoJSONStringType": "point",
    "geoJSONString": "[0, 0, 0]",
    "status": "active"
  },
  {
    "ID": 1363,
    "resourceID": 11215,
    "label": "Puntledge River Hatchery",
    "name": "Puntledge River Hatchery",
    "poBox": "PO Box 3111",
    "street": "38 Powerhouse Road",
    "locality": "Courtenay",
    "region": "BC",
    "country": "Canada",
    "postalCode": "V9N9L3",
    "geoJSONStringType": "point",
    "geoJSONString": "[0, 0, 0]",
    "status": "active"
  },
  {
    "ID": 1364,
    "resourceID": 11215,
    "label": "Queen Charlotte City Field Office",
    "name": "Queen Charlotte City Field Office",
    "street": "137 Bay Street",
    "locality": "Queen Charlotte",
    "region": "BC",
    "country": "Canada",
    "postalCode": "V0T1S0",
    "geoJSONStringType": "point",
    "geoJSONString": "[0, 0, 0]",
    "status": "active"
  },
  {
    "ID": 1365,
    "resourceID": 11215,
    "label": "Quinsam River Hatchery",
    "name": "Quinsam River Hatchery",
    "street": "4217 Argonaut Road",
    "locality": "Campbell River",
    "region": "BC",
    "country": "Canada",
    "postalCode": "V9H1P3",
    "geoJSONStringType": "point",
    "geoJSONString": "[0, 0, 0]",
    "status": "active"
  },
  {
    "ID": 1366,
    "resourceID": 11215,
    "label": "Robertson Creek Hatchery",
    "name": "Robertson Creek Hatchery",
    "street": "10333B Central Lake Road",
    "locality": "Port Alberni",
    "region": "BC",
    "country": "Canada",
    "postalCode": "V9Y8Z2",
    "geoJSONStringType": "point",
    "geoJSONString": "[0, 0, 0]",
    "status": "active"
  },
  {
    "ID": 1367,
    "resourceID": 11215,
    "label": "Smithers Field Office",
    "name": "Smithers Field Office",
    "poBox": "PO Box 578",
    "street": "3177 Tatlow Road",
    "locality": "Smithers",
    "region": "BC",
    "country": "Canada",
    "postalCode": "V0J2N0",
    "geoJSONStringType": "point",
    "geoJSONString": "[0, 0, 0]",
    "status": "active"
  },
  {
    "ID": 1368,
    "resourceID": 11215,
    "label": "Snootli Creek Hatchery",
    "name": "Snootli Creek Hatchery",
    "poBox": "PO Box 95",
    "street": "1450 Highway 20",
    "locality": "Bella Coola",
    "region": "BC",
    "country": "Canada",
    "postalCode": "V0T1C0",
    "geoJSONStringType": "point",
    "geoJSONString": "[52.403988, -126.499070, 0]",
    "status": "active"
  },
  {
    "ID": 1369,
    "resourceID": 11215,
    "label": "Spius Creek Hatchery",
    "name": "Spius Creek Hatchery",
    "street": "2857 Prospect Creek Road",
    "locality": "Merritt",
    "region": "BC",
    "country": "Canada",
    "postalCode": "V9K1N8",
    "geoJSONStringType": "point",
    "geoJSONString": "[0, 0, 0]",
    "status": "active"
  },
  {
    "ID": 1370,
    "resourceID": 11215,
    "label": "Squamish Field Office",
    "name": "Squamish Field Office",
    "poBox": "PO Box 2360",
    "street": "1120 Hunter Place",
    "locality": "Squamish",
    "region": "BC",
    "country": "Canada",
    "postalCode": "V0N3G0",
    "geoJSONStringType": "point",
    "geoJSONString": "[0, 0, 0]",
    "status": "active"
  },
  {
    "ID": 1371,
    "resourceID": 11215,
    "label": "Steveston Field Office",
    "name": "Steveston Field Office",
    "street": "12551 No. 1 Road",
    "locality": "Richmond",
    "region": "BC",
    "country": "Canada",
    "postalCode": "V7E1T7",
    "geoJSONStringType": "point",
    "geoJSONString": "[0, 0, 0]",
    "status": "active"
  },
  {
    "ID": 1372,
    "resourceID": 11215,
    "label": "Tenderfoot Creek Hatchery",
    "name": "Tenderfoot Creek Hatchery",
    "poBox": "PO Box 477",
    "street": "1000 Midnight Way",
    "locality": "Brackendale",
    "region": "BC",
    "country": "Canada",
    "postalCode": "V0N1H0",
    "geoJSONStringType": "point",
    "geoJSONString": "[0, 0, 0]",
    "status": "active"
  },
  {
    "ID": 1373,
    "resourceID": 11215,
    "label": "Terrace Field Office",
    "name": "Terrace Field Office",
    "poBox": "PO Box 216",
    "street": "5235A Keith Avenue",
    "locality": "Terrace",
    "region": "BC",
    "country": "Canada",
    "postalCode": "V8G1L2",
    "geoJSONStringType": "point",
    "geoJSONString": "[0, 0, 0]",
    "status": "active"
  },
  {
    "ID": 1374,
    "resourceID": 11215,
    "label": "Vancouver (SEP)",
    "name": "Vancouver (SEP)",
    "street": "2734 Trinity Street",
    "locality": "Vancouver",
    "region": "BC",
    "country": "Canada",
    "postalCode": "V5K3E7",
    "geoJSONStringType": "point",
    "geoJSONString": "[0, 0, 0]",
    "status": "active"
  },
  {
    "ID": 1375,
    "resourceID": 11215,
    "label": "Williams Lake Field Office",
    "name": "Williams Lake Field Office",
    "street": "280C Third Avenue North",
    "locality": "Williams Lake",
    "region": "BC",
    "country": "Canada",
    "postalCode": "V2G4T5",
    "geoJSONStringType": "point",
    "geoJSONString": "[0, 0, 0]",
    "status": "active"
  },
  {
    "ID": 1376,
    "resourceID": 11215,
    "label": "Canada Centre for Insland Waters (Bayfield Institute)",
    "name": "Canada Centre for Insland Waters (Bayfield Institute)",
    "street": "867 Lakeshore Road",
    "locality": "Burlington",
    "region": "ON",
    "country": "Canada",
    "postalCode": "L7S1A1",
    "geoJSONStringType": "point",
    "geoJSONString": "[43.299472, -79.801421, 0]",
    "status": "active"
  },
  {
    "ID": 1377,
    "resourceID": 11215,
    "label": "Freshwater Institute",
    "name": "Freshwater Institute",
    "street": "501 University Crescent",
    "locality": "Winnipeg",
    "region": "MN",
    "country": "Canada",
    "postalCode": "R3T2N6",
    "geoJSONStringType": "point",
    "geoJSONString": "[49.804895, -97.139547, 0]",
    "status": "active"
  },
  {
    "ID": 1378,
    "resourceID": 11215,
    "label": "Sea Lamprey Control Centre",
    "name": "Sea Lamprey Control Centre",
    "street": "1219 Queen Street East",
    "locality": "Sault Ste. Marie",
    "region": "ON",
    "country": "Canada",
    "postalCode": "P6A2E5",
    "geoJSONStringType": "point",
    "geoJSONString": "[46.504060, -84.303345, 0]",
    "status": "active"
  },
  {
    "ID": 1379,
    "resourceID": 11215,
    "label": "HQ",
    "name": "HQ",
    "street": "200 Kent Street",
    "locality": "Ottawa",
    "region": "ON",
    "country": "Canada",
    "postalCode": "K1A0E6",
    "geoJSONStringType": "point",
    "geoJSONString": "[45.417170, -75.701199, 0]",
    "status": "active"
  },
  {
    "ID": 1380,
    "resourceID": 11215,
    "label": "Gulf Fisheries Centre",
    "name": "Gulf Fisheries Centre",
    "street": "343 University Avenue",
    "locality": "Moncton",
    "region": "NB",
    "country": "Canada",
    "postalCode": "E1C9B6",
    "geoJSONStringType": "point",
    "geoJSONString": "[46.098059, -64.785095, 0]",
    "status": "active"
  },
  {
    "ID": 1381,
    "resourceID": 11215,
    "label": "Bedford Institute of Oceanography",
    "name": "Bedford Institute of Oceanography",
    "poBox": "PO Box 1006",
    "street": "1 Challenger Drive",
    "locality": "Dartmouth",
    "region": "NS",
    "country": "Canada",
    "postalCode": "B2Y4A2",
    "geoJSONStringType": "point",
    "geoJSONString": "[44.682988, -63.611398, 0]",
    "status": "active"
  },
  {
    "ID": 1382,
    "resourceID": 11215,
    "label": "Coldbrook Biodiversity Facility",
    "name": "Coldbrook Biodiversity Facility",
    "street": "1420 Fish Hatchery Road, Hwy #1",
    "locality": "Coldbrook",
    "region": "NS",
    "country": "Canada",
    "postalCode": "B4R1B6",
    "geoJSONStringType": "point",
    "geoJSONString": "[45.060542, -64.600959, 0]",
    "status": "active"
  },
  {
    "ID": 1383,
    "resourceID": 11215,
    "label": "Mactaquac Biodiversity Facility",
    "name": "Mactaquac Biodiversity Facility",
    "street": "114 Fish Hatchery Lane",
    "locality": "French Village",
    "region": "NB",
    "country": "Canada",
    "postalCode": "E3E2C6",
    "geoJSONStringType": "point",
    "geoJSONString": "[45.958506, -66.841565, 0]",
    "status": "active"
  },
  {
    "ID": 1384,
    "resourceID": 11215,
    "label": "St. Andrews Biological Station",
    "name": "St. Andrews Biological Station",
    "street": "531 Brandy Cove Road",
    "locality": "St. Andrews",
    "region": "NB",
    "country": "Canada",
    "postalCode": "E5B2L9",
    "geoJSONStringType": "point",
    "geoJSONString": "[45.081951, -67.083831, 0]",
    "status": "active"
  },
  {
    "ID": 1385,
    "resourceID": 11215,
    "label": "Northwest Atlantic Fisheries Centre",
    "name": "Northwest Atlantic Fisheries Centre",
    "poBox": "PO Box 5666",
    "street": "80 East White Hills",
    "locality": "St. John's",
    "region": "NL",
    "country": "Canada",
    "postalCode": "A1C5X1",
    "geoJSONStringType": "point",
    "geoJSONString": "[47.587768, -52.678628, 0]",
    "status": "active"
  },
  {
    "ID": 1386,
    "resourceID": 11215,
    "label": "Institute Maurice Lamontagne",
    "name": "Institute Maurice Lamontagne",
    "street": "850 Route de la Mer",
    "locality": "Mont-Joli",
    "region": "QU",
    "country": "Canada",
    "postalCode": "G5H3Z4",
    "geoJSONStringType": "point",
    "geoJSONString": "[48.640212, -68.155200, 0]",
    "status": "active"
  },
  {
    "ID": 1387,
    "resourceID": 11215,
    "label": "Pacific Biological Station",
    "name": "Pacific Biological Station",
    "street": "3190 Hammond Bay Road",
    "locality": "Nanaimo",
    "region": "BC",
    "country": "Canada",
    "postalCode": "V9T6N7",
    "geoJSONStringType": "point",
    "geoJSONString": "[49.210562, -123.955015, 0]",
    "status": "active"
  },
  {
    "ID": 1388,
    "resourceID": 11215,
    "label": "Simon Fraser University",
    "name": "Simon Fraser University",
    "street": "8888 University Drive",
    "locality": "Burnaby",
    "region": "BC",
    "country": "Canada",
    "postalCode": "V5A1S6",
    "geoJSONStringType": "point",
    "geoJSONString": "[49.272474, -122.915659, 0]",
    "status": "active"
  },
  {
    "ID": 1389,
    "resourceID": 11215,
    "label": "Institute of Ocean Sciences",
    "name": "Institute of Ocean Sciences",
    "street": "9860 West Saanich Road",
    "locality": "Sidney",
    "region": "BC",
    "country": "Canada",
    "postalCode": "V8L4B2",
    "geoJSONStringType": "point",
    "geoJSONString": "[48.650327, -123.449323, 0]",
    "status": "active"
  },
  {
    "ID": 1390,
    "resourceID": 11215,
    "label": "Cultus Lake Salmon Research Laboratory",
    "name": "Cultus Lake Salmon Research Laboratory",
    "street": "4222 Columbia Valley Highway",
    "locality": "Cultus Lake",
    "region": "BC",
    "country": "Canada",
    "postalCode": "V2R5B6",
    "geoJSONStringType": "point",
    "geoJSONString": "[49.078865, -121.978975, 0]",
    "status": "active"
  },
  {
    "ID": 1391,
    "resourceID": 11215,
    "label": "Whitehorse Field Office",
    "name": "Whitehorse Field Office",
    "street": "100 - 419 Range Road",
    "locality": "Whitehorse",
    "region": "YT",
    "country": "Canada",
    "postalCode": "Y1A3V1",
    "geoJSONStringType": "point",
    "geoJSONString": "[7576, -135.088733, 0]",
    "status": "active"
  },
  {
    "ID": 1392,
    "resourceID": 11215,
    "label": "Prince Rupert Field Office",
    "name": "Prince Rupert Field Office",
    "street": "417 2nd Ave West",
    "locality": "Prince Rupert",
    "region": "BC",
    "country": "Canada",
    "postalCode": "V8J1G8",
    "geoJSONStringType": "point",
    "geoJSONString": "[54.313011, -130.325488, 0]",
    "status": "active"
  },
  {
    "ID": 1393,
    "resourceID": 11215,
    "label": "South Coast Area Office",
    "name": "South Coast Area Office",
    "street": "3225 Stephenson Point Road",
    "locality": "Nanaimo",
    "region": "BC",
    "country": "Canada",
    "postalCode": "V9T1K3",
    "geoJSONStringType": "point",
    "geoJSONString": "[49.212698, -123.955094, 0]",
    "status": "active"
  },
  {
    "ID": 1394,
    "resourceID": 11215,
    "label": "Kamloops Field Office",
    "name": "Kamloops Field Office",
    "street": "985 McGill Place",
    "locality": "Kamloops",
    "region": "BC",
    "country": "Canada",
    "postalCode": "V2C6X6",
    "geoJSONStringType": "point",
    "geoJSONString": "[50.668489, -120.373194, 0]",
    "status": "active"
  },
  {
    "ID": 1395,
    "resourceID": 11215,
    "label": "Vancouver (RHQ)",
    "name": "Vancouver (RHQ)",
    "street": "200-401 Burrard Street",
    "locality": "Vancouver",
    "region": "BC",
    "country": "Canada",
    "postalCode": "V6C3S4",
    "geoJSONStringType": "point",
    "geoJSONString": "[49.287088, -123.117589, 0]",
    "status": "active"
  },
  {
    "ID": 1396,
    "resourceID": 11215,
    "label": "Centre for Aquaculture and Environmental Research",
    "name": "Centre for Aquaculture and Environmental Research",
    "street": "4160 Marine Drive",
    "locality": "West Vancouver",
    "region": "BC",
    "country": "Canada",
    "postalCode": "V7V1N6",
    "geoJSONStringType": "point",
    "geoJSONString": "[49.340709, -123.233390, 0]",
    "status": "active"
  },
  {
    "ID": 1397,
    "resourceID": 11215,
    "label": "Annacis Island",
    "name": "Annacis Island",
    "street": "100 Annacis Parkway, Unit 3",
    "locality": "Delta",
    "region": "BC",
    "country": "Canada",
    "postalCode": "V3M6A2",
    "geoJSONStringType": "point",
    "geoJSONString": "[49.193232, -122.919530, 0]",
    "status": "active"
  }
]