[
  {
    "ID": 367,
    "resourceID": 11233,
    "label": "Aboriginal organisations",
    "name": "Aboriginal organisations",
    "status": "active",
    "createdDate": "2018-01-01"
  },
  {
    "ID": 368,
    "resourceID": 11233,
    "label": "Aboriginal organisations  science",
    "name": "Aboriginal organisations  science",
    "status": "active",
    "createdDate": "2018-01-01"
  },
  {
    "ID": 369,
    "resourceID": 11233,
    "label": "Aboriginal Organisations Science",
    "name": "Aboriginal Organisations Science",
    "status": "active",
    "createdDate": "2018-01-01"
  },
  {
    "ID": 370,
    "resourceID": 11233,
    "label": "acoustic tag tech",
    "name": "acoustic tag tech",
    "description": "Vemco VR2W receivers and Vemco V8 transmitters.",
    "status": "active",
    "createdDate": "2018-01-01"
  },
  {
    "ID": 371,
    "resourceID": 11233,
    "label": "acoustic telemetry",
    "name": "acoustic telemetry",
    "status": "active",
    "createdDate": "2018-01-01"
  },
  {
    "ID": 372,
    "resourceID": 11233,
    "label": "acoustics",
    "name": "acoustics",
    "status": "active",
    "createdDate": "2018-01-01"
  },
  {
    "ID": 373,
    "resourceID": 11233,
    "label": "adipose clip",
    "name": "adipose clip",
    "status": "active",
    "createdDate": "2018-01-01"
  },
  {
    "ID": 374,
    "resourceID": 11233,
    "label": "adult enumeration",
    "name": "adult enumeration",
    "status": "active",
    "createdDate": "2018-01-01"
  },
  {
    "ID": 375,
    "resourceID": 11233,
    "label": "adult returns",
    "name": "adult returns",
    "status": "active",
    "createdDate": "2018-01-01"
  },
  {
    "ID": 376,
    "resourceID": 11233,
    "label": "age",
    "name": "age",
    "status": "active",
    "createdDate": "2018-01-01"
  },
  {
    "ID": 377,
    "resourceID": 11233,
    "label": "Alaska",
    "name": "Alaska",
    "status": "active",
    "createdDate": "2018-01-01"
  },
  {
    "ID": 378,
    "resourceID": 11233,
    "label": "angling opportunities",
    "name": "angling opportunities",
    "status": "active",
    "createdDate": "2018-01-01"
  },
  {
    "ID": 379,
    "resourceID": 11233,
    "label": "anthropic stressors",
    "name": "anthropic stressors",
    "status": "active",
    "createdDate": "2018-01-01"
  },
  {
    "ID": 380,
    "resourceID": 11233,
    "label": "aquaculture",
    "name": "aquaculture",
    "status": "active",
    "createdDate": "2018-01-01"
  },
  {
    "ID": 381,
    "resourceID": 11233,
    "label": "Arctic",
    "name": "Arctic",
    "status": "active",
    "createdDate": "2018-01-01"
  },
  {
    "ID": 382,
    "resourceID": 11233,
    "label": "ARIS",
    "name": "ARIS",
    "description": "Adaptive Resolution Imaging Sonar for counting fish passage and estimating behaviour and size distributions of salmon",
    "status": "active",
    "createdDate": "2018-01-01"
  },
  {
    "ID": 383,
    "resourceID": 11233,
    "label": "assessment",
    "name": "assessment",
    "status": "active",
    "createdDate": "2018-01-01"
  },
  {
    "ID": 384,
    "resourceID": 11233,
    "label": "assessment planning",
    "name": "assessment planning",
    "status": "active",
    "createdDate": "2018-01-01"
  },
  {
    "ID": 385,
    "resourceID": 11233,
    "label": "Atlantic salmon",
    "name": "Atlantic salmon",
    "status": "active",
    "createdDate": "2018-01-01"
  },
  {
    "ID": 386,
    "resourceID": 11233,
    "label": "audits",
    "name": "audits",
    "status": "active",
    "createdDate": "2018-01-01"
  },
  {
    "ID": 387,
    "resourceID": 11233,
    "label": "AUV",
    "name": "AUV",
    "description": "autonomous underwater vehicle",
    "status": "active",
    "createdDate": "2018-01-01"
  },
  {
    "ID": 388,
    "resourceID": 11233,
    "label": "behavior",
    "name": "behavior",
    "status": "active",
    "createdDate": "2018-01-01"
  },
  {
    "ID": 389,
    "resourceID": 11233,
    "label": "brood collection",
    "name": "brood collection",
    "status": "active",
    "createdDate": "2018-01-01"
  },
  {
    "ID": 390,
    "resourceID": 11233,
    "label": "broodstock collection",
    "name": "broodstock collection",
    "status": "active",
    "createdDate": "2018-01-01"
  },
  {
    "ID": 391,
    "resourceID": 11233,
    "label": "budgets",
    "name": "budgets",
    "status": "active",
    "createdDate": "2018-01-01"
  },
  {
    "ID": 392,
    "resourceID": 11233,
    "label": "business practices",
    "name": "business practices",
    "status": "active",
    "createdDate": "2018-01-01"
  },
  {
    "ID": 393,
    "resourceID": 11233,
    "label": "catch monitoring",
    "name": "catch monitoring",
    "status": "active",
    "createdDate": "2018-01-01"
  },
  {
    "ID": 394,
    "resourceID": 11233,
    "label": "catch per set",
    "name": "catch per set",
    "status": "active",
    "createdDate": "2018-01-01"
  },
  {
    "ID": 395,
    "resourceID": 11233,
    "label": "catch reporting",
    "name": "catch reporting",
    "status": "active",
    "createdDate": "2018-01-01"
  },
  {
    "ID": 396,
    "resourceID": 11233,
    "label": "catches",
    "name": "catches",
    "description": "catch Monitoring and reporting",
    "status": "active",
    "createdDate": "2018-01-01"
  },
  {
    "ID": 397,
    "resourceID": 11233,
    "label": "CEDP",
    "name": "CEDP",
    "status": "active",
    "createdDate": "2018-01-01"
  },
  {
    "ID": 398,
    "resourceID": 11233,
    "label": "Chinook",
    "name": "Chinook",
    "status": "active",
    "createdDate": "2018-01-01"
  },
  {
    "ID": 399,
    "resourceID": 11233,
    "label": "chum",
    "name": "chum",
    "status": "active",
    "createdDate": "2018-01-01"
  },
  {
    "ID": 400,
    "resourceID": 11233,
    "label": "Chum",
    "name": "Chum",
    "status": "active",
    "createdDate": "2018-01-01"
  },
  {
    "ID": 401,
    "resourceID": 11233,
    "label": "citizen science",
    "name": "citizen science",
    "status": "active",
    "createdDate": "2018-01-01"
  },
  {
    "ID": 402,
    "resourceID": 11233,
    "label": "clients",
    "name": "clients",
    "status": "active",
    "createdDate": "2018-01-01"
  },
  {
    "ID": 403,
    "resourceID": 11233,
    "label": "climate",
    "name": "climate",
    "status": "active",
    "createdDate": "2018-01-01"
  },
  {
    "ID": 404,
    "resourceID": 11233,
    "label": "climate change",
    "name": "climate change",
    "status": "active",
    "createdDate": "2018-01-01"
  },
  {
    "ID": 405,
    "resourceID": 11233,
    "label": "climate effects",
    "name": "climate effects",
    "status": "active",
    "createdDate": "2018-01-01"
  },
  {
    "ID": 406,
    "resourceID": 11233,
    "label": "Coho",
    "name": "Coho",
    "status": "active",
    "createdDate": "2018-01-01"
  },
  {
    "ID": 407,
    "resourceID": 11233,
    "label": "collaboration",
    "name": "collaboration",
    "status": "active",
    "createdDate": "2018-01-01"
  },
  {
    "ID": 408,
    "resourceID": 11233,
    "label": "colonization",
    "name": "colonization",
    "status": "active",
    "createdDate": "2018-01-01"
  },
  {
    "ID": 409,
    "resourceID": 11233,
    "label": "commercial fisheries",
    "name": "commercial fisheries",
    "status": "active",
    "createdDate": "2018-01-01"
  },
  {
    "ID": 410,
    "resourceID": 11233,
    "label": "communication",
    "name": "communication",
    "status": "active",
    "createdDate": "2018-01-01"
  },
  {
    "ID": 411,
    "resourceID": 11233,
    "label": "communications",
    "name": "communications",
    "status": "active",
    "createdDate": "2018-01-01"
  },
  {
    "ID": 412,
    "resourceID": 11233,
    "label": "compliance",
    "name": "compliance",
    "status": "active",
    "createdDate": "2018-01-01"
  },
  {
    "ID": 413,
    "resourceID": 11233,
    "label": "connectivity",
    "name": "connectivity",
    "status": "active",
    "createdDate": "2018-01-01"
  },
  {
    "ID": 414,
    "resourceID": 11233,
    "label": "conservation",
    "name": "conservation",
    "status": "active",
    "createdDate": "2018-01-01"
  },
  {
    "ID": 415,
    "resourceID": 11233,
    "label": "conservation unit",
    "name": "conservation unit",
    "status": "active",
    "createdDate": "2018-01-01"
  },
  {
    "ID": 416,
    "resourceID": 11233,
    "label": "conservation units",
    "name": "conservation units",
    "status": "active",
    "createdDate": "2018-01-01"
  },
  {
    "ID": 417,
    "resourceID": 11233,
    "label": "Conservation Units",
    "name": "Conservation Units",
    "status": "active",
    "createdDate": "2018-01-01"
  },
  {
    "ID": 418,
    "resourceID": 11233,
    "label": "consultation",
    "name": "consultation",
    "status": "active",
    "createdDate": "2018-01-01"
  },
  {
    "ID": 419,
    "resourceID": 11233,
    "label": "cross-sector",
    "name": "cross-sector",
    "status": "active",
    "createdDate": "2018-01-01"
  },
  {
    "ID": 420,
    "resourceID": 11233,
    "label": "cutthroat",
    "name": "cutthroat",
    "status": "active",
    "createdDate": "2018-01-01"
  },
  {
    "ID": 421,
    "resourceID": 11233,
    "label": "CWT",
    "name": "CWT",
    "description": "coded wire tag",
    "status": "active",
    "createdDate": "2018-01-01"
  },
  {
    "ID": 422,
    "resourceID": 11233,
    "label": "cyanobacteria.",
    "name": "cyanobacteria.",
    "status": "active",
    "createdDate": "2018-01-01"
  },
  {
    "ID": 423,
    "resourceID": 11233,
    "label": "dam",
    "name": "dam",
    "status": "active",
    "createdDate": "2018-01-01"
  },
  {
    "ID": 424,
    "resourceID": 11233,
    "label": "data lifecycle",
    "name": "data lifecycle",
    "description": "data lifecycle,plan,process,preserve,publish,share,review,audit",
    "status": "active",
    "createdDate": "2018-01-01"
  },
  {
    "ID": 425,
    "resourceID": 11233,
    "label": "data management",
    "name": "data management",
    "status": "active",
    "createdDate": "2018-01-01"
  },
  {
    "ID": 426,
    "resourceID": 11233,
    "label": "data request",
    "name": "data request",
    "status": "active",
    "createdDate": "2018-01-01"
  },
  {
    "ID": 427,
    "resourceID": 11233,
    "label": "data sharing",
    "name": "data sharing",
    "status": "active",
    "createdDate": "2018-01-01"
  },
  {
    "ID": 428,
    "resourceID": 11233,
    "label": "data standards",
    "name": "data standards",
    "status": "active",
    "createdDate": "2018-01-01"
  },
  {
    "ID": 429,
    "resourceID": 11233,
    "label": "data-limited CU",
    "name": "data-limited CU",
    "description": "conservation units without sufficient data for conventional fisheries management models",
    "status": "active",
    "createdDate": "2018-01-01"
  },
  {
    "ID": 430,
    "resourceID": 11233,
    "label": "density dependence",
    "name": "density dependence",
    "status": "active",
    "createdDate": "2018-01-01"
  },
  {
    "ID": 431,
    "resourceID": 11233,
    "label": "density estimation",
    "name": "density estimation",
    "status": "active",
    "createdDate": "2018-01-01"
  },
  {
    "ID": 432,
    "resourceID": 11233,
    "label": "design outreach models",
    "name": "design outreach models",
    "status": "active",
    "createdDate": "2018-01-01"
  },
  {
    "ID": 433,
    "resourceID": 11233,
    "label": "DFO integration",
    "name": "DFO integration",
    "status": "active",
    "createdDate": "2018-01-01"
  },
  {
    "ID": 434,
    "resourceID": 11233,
    "label": "DFO priorities",
    "name": "DFO priorities",
    "status": "active",
    "createdDate": "2018-01-01"
  },
  {
    "ID": 435,
    "resourceID": 11233,
    "label": "diet",
    "name": "diet",
    "status": "active",
    "createdDate": "2018-01-01"
  },
  {
    "ID": 436,
    "resourceID": 11233,
    "label": "disease",
    "name": "disease",
    "status": "active",
    "createdDate": "2018-01-01"
  },
  {
    "ID": 437,
    "resourceID": 11233,
    "label": "disease risk",
    "name": "disease risk",
    "description": "pathogen transfer risk assessment",
    "status": "active",
    "createdDate": "2018-01-01"
  },
  {
    "ID": 438,
    "resourceID": 11233,
    "label": "distributional shifts",
    "name": "distributional shifts",
    "status": "active",
    "createdDate": "2018-01-01"
  },
  {
    "ID": 439,
    "resourceID": 11233,
    "label": "domestication",
    "name": "domestication",
    "status": "active",
    "createdDate": "2018-01-01"
  },
  {
    "ID": 440,
    "resourceID": 11233,
    "label": "drone mapping",
    "name": "drone mapping",
    "status": "active",
    "createdDate": "2018-01-01"
  },
  {
    "ID": 441,
    "resourceID": 11233,
    "label": "early marine growth",
    "name": "early marine growth",
    "status": "active",
    "createdDate": "2018-01-01"
  },
  {
    "ID": 442,
    "resourceID": 11233,
    "label": "ecosystem model",
    "name": "ecosystem model",
    "status": "active",
    "createdDate": "2018-01-01"
  },
  {
    "ID": 443,
    "resourceID": 11233,
    "label": "egg collection",
    "name": "egg collection",
    "status": "active",
    "createdDate": "2018-01-01"
  },
  {
    "ID": 444,
    "resourceID": 11233,
    "label": "electrofishing",
    "name": "electrofishing",
    "status": "active",
    "createdDate": "2018-01-01"
  },
  {
    "ID": 445,
    "resourceID": 11233,
    "label": "enforcement",
    "name": "enforcement",
    "status": "active",
    "createdDate": "2018-01-01"
  },
  {
    "ID": 446,
    "resourceID": 11233,
    "label": "engagement",
    "name": "engagement",
    "description": "engage with user groups and adapt models using a case study approach",
    "status": "active",
    "createdDate": "2018-01-01"
  },
  {
    "ID": 447,
    "resourceID": 11233,
    "label": "enhancement",
    "name": "enhancement",
    "status": "active",
    "createdDate": "2018-01-01"
  },
  {
    "ID": 448,
    "resourceID": 11233,
    "label": "enumeration",
    "name": "enumeration",
    "status": "active",
    "createdDate": "2018-01-01"
  },
  {
    "ID": 449,
    "resourceID": 11233,
    "label": "escapement",
    "name": "escapement",
    "status": "active",
    "createdDate": "2018-01-01"
  },
  {
    "ID": 450,
    "resourceID": 11233,
    "label": "escapement plans",
    "name": "escapement plans",
    "status": "active",
    "createdDate": "2018-01-01"
  },
  {
    "ID": 451,
    "resourceID": 11233,
    "label": "estuaries",
    "name": "estuaries",
    "status": "active",
    "createdDate": "2018-01-01"
  },
  {
    "ID": 452,
    "resourceID": 11233,
    "label": "fatty acids",
    "name": "fatty acids",
    "status": "active",
    "createdDate": "2018-01-01"
  },
  {
    "ID": 453,
    "resourceID": 11233,
    "label": "First Nations",
    "name": "First Nations",
    "status": "active",
    "createdDate": "2018-01-01"
  },
  {
    "ID": 454,
    "resourceID": 11233,
    "label": "First Nations fisheries",
    "name": "First Nations fisheries",
    "status": "active",
    "createdDate": "2018-01-01"
  },
  {
    "ID": 455,
    "resourceID": 11233,
    "label": "fish fence",
    "name": "fish fence",
    "status": "active",
    "createdDate": "2018-01-01"
  },
  {
    "ID": 456,
    "resourceID": 11233,
    "label": "fish habitat research",
    "name": "fish habitat research",
    "status": "active",
    "createdDate": "2018-01-01"
  },
  {
    "ID": 457,
    "resourceID": 11233,
    "label": "fish passage",
    "name": "fish passage",
    "status": "active",
    "createdDate": "2018-01-01"
  },
  {
    "ID": 458,
    "resourceID": 11233,
    "label": "fish productivity",
    "name": "fish productivity",
    "status": "active",
    "createdDate": "2018-01-01"
  },
  {
    "ID": 459,
    "resourceID": 11233,
    "label": "fish releases or stocking",
    "name": "fish releases or stocking",
    "status": "active",
    "createdDate": "2018-01-01"
  },
  {
    "ID": 460,
    "resourceID": 11233,
    "label": "fish travel time",
    "name": "fish travel time",
    "status": "active",
    "createdDate": "2018-01-01"
  },
  {
    "ID": 461,
    "resourceID": 11233,
    "label": "fish-forestry interactions",
    "name": "fish-forestry interactions",
    "status": "active",
    "createdDate": "2018-01-01"
  },
  {
    "ID": 462,
    "resourceID": 11233,
    "label": "fisheries management",
    "name": "fisheries management",
    "status": "active",
    "createdDate": "2018-01-01"
  },
  {
    "ID": 463,
    "resourceID": 11233,
    "label": "Fisheries monitoring",
    "name": "Fisheries monitoring",
    "status": "active",
    "createdDate": "2018-01-01"
  },
  {
    "ID": 464,
    "resourceID": 11233,
    "label": "fishway",
    "name": "fishway",
    "description": "new fishway or fish passage  facility construction",
    "status": "active",
    "createdDate": "2018-01-01"
  },
  {
    "ID": 465,
    "resourceID": 11233,
    "label": "forecasting",
    "name": "forecasting",
    "status": "active",
    "createdDate": "2018-01-01"
  },
  {
    "ID": 466,
    "resourceID": 11233,
    "label": "freshwater census",
    "name": "freshwater census",
    "description": "censusing adult salmon in pools",
    "status": "active",
    "createdDate": "2018-01-01"
  },
  {
    "ID": 467,
    "resourceID": 11233,
    "label": "freshwater habitat",
    "name": "freshwater habitat",
    "status": "active",
    "createdDate": "2018-01-01"
  },
  {
    "ID": 468,
    "resourceID": 11233,
    "label": "freshwater juvenile abundance",
    "name": "freshwater juvenile abundance",
    "status": "active",
    "createdDate": "2018-01-01"
  },
  {
    "ID": 469,
    "resourceID": 11233,
    "label": "freshwater survival",
    "name": "freshwater survival",
    "status": "active",
    "createdDate": "2018-01-01"
  },
  {
    "ID": 470,
    "resourceID": 11233,
    "label": "FSC",
    "name": "FSC",
    "description": "Food,social,and ceremonial fishery",
    "status": "active",
    "createdDate": "2018-01-01"
  },
  {
    "ID": 471,
    "resourceID": 11233,
    "label": "funding programs",
    "name": "funding programs",
    "status": "active",
    "createdDate": "2018-01-01"
  },
  {
    "ID": 472,
    "resourceID": 11233,
    "label": "genetics",
    "name": "genetics",
    "status": "active",
    "createdDate": "2018-01-01"
  },
  {
    "ID": 473,
    "resourceID": 11233,
    "label": "GIS",
    "name": "GIS",
    "description": "high-resolution georeferenced maps",
    "status": "active",
    "createdDate": "2018-01-01"
  },
  {
    "ID": 474,
    "resourceID": 11233,
    "label": "GMO",
    "name": "GMO",
    "description": "genetically modified organisms",
    "status": "active",
    "createdDate": "2018-01-01"
  },
  {
    "ID": 475,
    "resourceID": 11233,
    "label": "growth",
    "name": "growth",
    "status": "active",
    "createdDate": "2018-01-01"
  },
  {
    "ID": 476,
    "resourceID": 11233,
    "label": "growth indicators",
    "name": "growth indicators",
    "status": "active",
    "createdDate": "2018-01-01"
  },
  {
    "ID": 477,
    "resourceID": 11233,
    "label": "guardian",
    "name": "guardian",
    "status": "active",
    "createdDate": "2018-01-01"
  },
  {
    "ID": 478,
    "resourceID": 11233,
    "label": "guidelines",
    "name": "guidelines",
    "status": "active",
    "createdDate": "2018-01-01"
  },
  {
    "ID": 479,
    "resourceID": 11233,
    "label": "habitat compensation",
    "name": "habitat compensation",
    "status": "active",
    "createdDate": "2018-01-01"
  },
  {
    "ID": 480,
    "resourceID": 11233,
    "label": "habitat features",
    "name": "habitat features",
    "status": "active",
    "createdDate": "2018-01-01"
  },
  {
    "ID": 481,
    "resourceID": 11233,
    "label": "habitat indicators",
    "name": "habitat indicators",
    "status": "active",
    "createdDate": "2018-01-01"
  },
  {
    "ID": 482,
    "resourceID": 11233,
    "label": "habitat management",
    "name": "habitat management",
    "status": "active",
    "createdDate": "2018-01-01"
  },
  {
    "ID": 483,
    "resourceID": 11233,
    "label": "habitat-based benchmarks",
    "name": "habitat-based benchmarks",
    "status": "active",
    "createdDate": "2018-01-01"
  },
  {
    "ID": 484,
    "resourceID": 11233,
    "label": "hatchery",
    "name": "hatchery",
    "status": "active",
    "createdDate": "2018-01-01"
  },
  {
    "ID": 485,
    "resourceID": 11233,
    "label": "hydro-acoustics",
    "name": "hydro-acoustics",
    "status": "active",
    "createdDate": "2018-01-01"
  },
  {
    "ID": 486,
    "resourceID": 11233,
    "label": "hydroacoustics",
    "name": "hydroacoustics",
    "status": "active",
    "createdDate": "2018-01-01"
  },
  {
    "ID": 487,
    "resourceID": 11233,
    "label": "hydroelectric dam",
    "name": "hydroelectric dam",
    "status": "active",
    "createdDate": "2018-01-01"
  },
  {
    "ID": 488,
    "resourceID": 11233,
    "label": "hydroelectric development",
    "name": "hydroelectric development",
    "status": "active",
    "createdDate": "2018-01-01"
  },
  {
    "ID": 489,
    "resourceID": 11233,
    "label": "incubation",
    "name": "incubation",
    "status": "active",
    "createdDate": "2018-01-01"
  },
  {
    "ID": 490,
    "resourceID": 11233,
    "label": "indicator stock",
    "name": "indicator stock",
    "status": "active",
    "createdDate": "2018-01-01"
  },
  {
    "ID": 491,
    "resourceID": 11233,
    "label": "indigenous",
    "name": "indigenous",
    "status": "active",
    "createdDate": "2018-01-01"
  },
  {
    "ID": 492,
    "resourceID": 11233,
    "label": "Indigenous",
    "name": "Indigenous",
    "status": "active",
    "createdDate": "2018-01-01"
  },
  {
    "ID": 493,
    "resourceID": 11233,
    "label": "infectious agents",
    "name": "infectious agents",
    "status": "active",
    "createdDate": "2018-01-01"
  },
  {
    "ID": 494,
    "resourceID": 11233,
    "label": "information management",
    "name": "information management",
    "status": "active",
    "createdDate": "2018-01-01"
  },
  {
    "ID": 495,
    "resourceID": 11233,
    "label": "instream flow",
    "name": "instream flow",
    "status": "active",
    "createdDate": "2018-01-01"
  },
  {
    "ID": 496,
    "resourceID": 11233,
    "label": "Integrated fishery planning",
    "name": "Integrated fishery planning",
    "status": "active",
    "createdDate": "2018-01-01"
  },
  {
    "ID": 497,
    "resourceID": 11233,
    "label": "international",
    "name": "international",
    "status": "active",
    "createdDate": "2018-01-01"
  },
  {
    "ID": 498,
    "resourceID": 11233,
    "label": "international reporting",
    "name": "international reporting",
    "status": "active",
    "createdDate": "2018-01-01"
  },
  {
    "ID": 499,
    "resourceID": 11233,
    "label": "invasive species",
    "name": "invasive species",
    "status": "active",
    "createdDate": "2018-01-01"
  },
  {
    "ID": 500,
    "resourceID": 11233,
    "label": "Juvenile density",
    "name": "Juvenile density",
    "status": "active",
    "createdDate": "2018-01-01"
  },
  {
    "ID": 501,
    "resourceID": 11233,
    "label": "juvenile salmon",
    "name": "juvenile salmon",
    "status": "active",
    "createdDate": "2018-01-01"
  },
  {
    "ID": 502,
    "resourceID": 11233,
    "label": "juvenile sockeye health",
    "name": "juvenile sockeye health",
    "status": "active",
    "createdDate": "2018-01-01"
  },
  {
    "ID": 503,
    "resourceID": 11233,
    "label": "length",
    "name": "length",
    "status": "active",
    "createdDate": "2018-01-01"
  },
  {
    "ID": 504,
    "resourceID": 11233,
    "label": "LEP",
    "name": "LEP",
    "description": "loi sur les espèces en péril",
    "status": "active",
    "createdDate": "2018-01-01"
  },
  {
    "ID": 505,
    "resourceID": 11233,
    "label": "liver",
    "name": "liver",
    "status": "active",
    "createdDate": "2018-01-01"
  },
  {
    "ID": 506,
    "resourceID": 11233,
    "label": "management strategy evaluation",
    "name": "management strategy evaluation",
    "status": "active",
    "createdDate": "2018-01-01"
  },
  {
    "ID": 507,
    "resourceID": 11233,
    "label": "mapping of bottom habitat",
    "name": "mapping of bottom habitat",
    "status": "active",
    "createdDate": "2018-01-01"
  },
  {
    "ID": 508,
    "resourceID": 11233,
    "label": "marine algal toxins",
    "name": "marine algal toxins",
    "status": "active",
    "createdDate": "2018-01-01"
  },
  {
    "ID": 509,
    "resourceID": 11233,
    "label": "marine survival",
    "name": "marine survival",
    "status": "active",
    "createdDate": "2018-01-01"
  },
  {
    "ID": 510,
    "resourceID": 11233,
    "label": "mark recapture",
    "name": "mark recapture",
    "status": "active",
    "createdDate": "2018-01-01"
  },
  {
    "ID": 511,
    "resourceID": 11233,
    "label": "mark-rate",
    "name": "mark-rate",
    "status": "active",
    "createdDate": "2018-01-01"
  },
  {
    "ID": 512,
    "resourceID": 11233,
    "label": "memos",
    "name": "memos",
    "status": "active",
    "createdDate": "2018-01-01"
  },
  {
    "ID": 513,
    "resourceID": 11233,
    "label": "microcystin",
    "name": "microcystin",
    "status": "active",
    "createdDate": "2018-01-01"
  },
  {
    "ID": 514,
    "resourceID": 11233,
    "label": "migration",
    "name": "migration",
    "status": "active",
    "createdDate": "2018-01-01"
  },
  {
    "ID": 515,
    "resourceID": 11233,
    "label": "molecular epidemiology",
    "name": "molecular epidemiology",
    "status": "active",
    "createdDate": "2018-01-01"
  },
  {
    "ID": 516,
    "resourceID": 11233,
    "label": "mortality at sea",
    "name": "mortality at sea",
    "status": "active",
    "createdDate": "2018-01-01"
  },
  {
    "ID": 517,
    "resourceID": 11233,
    "label": "North Pacific",
    "name": "North Pacific",
    "status": "active",
    "createdDate": "2018-01-01"
  },
  {
    "ID": 518,
    "resourceID": 11233,
    "label": "novel organism",
    "name": "novel organism",
    "status": "active",
    "createdDate": "2018-01-01"
  },
  {
    "ID": 519,
    "resourceID": 11233,
    "label": "NPLD",
    "name": "NPLD",
    "description": "net pen liver disease",
    "status": "active",
    "createdDate": "2018-01-01"
  },
  {
    "ID": 520,
    "resourceID": 11233,
    "label": "ocean habitat conditions",
    "name": "ocean habitat conditions",
    "status": "active",
    "createdDate": "2018-01-01"
  },
  {
    "ID": 521,
    "resourceID": 11233,
    "label": "Ocean survival",
    "name": "Ocean survival",
    "status": "active",
    "createdDate": "2018-01-01"
  },
  {
    "ID": 522,
    "resourceID": 11233,
    "label": "offsetting",
    "name": "offsetting",
    "status": "active",
    "createdDate": "2018-01-01"
  },
  {
    "ID": 523,
    "resourceID": 11233,
    "label": "open data",
    "name": "open data",
    "status": "active",
    "createdDate": "2018-01-01"
  },
  {
    "ID": 524,
    "resourceID": 11233,
    "label": "Pacific salmon",
    "name": "Pacific salmon",
    "status": "active",
    "createdDate": "2018-01-01"
  },
  {
    "ID": 525,
    "resourceID": 11233,
    "label": "parasites",
    "name": "parasites",
    "status": "active",
    "createdDate": "2018-01-01"
  },
  {
    "ID": 526,
    "resourceID": 11233,
    "label": "pathogens",
    "name": "pathogens",
    "status": "active",
    "createdDate": "2018-01-01"
  },
  {
    "ID": 527,
    "resourceID": 11233,
    "label": "PCR",
    "name": "PCR",
    "description": "polymerase chain reaction is a technique to enormously multiply one or a few copies of a DNA segment",
    "status": "active",
    "createdDate": "2018-01-01"
  },
  {
    "ID": 528,
    "resourceID": 11233,
    "label": "periodic surveys",
    "name": "periodic surveys",
    "status": "active",
    "createdDate": "2018-01-01"
  },
  {
    "ID": 529,
    "resourceID": 11233,
    "label": "phenology",
    "name": "phenology",
    "status": "active",
    "createdDate": "2018-01-01"
  },
  {
    "ID": 530,
    "resourceID": 11233,
    "label": "phytoplankton",
    "name": "phytoplankton",
    "status": "active",
    "createdDate": "2018-01-01"
  },
  {
    "ID": 531,
    "resourceID": 11233,
    "label": "PIT tag",
    "name": "PIT tag",
    "description": "passive integrated transponder tags aka radio frequency identification tags",
    "status": "active",
    "createdDate": "2018-01-01"
  },
  {
    "ID": 532,
    "resourceID": 11233,
    "label": "PIT tags",
    "name": "PIT tags",
    "status": "active",
    "createdDate": "2018-01-01"
  },
  {
    "ID": 533,
    "resourceID": 11233,
    "label": "plan de gestion",
    "name": "plan de gestion",
    "status": "active",
    "createdDate": "2018-01-01"
  },
  {
    "ID": 534,
    "resourceID": 11233,
    "label": "plankton",
    "name": "plankton",
    "status": "active",
    "createdDate": "2018-01-01"
  },
  {
    "ID": 535,
    "resourceID": 11233,
    "label": "planning",
    "name": "planning",
    "status": "active",
    "createdDate": "2018-01-01"
  },
  {
    "ID": 536,
    "resourceID": 11233,
    "label": "policy",
    "name": "policy",
    "status": "active",
    "createdDate": "2018-01-01"
  },
  {
    "ID": 537,
    "resourceID": 11233,
    "label": "population",
    "name": "population",
    "status": "active",
    "createdDate": "2018-01-01"
  },
  {
    "ID": 538,
    "resourceID": 11233,
    "label": "population structure",
    "name": "population structure",
    "status": "active",
    "createdDate": "2018-01-01"
  },
  {
    "ID": 539,
    "resourceID": 11233,
    "label": "post smolt migrations",
    "name": "post smolt migrations",
    "status": "active",
    "createdDate": "2018-01-01"
  },
  {
    "ID": 540,
    "resourceID": 11233,
    "label": "Predation tagging",
    "name": "Predation tagging",
    "status": "active",
    "createdDate": "2018-01-01"
  },
  {
    "ID": 541,
    "resourceID": 11233,
    "label": "production",
    "name": "production",
    "status": "active",
    "createdDate": "2018-01-01"
  },
  {
    "ID": 542,
    "resourceID": 11233,
    "label": "production planning",
    "name": "production planning",
    "status": "active",
    "createdDate": "2018-01-01"
  },
  {
    "ID": 543,
    "resourceID": 11233,
    "label": "program delivery",
    "name": "program delivery",
    "status": "active",
    "createdDate": "2018-01-01"
  },
  {
    "ID": 544,
    "resourceID": 11233,
    "label": "programme de rétablissement",
    "name": "programme de rétablissement",
    "status": "active",
    "createdDate": "2018-01-01"
  },
  {
    "ID": 545,
    "resourceID": 11233,
    "label": "public viewing of salmon",
    "name": "public viewing of salmon",
    "status": "active",
    "createdDate": "2018-01-01"
  },
  {
    "ID": 546,
    "resourceID": 11233,
    "label": "quota",
    "name": "quota",
    "status": "active",
    "createdDate": "2018-01-01"
  },
  {
    "ID": 547,
    "resourceID": 11233,
    "label": "RAS",
    "name": "RAS",
    "description": "recirculation systems",
    "status": "active",
    "createdDate": "2018-01-01"
  },
  {
    "ID": 548,
    "resourceID": 11233,
    "label": "re-circulation incubation system",
    "name": "re-circulation incubation system",
    "status": "active",
    "createdDate": "2018-01-01"
  },
  {
    "ID": 549,
    "resourceID": 11233,
    "label": "rearing habitat",
    "name": "rearing habitat",
    "description": "mapping and classifying salmon rearing habitat",
    "status": "active",
    "createdDate": "2018-01-01"
  },
  {
    "ID": 550,
    "resourceID": 11233,
    "label": "recovery",
    "name": "recovery",
    "status": "active",
    "createdDate": "2018-01-01"
  },
  {
    "ID": 551,
    "resourceID": 11233,
    "label": "recreational fisheries",
    "name": "recreational fisheries",
    "status": "active",
    "createdDate": "2018-01-01"
  },
  {
    "ID": 552,
    "resourceID": 11233,
    "label": "regional fishery management organizations",
    "name": "regional fishery management organizations",
    "status": "active",
    "createdDate": "2018-01-01"
  },
  {
    "ID": 553,
    "resourceID": 11233,
    "label": "research management",
    "name": "research management",
    "status": "active",
    "createdDate": "2018-01-01"
  },
  {
    "ID": 554,
    "resourceID": 11233,
    "label": "research projects",
    "name": "research projects",
    "status": "active",
    "createdDate": "2018-01-01"
  },
  {
    "ID": 555,
    "resourceID": 11233,
    "label": "restoration",
    "name": "restoration",
    "status": "active",
    "createdDate": "2018-01-01"
  },
  {
    "ID": 556,
    "resourceID": 11233,
    "label": "Risk assessment",
    "name": "Risk assessment",
    "status": "active",
    "createdDate": "2018-01-01"
  },
  {
    "ID": 557,
    "resourceID": 11233,
    "label": "RST",
    "name": "RST",
    "description": "rotary screw trap",
    "status": "active",
    "createdDate": "2018-01-01"
  },
  {
    "ID": 558,
    "resourceID": 11233,
    "label": "run timing",
    "name": "run timing",
    "status": "active",
    "createdDate": "2018-01-01"
  },
  {
    "ID": 559,
    "resourceID": 11233,
    "label": "salmon",
    "name": "salmon",
    "status": "active",
    "createdDate": "2018-01-01"
  },
  {
    "ID": 560,
    "resourceID": 11233,
    "label": "Salmon aquaculture",
    "name": "Salmon aquaculture",
    "status": "active",
    "createdDate": "2018-01-01"
  },
  {
    "ID": 561,
    "resourceID": 11233,
    "label": "Salmon biodata",
    "name": "Salmon biodata",
    "status": "active",
    "createdDate": "2018-01-01"
  },
  {
    "ID": 562,
    "resourceID": 11233,
    "label": "salmon enhancement",
    "name": "salmon enhancement",
    "status": "active",
    "createdDate": "2018-01-01"
  },
  {
    "ID": 563,
    "resourceID": 11233,
    "label": "salmon escapement",
    "name": "salmon escapement",
    "status": "active",
    "createdDate": "2018-01-01"
  },
  {
    "ID": 564,
    "resourceID": 11233,
    "label": "salmon incubation",
    "name": "salmon incubation",
    "status": "active",
    "createdDate": "2018-01-01"
  },
  {
    "ID": 565,
    "resourceID": 11233,
    "label": "salmon interactions",
    "name": "salmon interactions",
    "description": "interactions between farmed,ranched,and wild salmon",
    "status": "active",
    "createdDate": "2018-01-01"
  },
  {
    "ID": 566,
    "resourceID": 11233,
    "label": "salmon production",
    "name": "salmon production",
    "status": "active",
    "createdDate": "2018-01-01"
  },
  {
    "ID": 567,
    "resourceID": 11233,
    "label": "salmon productivity",
    "name": "salmon productivity",
    "status": "active",
    "createdDate": "2018-01-01"
  },
  {
    "ID": 568,
    "resourceID": 11233,
    "label": "salmon status",
    "name": "salmon status",
    "status": "active",
    "createdDate": "2018-01-01"
  },
  {
    "ID": 569,
    "resourceID": 11233,
    "label": "sand and charcoal filtration",
    "name": "sand and charcoal filtration",
    "status": "active",
    "createdDate": "2018-01-01"
  },
  {
    "ID": 570,
    "resourceID": 11233,
    "label": "science advice",
    "name": "science advice",
    "status": "active",
    "createdDate": "2018-01-01"
  },
  {
    "ID": 571,
    "resourceID": 11233,
    "label": "SEP",
    "name": "SEP",
    "description": "salmon enhancement planning",
    "status": "active",
    "createdDate": "2018-01-01"
  },
  {
    "ID": 572,
    "resourceID": 11233,
    "label": "sex ratios",
    "name": "sex ratios",
    "status": "active",
    "createdDate": "2018-01-01"
  },
  {
    "ID": 573,
    "resourceID": 11233,
    "label": "simulation model",
    "name": "simulation model",
    "status": "active",
    "createdDate": "2018-01-01"
  },
  {
    "ID": 574,
    "resourceID": 11233,
    "label": "smolt",
    "name": "smolt",
    "status": "active",
    "createdDate": "2018-01-01"
  },
  {
    "ID": 575,
    "resourceID": 11233,
    "label": "smolt attributes",
    "name": "smolt attributes",
    "status": "active",
    "createdDate": "2018-01-01"
  },
  {
    "ID": 576,
    "resourceID": 11233,
    "label": "smolt outmigration",
    "name": "smolt outmigration",
    "status": "active",
    "createdDate": "2018-01-01"
  },
  {
    "ID": 577,
    "resourceID": 11233,
    "label": "smolt passage",
    "name": "smolt passage",
    "status": "active",
    "createdDate": "2018-01-01"
  },
  {
    "ID": 578,
    "resourceID": 11233,
    "label": "smolt phenology",
    "name": "smolt phenology",
    "status": "active",
    "createdDate": "2018-01-01"
  },
  {
    "ID": 579,
    "resourceID": 11233,
    "label": "Smolts",
    "name": "Smolts",
    "status": "active",
    "createdDate": "2018-01-01"
  },
  {
    "ID": 580,
    "resourceID": 11233,
    "label": "snorkel",
    "name": "snorkel",
    "status": "active",
    "createdDate": "2018-01-01"
  },
  {
    "ID": 581,
    "resourceID": 11233,
    "label": "sockeye",
    "name": "sockeye",
    "status": "active",
    "createdDate": "2018-01-01"
  },
  {
    "ID": 582,
    "resourceID": 11233,
    "label": "Sockeye",
    "name": "Sockeye",
    "status": "active",
    "createdDate": "2018-01-01"
  },
  {
    "ID": 583,
    "resourceID": 11233,
    "label": "SONAR",
    "name": "SONAR",
    "status": "active",
    "createdDate": "2018-01-01"
  },
  {
    "ID": 584,
    "resourceID": 11233,
    "label": "SPATT",
    "name": "SPATT",
    "description": "solid phase adsorption toxin tracking is a monitoring tool that simulates contamination of filter feeding bivalves by hydrophilic phycotoxins such as domoic acid and saxitoxin",
    "status": "active",
    "createdDate": "2018-01-01"
  },
  {
    "ID": 585,
    "resourceID": 11233,
    "label": "spawning  escapement estimates",
    "name": "spawning  escapement estimates",
    "status": "active",
    "createdDate": "2018-01-01"
  },
  {
    "ID": 586,
    "resourceID": 11233,
    "label": "species at risk",
    "name": "species at risk",
    "status": "active",
    "createdDate": "2018-01-01"
  },
  {
    "ID": 587,
    "resourceID": 11233,
    "label": "stable isotopes",
    "name": "stable isotopes",
    "status": "active",
    "createdDate": "2018-01-01"
  },
  {
    "ID": 588,
    "resourceID": 11233,
    "label": "stakeholders",
    "name": "stakeholders",
    "status": "active",
    "createdDate": "2018-01-01"
  },
  {
    "ID": 589,
    "resourceID": 11233,
    "label": "statistics",
    "name": "statistics",
    "status": "active",
    "createdDate": "2018-01-01"
  },
  {
    "ID": 590,
    "resourceID": 11233,
    "label": "status",
    "name": "status",
    "status": "active",
    "createdDate": "2018-01-01"
  },
  {
    "ID": 591,
    "resourceID": 11233,
    "label": "status assessment",
    "name": "status assessment",
    "status": "active",
    "createdDate": "2018-01-01"
  },
  {
    "ID": 592,
    "resourceID": 11233,
    "label": "steelhead",
    "name": "steelhead",
    "status": "active",
    "createdDate": "2018-01-01"
  },
  {
    "ID": 593,
    "resourceID": 11233,
    "label": "stewardship",
    "name": "stewardship",
    "status": "active",
    "createdDate": "2018-01-01"
  },
  {
    "ID": 594,
    "resourceID": 11233,
    "label": "stock assessment",
    "name": "stock assessment",
    "status": "active",
    "createdDate": "2018-01-01"
  },
  {
    "ID": 595,
    "resourceID": 11233,
    "label": "stock enhancement",
    "name": "stock enhancement",
    "status": "active",
    "createdDate": "2018-01-01"
  },
  {
    "ID": 596,
    "resourceID": 11233,
    "label": "stock identification",
    "name": "stock identification",
    "status": "active",
    "createdDate": "2018-01-01"
  },
  {
    "ID": 597,
    "resourceID": 11233,
    "label": "stock-recuit",
    "name": "stock-recuit",
    "status": "active",
    "createdDate": "2018-01-01"
  },
  {
    "ID": 598,
    "resourceID": 11233,
    "label": "stocking",
    "name": "stocking",
    "status": "active",
    "createdDate": "2018-01-01"
  },
  {
    "ID": 599,
    "resourceID": 11233,
    "label": "striped bass",
    "name": "striped bass",
    "status": "active",
    "createdDate": "2018-01-01"
  },
  {
    "ID": 600,
    "resourceID": 11233,
    "label": "supplementation",
    "name": "supplementation",
    "status": "active",
    "createdDate": "2018-01-01"
  },
  {
    "ID": 601,
    "resourceID": 11233,
    "label": "surgery",
    "name": "surgery",
    "status": "active",
    "createdDate": "2018-01-01"
  },
  {
    "ID": 602,
    "resourceID": 11233,
    "label": "survival",
    "name": "survival",
    "status": "active",
    "createdDate": "2018-01-01"
  },
  {
    "ID": 603,
    "resourceID": 11233,
    "label": "survival rate",
    "name": "survival rate",
    "status": "active",
    "createdDate": "2018-01-01"
  },
  {
    "ID": 604,
    "resourceID": 11233,
    "label": "telemetry",
    "name": "telemetry",
    "status": "active",
    "createdDate": "2018-01-01"
  },
  {
    "ID": 605,
    "resourceID": 11233,
    "label": "terminal mark selective fisheries",
    "name": "terminal mark selective fisheries",
    "status": "active",
    "createdDate": "2018-01-01"
  },
  {
    "ID": 606,
    "resourceID": 11233,
    "label": "test fisheries",
    "name": "test fisheries",
    "status": "active",
    "createdDate": "2018-01-01"
  },
  {
    "ID": 607,
    "resourceID": 11233,
    "label": "thermal tolerances",
    "name": "thermal tolerances",
    "status": "active",
    "createdDate": "2018-01-01"
  },
  {
    "ID": 608,
    "resourceID": 11233,
    "label": "thermic refugia",
    "name": "thermic refugia",
    "status": "active",
    "createdDate": "2018-01-01"
  },
  {
    "ID": 609,
    "resourceID": 11233,
    "label": "time series",
    "name": "time series",
    "status": "active",
    "createdDate": "2018-01-01"
  },
  {
    "ID": 610,
    "resourceID": 11233,
    "label": "ultraviolet sterilization",
    "name": "ultraviolet sterilization",
    "status": "active",
    "createdDate": "2018-01-01"
  },
  {
    "ID": 611,
    "resourceID": 11233,
    "label": "upstream migration",
    "name": "upstream migration",
    "status": "active",
    "createdDate": "2018-01-01"
  },
  {
    "ID": 612,
    "resourceID": 11233,
    "label": "VIE",
    "name": "VIE",
    "description": "visual implant elastomer",
    "status": "active",
    "createdDate": "2018-01-01"
  },
  {
    "ID": 613,
    "resourceID": 11233,
    "label": "virus",
    "name": "virus",
    "status": "active",
    "createdDate": "2018-01-01"
  },
  {
    "ID": 614,
    "resourceID": 11233,
    "label": "water quality",
    "name": "water quality",
    "status": "active",
    "createdDate": "2018-01-01"
  },
  {
    "ID": 615,
    "resourceID": 11233,
    "label": "water travel time",
    "name": "water travel time",
    "status": "active",
    "createdDate": "2018-01-01"
  },
  {
    "ID": 616,
    "resourceID": 11233,
    "label": "WSP",
    "name": "WSP",
    "status": "active",
    "createdDate": "2018-01-01"
  },
  {
    "ID": 617,
    "resourceID": 11233,
    "label": "year class strength",
    "name": "year class strength",
    "status": "active",
    "createdDate": "2018-01-01"
  }
]