[
  {
    "ID": 1074,
    "resourceID": 11211,
    "label": "Fisheries and Aquaculture Management Branch, Salmonid Enhancement Program",
    "name": "Fisheries and Aquaculture Management Branch, Salmonid Enhancement Program",
    "organizationtype": "program",
    "status": "active",
    "startDate": "2018-01-01"
  },
  {
    "ID": 1075,
    "resourceID": 11211,
    "label": "Fisheries and Aquaculture Management Branch, Salmonid Enhancement Program,  RRU",
    "name": "Fisheries and Aquaculture Management Branch, Salmonid Enhancement Program,  RRU",
    "organizationtype": "program",
    "status": "active",
    "startDate": "2018-01-01"
  },
  {
    "ID": 1076,
    "resourceID": 11211,
    "label": "Fisheries and Aquaculture Management, South Coast Division, Stock Assessmenet",
    "name": "Fisheries and Aquaculture Management, South Coast Division, Stock Assessmenet",
    "organizationtype": "program",
    "status": "active",
    "startDate": "2018-01-01"
  },
  {
    "ID": 1077,
    "resourceID": 11211,
    "label": "Science Branch/Population Ecology Division/Salmon Section",
    "name": "Science Branch/Population Ecology Division/Salmon Section",
    "organizationtype": "program",
    "status": "active",
    "startDate": "2018-01-01"
  },
  {
    "ID": 1078,
    "resourceID": 11211,
    "label": "Resource Management, South Coast",
    "name": "Resource Management, South Coast",
    "organizationtype": "program",
    "status": "active",
    "startDate": "2018-01-01"
  },
  {
    "ID": 1079,
    "resourceID": 11211,
    "label": "Stock Assessment",
    "name": "Stock Assessment",
    "organizationtype": "program",
    "status": "active",
    "startDate": "2018-01-01"
  },
  {
    "ID": 1080,
    "resourceID": 11211,
    "label": "Science Branch",
    "name": "Science Branch",
    "organizationtype": "program",
    "status": "active",
    "startDate": "2018-01-01"
  },
  {
    "ID": 1081,
    "resourceID": 11211,
    "label": "Fisheries and Aquaculture Management Branch, Fraser and Interior",
    "name": "Fisheries and Aquaculture Management Branch, Fraser and Interior",
    "organizationtype": "program",
    "status": "active",
    "startDate": "2018-01-01"
  },
  {
    "ID": 1082,
    "resourceID": 11211,
    "label": "Policy Branch",
    "name": "Policy Branch",
    "organizationtype": "program",
    "status": "active",
    "startDate": "2018-01-01"
  },
  {
    "ID": 1083,
    "resourceID": 11211,
    "label": "Fisheries and Aquaculture Management Branch, Aboriginal Programs Division",
    "name": "Fisheries and Aquaculture Management Branch, Aboriginal Programs Division",
    "organizationtype": "program",
    "status": "active",
    "startDate": "2018-01-01"
  },
  {
    "ID": 1084,
    "resourceID": 11211,
    "label": "Science Branch,\"Aquatic Resources, Research, and Assessment Division\", Salmon Assessment",
    "name": "Science Branch,\"Aquatic Resources, Research, and Assessment Division\", Salmon Assessment",
    "organizationtype": "program",
    "status": "active",
    "startDate": "2018-01-01"
  },
  {
    "ID": 1085,
    "resourceID": 11211,
    "label": "Fisheries and Aquaculture Management Branch, Conservation and Protection",
    "name": "Fisheries and Aquaculture Management Branch, Conservation and Protection",
    "organizationtype": "program",
    "status": "active",
    "startDate": "2018-01-01"
  },
  {
    "ID": 1086,
    "resourceID": 11211,
    "label": "Fisheries and Aquaculture Management Branch, Salmonid Enhancement Program",
    "name": "Fisheries and Aquaculture Management Branch, Salmonid Enhancement Program",
    "organizationtype": "program",
    "status": "active",
    "startDate": "2018-01-01"
  },
  {
    "ID": 1087,
    "resourceID": 11211,
    "label": "Science Branch, Ecosystem Science Division, Regional Ecosystem Effects on Fish and Fisheries Section",
    "name": "Science Branch, Ecosystem Science Division, Regional Ecosystem Effects on Fish and Fisheries Section",
    "organizationtype": "program",
    "status": "active",
    "startDate": "2018-01-01"
  },
  {
    "ID": 1088,
    "resourceID": 11211,
    "label": "Science Branch, Ecosystem Science Division, Population Ecology",
    "name": "Science Branch, Ecosystem Science Division, Population Ecology",
    "organizationtype": "program",
    "status": "active",
    "startDate": "2018-01-01"
  },
  {
    "ID": 1089,
    "resourceID": 11211,
    "label": "Fisheries and Aquaculture Management Branch",
    "name": "Fisheries and Aquaculture Management Branch",
    "organizationtype": "program",
    "status": "active",
    "startDate": "2018-01-01"
  },
  {
    "ID": 1090,
    "resourceID": 11211,
    "label": "Science Branch, Applied Diagnostics and Genetics Division",
    "name": "Science Branch, Applied Diagnostics and Genetics Division",
    "organizationtype": "program",
    "status": "active",
    "startDate": "2018-01-01"
  },
  {
    "ID": 1091,
    "resourceID": 11211,
    "label": "Fisheries and Aquaculture Management Branch",
    "name": "Fisheries and Aquaculture Management Branch",
    "organizationtype": "program",
    "status": "active",
    "startDate": "2018-01-01"
  },
  {
    "ID": 1092,
    "resourceID": 11211,
    "label": "Fisheries and Aquaculture Management, Interior Fraser, Stock Assessment",
    "name": "Fisheries and Aquaculture Management, Interior Fraser, Stock Assessment",
    "organizationtype": "program",
    "status": "active",
    "startDate": "2018-01-01"
  },
  {
    "ID": 1093,
    "resourceID": 11211,
    "label": "Ecosystems and Fisheries Management",
    "name": "Ecosystems and Fisheries Management",
    "organizationtype": "program",
    "status": "active",
    "startDate": "2018-01-01"
  },
  {
    "ID": 1094,
    "resourceID": 11211,
    "label": "Science Branch/Ecosystems/REEF",
    "name": "Science Branch/Ecosystems/REEF",
    "organizationtype": "program",
    "status": "active",
    "startDate": "2018-01-01"
  },
  {
    "ID": 1095,
    "resourceID": 11211,
    "label": "Science Branch, \"Aquatic Resources, Research, and Assessment Division\", Quantitative Assessment Methods Section",
    "name": "Science Branch, \"Aquatic Resources, Research, and Assessment Division\", Quantitative Assessment Methods Section",
    "organizationtype": "program",
    "status": "active",
    "startDate": "2018-01-01"
  },
  {
    "ID": 1096,
    "resourceID": 11211,
    "label": "Science Branch, Fishery and Assessment Data Section",
    "name": "Science Branch, Fishery and Assessment Data Section",
    "organizationtype": "program",
    "status": "active",
    "startDate": "2018-01-01"
  },
  {
    "ID": 1097,
    "resourceID": 11211,
    "label": "Science Branch, \"Aquatic Resources, Research, and Assessment Division\"",
    "name": "Science Branch, \"Aquatic Resources, Research, and Assessment Division\"",
    "organizationtype": "program",
    "status": "active",
    "startDate": "2018-01-01"
  },
  {
    "ID": 1098,
    "resourceID": 11211,
    "label": "Fisheries and Aquaculture Management,  South Coast Area, Stock Assessment",
    "name": "Fisheries and Aquaculture Management,  South Coast Area, Stock Assessment",
    "organizationtype": "program",
    "status": "active",
    "startDate": "2018-01-01"
  },
  {
    "ID": 1099,
    "resourceID": 11211,
    "label": "Science Branch",
    "name": "Science Branch",
    "organizationtype": "program",
    "status": "active",
    "startDate": "2018-01-01"
  },
  {
    "ID": 1100,
    "resourceID": 11211,
    "label": "Fisheries and Aquaculture Management Branch, Salmonid Enhancement Program, Lower Fraser",
    "name": "Fisheries and Aquaculture Management Branch, Salmonid Enhancement Program, Lower Fraser",
    "organizationtype": "program",
    "status": "active",
    "startDate": "2018-01-01"
  },
  {
    "ID": 1101,
    "resourceID": 11211,
    "label": "Fisheries and Aquaculture Management Branch, Salmonid Enhancement Program, CIP, South Coast Area",
    "name": "Fisheries and Aquaculture Management Branch, Salmonid Enhancement Program, CIP, South Coast Area",
    "organizationtype": "program",
    "status": "active",
    "startDate": "2018-01-01"
  },
  {
    "ID": 1102,
    "resourceID": 11211,
    "label": "Science Branch, Demersal and Benthic Science Branchs",
    "name": "Science Branch, Demersal and Benthic Science Branchs",
    "organizationtype": "program",
    "status": "active",
    "startDate": "2018-01-01"
  },
  {
    "ID": 1103,
    "resourceID": 11211,
    "label": "Fisheries and Aquaculture Management, Aboriginal Programs Division",
    "name": "Fisheries and Aquaculture Management, Aboriginal Programs Division",
    "organizationtype": "program",
    "status": "active",
    "startDate": "2018-01-01"
  },
  {
    "ID": 1104,
    "resourceID": 11211,
    "label": "Science Branch, Fraser StAD, Sockeye",
    "name": "Science Branch, Fraser StAD, Sockeye",
    "organizationtype": "program",
    "status": "active",
    "startDate": "2018-01-01"
  },
  {
    "ID": 1105,
    "resourceID": 11211,
    "label": "Science Branch,",
    "name": "Science Branch,",
    "organizationtype": "program",
    "status": "active",
    "startDate": "2018-01-01"
  },
  {
    "ID": 1106,
    "resourceID": 11211,
    "label": "Ecosystems Management Branch, Salmonid Enhancement",
    "name": "Ecosystems Management Branch, Salmonid Enhancement",
    "organizationtype": "program",
    "status": "active",
    "startDate": "2018-01-01"
  },
  {
    "ID": 1107,
    "resourceID": 11211,
    "label": "Science Branch",
    "name": "Science Branch",
    "organizationtype": "program",
    "status": "active",
    "startDate": "2018-01-01"
  },
  {
    "ID": 1108,
    "resourceID": 11211,
    "label": "Fisheries and Aquaculture Management Branch, Salmonid Enhancement Program, Community Involvement",
    "name": "Fisheries and Aquaculture Management Branch, Salmonid Enhancement Program, Community Involvement",
    "organizationtype": "program",
    "status": "active",
    "startDate": "2018-01-01"
  },
  {
    "ID": 1109,
    "resourceID": 11211,
    "label": "Science Branch, Aquatic Resources Division, Diadromous Section",
    "name": "Science Branch, Aquatic Resources Division, Diadromous Section",
    "organizationtype": "program",
    "status": "active",
    "startDate": "2018-01-01"
  },
  {
    "ID": 1110,
    "resourceID": 11211,
    "label": "Science Branch, Population Ecology",
    "name": "Science Branch, Population Ecology",
    "organizationtype": "program",
    "status": "active",
    "startDate": "2018-01-01"
  },
  {
    "ID": 1111,
    "resourceID": 11211,
    "label": "Fisheries and Aquaculture Management Branch; Salmonid Enhancement Program",
    "name": "Fisheries and Aquaculture Management Branch; Salmonid Enhancement Program",
    "organizationtype": "program",
    "status": "active",
    "startDate": "2018-01-01"
  },
  {
    "ID": 1112,
    "resourceID": 11211,
    "label": "Science Branch, Fraser Sockeye, Stock Assessment",
    "name": "Science Branch, Fraser Sockeye, Stock Assessment",
    "organizationtype": "program",
    "status": "active",
    "startDate": "2018-01-01"
  },
  {
    "ID": 1113,
    "resourceID": 11211,
    "label": "Fisheries Management,  Recreational",
    "name": "Fisheries Management,  Recreational",
    "organizationtype": "program",
    "status": "active",
    "startDate": "2018-01-01"
  },
  {
    "ID": 1114,
    "resourceID": 11211,
    "label": "Science Branch, Salmon Stock Assessment",
    "name": "Science Branch, Salmon Stock Assessment",
    "organizationtype": "program",
    "status": "active",
    "startDate": "2018-01-01"
  },
  {
    "ID": 1115,
    "resourceID": 11211,
    "label": "Fisheries and Aquaculture Management Branch; Salmonid Enhancement Program, Enhancement Operations Division",
    "name": "Fisheries and Aquaculture Management Branch; Salmonid Enhancement Program, Enhancement Operations Division",
    "organizationtype": "program",
    "status": "active",
    "startDate": "2018-01-01"
  },
  {
    "ID": 1116,
    "resourceID": 11211,
    "label": "Science Branch",
    "name": "Science Branch",
    "organizationtype": "program",
    "status": "active",
    "startDate": "2018-01-01"
  },
  {
    "ID": 1117,
    "resourceID": 11211,
    "label": "Fisheries and Aquaculture Management Branch",
    "name": "Fisheries and Aquaculture Management Branch",
    "organizationtype": "program",
    "status": "active",
    "startDate": "2018-01-01"
  },
  {
    "ID": 1118,
    "resourceID": 11211,
    "label": "Fisheries and Aquaculture Management Branch, Salmonid Enhancement Program, South Coast",
    "name": "Fisheries and Aquaculture Management Branch, Salmonid Enhancement Program, South Coast",
    "organizationtype": "program",
    "status": "active",
    "startDate": "2018-01-01"
  },
  {
    "ID": 1119,
    "resourceID": 11211,
    "label": "Science Branch, Oceans and Ecosystems Science Division",
    "name": "Science Branch, Oceans and Ecosystems Science Division",
    "organizationtype": "program",
    "status": "active",
    "startDate": "2018-01-01"
  },
  {
    "ID": 1120,
    "resourceID": 11211,
    "label": "RDG office in partnership with Science sector.",
    "name": "RDG office in partnership with Science sector.",
    "organizationtype": "program",
    "status": "active",
    "startDate": "2018-01-01"
  },
  {
    "ID": 1121,
    "resourceID": 11211,
    "label": "Fisheries and Aquaculture Management Branch, South Coast, Stock Assessment",
    "name": "Fisheries and Aquaculture Management Branch, South Coast, Stock Assessment",
    "organizationtype": "program",
    "status": "active",
    "startDate": "2018-01-01"
  },
  {
    "ID": 1122,
    "resourceID": 11211,
    "label": "Fisheries Management, Resource Management",
    "name": "Fisheries Management, Resource Management",
    "organizationtype": "program",
    "status": "active",
    "startDate": "2018-01-01"
  },
  {
    "ID": 1123,
    "resourceID": 11211,
    "label": "Freshwater Ecosystems",
    "name": "Freshwater Ecosystems",
    "organizationtype": "program",
    "status": "active",
    "startDate": "2018-01-01"
  },
  {
    "ID": 1124,
    "resourceID": 11211,
    "label": "Ecosystems Management",
    "name": "Ecosystems Management",
    "organizationtype": "program",
    "status": "active",
    "startDate": "2018-01-01"
  },
  {
    "ID": 1125,
    "resourceID": 11211,
    "label": "Science Branch",
    "name": "Science Branch",
    "organizationtype": "program",
    "status": "active",
    "startDate": "2018-01-01"
  },
  {
    "ID": 1126,
    "resourceID": 11211,
    "label": "Fisheries and Aquaculture Management Branch",
    "name": "Fisheries and Aquaculture Management Branch",
    "organizationtype": "program",
    "status": "active",
    "startDate": "2018-01-01"
  },
  {
    "ID": 1127,
    "resourceID": 11211,
    "label": "Fisheries and Aquaculture Management Branch, Salmonid Enhancement Program,",
    "name": "Fisheries and Aquaculture Management Branch, Salmonid Enhancement Program,",
    "organizationtype": "program",
    "status": "active",
    "startDate": "2018-01-01"
  },
  {
    "ID": 1128,
    "resourceID": 11211,
    "label": "Fisheries and Aquaculture Management Branch, Salmonid Enhancement Program",
    "name": "Fisheries and Aquaculture Management Branch, Salmonid Enhancement Program",
    "organizationtype": "program",
    "status": "active",
    "startDate": "2018-01-01"
  },
  {
    "ID": 1129,
    "resourceID": 11211,
    "label": "Ecosystem Management Branch, Salmonid Enhancement Program",
    "name": "Ecosystem Management Branch, Salmonid Enhancement Program",
    "organizationtype": "program",
    "status": "active",
    "startDate": "2018-01-01"
  },
  {
    "ID": 1130,
    "resourceID": 11211,
    "label": "Science Branch, Ecosystems",
    "name": "Science Branch, Ecosystems",
    "organizationtype": "program",
    "status": "active",
    "startDate": "2018-01-01"
  },
  {
    "ID": 1131,
    "resourceID": 11211,
    "label": "Science Branch",
    "name": "Science Branch",
    "organizationtype": "program",
    "status": "active",
    "startDate": "2018-01-01"
  },
  {
    "ID": 1132,
    "resourceID": 11211,
    "label": "Resource Management, Fisheries and Aquaculture Management Branch",
    "name": "Resource Management, Fisheries and Aquaculture Management Branch",
    "organizationtype": "program",
    "status": "active",
    "startDate": "2018-01-01"
  },
  {
    "ID": 1133,
    "resourceID": 11211,
    "label": "Science Branch, Salmon Section",
    "name": "Science Branch, Salmon Section",
    "organizationtype": "program",
    "status": "active",
    "startDate": "2018-01-01"
  },
  {
    "ID": 1134,
    "resourceID": 11211,
    "label": "Fisheries and Aquaculture Management Branch, Salmonid Enhancement Program, Operations",
    "name": "Fisheries and Aquaculture Management Branch, Salmonid Enhancement Program, Operations",
    "organizationtype": "program",
    "status": "active",
    "startDate": "2018-01-01"
  },
  {
    "ID": 1135,
    "resourceID": 11211,
    "label": "Ecosystems and Oceans Science, Ecosystems Science, Fish Population Science",
    "name": "Ecosystems and Oceans Science, Ecosystems Science, Fish Population Science",
    "organizationtype": "program",
    "status": "active",
    "startDate": "2018-01-01"
  },
  {
    "ID": 1136,
    "resourceID": 11211,
    "label": "Fisheries and Aquaculture Management Branch, Salmonid Enhancement Program, Planning and Assessment Unit",
    "name": "Fisheries and Aquaculture Management Branch, Salmonid Enhancement Program, Planning and Assessment Unit",
    "organizationtype": "program",
    "status": "active",
    "startDate": "2018-01-01"
  },
  {
    "ID": 1137,
    "resourceID": 11211,
    "label": "Fisheries and Aquaculture Management Branch",
    "name": "Fisheries and Aquaculture Management Branch",
    "organizationtype": "program",
    "status": "active",
    "startDate": "2018-01-01"
  },
  {
    "ID": 1138,
    "resourceID": 11211,
    "label": "Fisheries and Aquaculture Management Branch, Salmonid Enhancement Program, Lower Fraser Area",
    "name": "Fisheries and Aquaculture Management Branch, Salmonid Enhancement Program, Lower Fraser Area",
    "organizationtype": "program",
    "status": "active",
    "startDate": "2018-01-01"
  },
  {
    "ID": 1139,
    "resourceID": 11211,
    "label": "Fisheries and Aquaculture Management Branch, Salmonid Enhancement Program",
    "name": "Fisheries and Aquaculture Management Branch, Salmonid Enhancement Program",
    "organizationtype": "program",
    "status": "active",
    "startDate": "2018-01-01"
  },
  {
    "ID": 1140,
    "resourceID": 11211,
    "label": "Fisheries and Aquaculture Management Branch, Aboriginal Negotiations Division, Policy Analysis and Treaty Support",
    "name": "Fisheries and Aquaculture Management Branch, Aboriginal Negotiations Division, Policy Analysis and Treaty Support",
    "organizationtype": "program",
    "status": "active",
    "startDate": "2018-01-01"
  },
  {
    "ID": 1141,
    "resourceID": 11211,
    "label": "Science Branch, Ecosystems Science Branch Division, Regional Ecosystem Effects on Fish and Fisheries",
    "name": "Science Branch, Ecosystems Science Branch Division, Regional Ecosystem Effects on Fish and Fisheries",
    "organizationtype": "program",
    "status": "active",
    "startDate": "2018-01-01"
  },
  {
    "ID": 1142,
    "resourceID": 11211,
    "label": "FPP, FCSAP",
    "name": "FPP, FCSAP",
    "organizationtype": "program",
    "status": "active",
    "startDate": "2018-01-01"
  },
  {
    "ID": 1143,
    "resourceID": 11211,
    "label": "Fisheries and Aquaculture Management Branch, Yukon-Transboundary Rivers Area",
    "name": "Fisheries and Aquaculture Management Branch, Yukon-Transboundary Rivers Area",
    "organizationtype": "program",
    "status": "active",
    "startDate": "2018-01-01"
  },
  {
    "ID": 1144,
    "resourceID": 11211,
    "label": "Science Branch, \"Aquatic Resources, Research, and Assessment Division\", Ecosystems and Oceans Science",
    "name": "Science Branch, \"Aquatic Resources, Research, and Assessment Division\", Ecosystems and Oceans Science",
    "organizationtype": "program",
    "status": "active",
    "startDate": "2018-01-01"
  },
  {
    "ID": 1145,
    "resourceID": 11211,
    "label": "Science Branch, Ecosystems and Oceans Science",
    "name": "Science Branch, Ecosystems and Oceans Science",
    "organizationtype": "program",
    "status": "active",
    "startDate": "2018-01-01"
  },
  {
    "ID": 1146,
    "resourceID": 11211,
    "label": "Fisheries and Aquaculture Management Branch  Salmon Enhancement Program",
    "name": "Fisheries and Aquaculture Management Branch  Salmon Enhancement Program",
    "organizationtype": "program",
    "status": "active",
    "startDate": "2018-01-01"
  },
  {
    "ID": 1147,
    "resourceID": 11211,
    "label": "Fisheries and Aquaculture Management Branch, Species at Risk Program",
    "name": "Fisheries and Aquaculture Management Branch, Species at Risk Program",
    "organizationtype": "program",
    "status": "active",
    "startDate": "2018-01-01"
  },
  {
    "ID": 1148,
    "resourceID": 11211,
    "label": "Science Branch, Ecosystems Sciences Division, Ecosystem Interactions",
    "name": "Science Branch, Ecosystems Sciences Division, Ecosystem Interactions",
    "organizationtype": "program",
    "status": "active",
    "startDate": "2018-01-01"
  },
  {
    "ID": 1149,
    "resourceID": 11211,
    "label": "Fish Population Science/Ecosystems Science Directorate/Ecosystems and Oceans Science Sector",
    "name": "Fish Population Science/Ecosystems Science Directorate/Ecosystems and Oceans Science Sector",
    "organizationtype": "program",
    "status": "active",
    "startDate": "2018-01-01"
  },
  {
    "ID": 1150,
    "resourceID": 11211,
    "label": "Science Branch, Arctic Aquatic Research Division",
    "name": "Science Branch, Arctic Aquatic Research Division",
    "organizationtype": "program",
    "status": "active",
    "startDate": "2018-01-01"
  },
  {
    "ID": 1151,
    "resourceID": 11211,
    "label": "Science Branch, Environmental Sciences Division",
    "name": "Science Branch, Environmental Sciences Division",
    "organizationtype": "program",
    "status": "active",
    "startDate": "2018-01-01"
  },
  {
    "ID": 1152,
    "resourceID": 11211,
    "label": "Fisheries and Aquaculture Management Branch, Yukon Transboundary River Area",
    "name": "Fisheries and Aquaculture Management Branch, Yukon Transboundary River Area",
    "organizationtype": "program",
    "status": "active",
    "startDate": "2018-01-01"
  },
  {
    "ID": 1153,
    "resourceID": 11211,
    "label": "Science Branch",
    "name": "Science Branch",
    "organizationtype": "program",
    "status": "active",
    "startDate": "2018-01-01"
  },
  {
    "ID": 1154,
    "resourceID": 11211,
    "label": "Fisheries and Aquaculture Management Branch",
    "name": "Fisheries and Aquaculture Management Branch",
    "organizationtype": "program",
    "status": "active",
    "startDate": "2018-01-01"
  },
  {
    "ID": 1155,
    "resourceID": 11211,
    "label": "Fisheries and Aquaculture Management, Aquaculture Management Division,  Aquaculture Environmental Operations",
    "name": "Fisheries and Aquaculture Management, Aquaculture Management Division,  Aquaculture Environmental Operations",
    "organizationtype": "program",
    "status": "active",
    "startDate": "2018-01-01"
  },
  {
    "ID": 1156,
    "resourceID": 11211,
    "label": "Fisheries and Aquaculture Management, South Coast, Resource Management",
    "name": "Fisheries and Aquaculture Management, South Coast, Resource Management",
    "organizationtype": "program",
    "status": "active",
    "startDate": "2018-01-01"
  },
  {
    "ID": 1157,
    "resourceID": 11211,
    "label": "Science Branch, Ecosystem Science Division, Regional Ecosystem Effects on Fish and Fisheries Section",
    "name": "Science Branch, Ecosystem Science Division, Regional Ecosystem Effects on Fish and Fisheries Section",
    "organizationtype": "program",
    "status": "active",
    "startDate": "2018-01-01"
  },
  {
    "ID": 1158,
    "resourceID": 11211,
    "label": "Fisheries and Aquaculture Management Branch, Salmonid Enhancement Program, RRU",
    "name": "Fisheries and Aquaculture Management Branch, Salmonid Enhancement Program, RRU",
    "organizationtype": "program",
    "status": "active",
    "startDate": "2018-01-01"
  },
  {
    "ID": 1159,
    "resourceID": 11211,
    "label": "Science Branch, Applied Diagnostics and Genomics Technology Division, Genetics and Genomics Section",
    "name": "Science Branch, Applied Diagnostics and Genomics Technology Division, Genetics and Genomics Section",
    "organizationtype": "program",
    "status": "active",
    "startDate": "2018-01-01"
  },
  {
    "ID": 1160,
    "resourceID": 11211,
    "label": "Fisheries and Aquaculture Management Division",
    "name": "Fisheries and Aquaculture Management Division",
    "organizationtype": "program",
    "status": "active",
    "startDate": "2018-01-01"
  },
  {
    "ID": 1161,
    "resourceID": 11211,
    "label": "Science Branch, Ecosystems and Oceans Sector",
    "name": "Science Branch, Ecosystems and Oceans Sector",
    "organizationtype": "program",
    "status": "active",
    "startDate": "2018-01-01"
  },
  {
    "ID": 1162,
    "resourceID": 11211,
    "label": "Science Branch, Population Ecology Division",
    "name": "Science Branch, Population Ecology Division",
    "organizationtype": "program",
    "status": "active",
    "startDate": "2018-01-01"
  },
  {
    "ID": 1163,
    "resourceID": 11211,
    "label": "Fisheries and Aquaculture Management Branch, Salmonid Enhancement Program, South Coast Area",
    "name": "Fisheries and Aquaculture Management Branch, Salmonid Enhancement Program, South Coast Area",
    "organizationtype": "program",
    "status": "active",
    "startDate": "2018-01-01"
  },
  {
    "ID": 1164,
    "resourceID": 11211,
    "label": "TAPD, FIA",
    "name": "TAPD, FIA",
    "organizationtype": "program",
    "status": "active",
    "startDate": "2018-01-01"
  },
  {
    "ID": 1165,
    "resourceID": 11211,
    "label": "Fisheries and Aquaculture Management Branch, Coastal Operations",
    "name": "Fisheries and Aquaculture Management Branch, Coastal Operations",
    "organizationtype": "program",
    "status": "active",
    "startDate": "2018-01-01"
  },
  {
    "ID": 1166,
    "resourceID": 11211,
    "label": "Science Branch, Population Ecology Division",
    "name": "Science Branch, Population Ecology Division",
    "organizationtype": "program",
    "status": "active",
    "startDate": "2018-01-01"
  },
  {
    "ID": 1167,
    "resourceID": 11211,
    "label": "Yukon Transboundary River Area",
    "name": "Yukon Transboundary River Area",
    "organizationtype": "program",
    "status": "active",
    "startDate": "2018-01-01"
  },
  {
    "ID": 1168,
    "resourceID": 11211,
    "label": "Science Branch,\"Aquatic Resources, Research, and Assessment Division\", Quantitative Assessment Methods Section",
    "name": "Science Branch,\"Aquatic Resources, Research, and Assessment Division\", Quantitative Assessment Methods Section",
    "organizationtype": "program",
    "status": "active",
    "startDate": "2018-01-01"
  },
  {
    "ID": 1169,
    "resourceID": 11211,
    "label": "Science Branch",
    "name": "Science Branch",
    "organizationtype": "program",
    "status": "active",
    "startDate": "2018-01-01"
  },
  {
    "ID": 1170,
    "resourceID": 11211,
    "label": "Science Branch, Ecosystem Science Division, Regional Ecosystem Effects on Fish and Fisheries Section",
    "name": "Science Branch, Ecosystem Science Division, Regional Ecosystem Effects on Fish and Fisheries Section",
    "organizationtype": "program",
    "status": "active",
    "startDate": "2018-01-01"
  },
  {
    "ID": 1171,
    "resourceID": 11211,
    "label": "North Coast Stock Assessment",
    "name": "North Coast Stock Assessment",
    "organizationtype": "program",
    "status": "active",
    "startDate": "2018-01-01"
  },
  {
    "ID": 1172,
    "resourceID": 11211,
    "label": "Stock assessment",
    "name": "Stock assessment",
    "organizationtype": "program",
    "status": "active",
    "startDate": "2018-01-01"
  },
  {
    "ID": 1173,
    "resourceID": 11211,
    "label": "Fisheries and Aquaculture Management Branch",
    "name": "Fisheries and Aquaculture Management Branch",
    "organizationtype": "program",
    "status": "active",
    "startDate": "2018-01-01"
  },
  {
    "ID": 1174,
    "resourceID": 11211,
    "label": "Science Branch, Ecosystem and Ocean Science Division",
    "name": "Science Branch, Ecosystem and Ocean Science Division",
    "organizationtype": "program",
    "status": "active",
    "startDate": "2018-01-01"
  },
  {
    "ID": 1175,
    "resourceID": 11211,
    "label": "Gestion des ecosystèmes de la division de la gestion des espèces en péril",
    "name": "Gestion des ecosystèmes de la division de la gestion des espèces en péril",
    "organizationtype": "program",
    "status": "active",
    "startDate": "2018-01-01"
  },
  {
    "ID": 1176,
    "resourceID": 11211,
    "label": "Direction des Sciences pélagiques et écosystémiques / Sciences / Région du Québec",
    "name": "Direction des Sciences pélagiques et écosystémiques / Sciences / Région du Québec",
    "organizationtype": "program",
    "status": "active",
    "startDate": "2018-01-01"
  },
  {
    "ID": 1177,
    "resourceID": 11211,
    "label": "Fisheries and Aquaculture Management Branch, Yukon and Transboundary Rivers Area",
    "name": "Fisheries and Aquaculture Management Branch, Yukon and Transboundary Rivers Area",
    "organizationtype": "program",
    "status": "active",
    "startDate": "2018-01-01"
  },
  {
    "ID": 1178,
    "resourceID": 11211,
    "label": "Science Branch, \"Aquatic Resources, Research, and Assessment Division\", Salmon Assessment",
    "name": "Science Branch, \"Aquatic Resources, Research, and Assessment Division\", Salmon Assessment",
    "organizationtype": "program",
    "status": "active",
    "startDate": "2018-01-01"
  },
  {
    "ID": 1179,
    "resourceID": 11211,
    "label": "Fisheries and Aquaculture Management Branch, South Coast Area",
    "name": "Fisheries and Aquaculture Management Branch, South Coast Area",
    "organizationtype": "program",
    "status": "active",
    "startDate": "2018-01-01"
  },
  {
    "ID": 1180,
    "resourceID": 11211,
    "label": "Science Branch, \"Aquatic Resources, Research, and Assessment Division\",  Stock Assessment, Fraser and Interior Area",
    "name": "Science Branch, \"Aquatic Resources, Research, and Assessment Division\",  Stock Assessment, Fraser and Interior Area",
    "organizationtype": "program",
    "status": "active",
    "startDate": "2018-01-01"
  },
  {
    "ID": 1181,
    "resourceID": 11211,
    "label": "Science Branch, \"Aquatic Resources, Research, and Assessment Division\", Quantitative Assessment Methods Section",
    "name": "Science Branch, \"Aquatic Resources, Research, and Assessment Division\", Quantitative Assessment Methods Section",
    "organizationtype": "program",
    "status": "active",
    "startDate": "2018-01-01"
  },
  {
    "ID": 1182,
    "resourceID": 11211,
    "label": "Science Branch, Aquatic Resources, Diadromous",
    "name": "Science Branch, Aquatic Resources, Diadromous",
    "organizationtype": "program",
    "status": "active",
    "startDate": "2018-01-01"
  },
  {
    "ID": 1183,
    "resourceID": 11211,
    "label": "Fisheries and Aquaculture Management Branch, Salmonid Enhancement Program, Coastal Ops",
    "name": "Fisheries and Aquaculture Management Branch, Salmonid Enhancement Program, Coastal Ops",
    "organizationtype": "program",
    "status": "active",
    "startDate": "2018-01-01"
  },
  {
    "ID": 1184,
    "resourceID": 11211,
    "label": "Science Branch, Ecosystem, Freshwater",
    "name": "Science Branch, Ecosystem, Freshwater",
    "organizationtype": "program",
    "status": "active",
    "startDate": "2018-01-01"
  },
  {
    "ID": 1185,
    "resourceID": 11211,
    "label": "Science Branch",
    "name": "Science Branch",
    "organizationtype": "program",
    "status": "active",
    "startDate": "2018-01-01"
  },
  {
    "ID": 1186,
    "resourceID": 11211,
    "label": "Resource Management",
    "name": "Resource Management",
    "organizationtype": "program",
    "status": "active",
    "startDate": "2018-01-01"
  },
  {
    "ID": 1187,
    "resourceID": 11211,
    "label": "Science Branch, Ocean and Ecosystems Division, Salmon",
    "name": "Science Branch, Ocean and Ecosystems Division, Salmon",
    "organizationtype": "program",
    "status": "active",
    "startDate": "2018-01-01"
  },
  {
    "ID": 1188,
    "resourceID": 11211,
    "label": "Fisheries and Aquaculture Management Branch, Salmonid Enhancement Program",
    "name": "Fisheries and Aquaculture Management Branch, Salmonid Enhancement Program",
    "organizationtype": "program",
    "status": "active",
    "startDate": "2018-01-01"
  },
  {
    "ID": 1189,
    "resourceID": 11211,
    "label": "Science Branch, \"Aquatic Resources, Research, and Assessment Division\", Ecosystems and Oceans Science",
    "name": "Science Branch, \"Aquatic Resources, Research, and Assessment Division\", Ecosystems and Oceans Science",
    "organizationtype": "program",
    "status": "active",
    "startDate": "2018-01-01"
  },
  {
    "ID": 1190,
    "resourceID": 11211,
    "label": "Fisheries and Aquaculture Management Branch, Salmonid Enhancement Program",
    "name": "Fisheries and Aquaculture Management Branch, Salmonid Enhancement Program",
    "organizationtype": "program",
    "status": "active",
    "startDate": "2018-01-01"
  },
  {
    "ID": 1191,
    "resourceID": 11211,
    "label": "Science Branch, Aquatic Resources Division, Diadromous Fish Section",
    "name": "Science Branch, Aquatic Resources Division, Diadromous Fish Section",
    "organizationtype": "program",
    "status": "active",
    "startDate": "2018-01-01"
  },
  {
    "ID": 1192,
    "resourceID": 11211,
    "label": "Science Branch",
    "name": "Science Branch",
    "organizationtype": "program",
    "status": "active",
    "startDate": "2018-01-01"
  },
  {
    "ID": 1193,
    "resourceID": 11211,
    "label": "Sciences Directorate, \"Demersal, Pelagic and Ecosystem Division\"",
    "name": "Sciences Directorate, \"Demersal, Pelagic and Ecosystem Division\"",
    "organizationtype": "program",
    "status": "active",
    "startDate": "2018-01-01"
  },
  {
    "ID": 1194,
    "resourceID": 11211,
    "label": "Fisheries and Aquaculture Management, South Coast Area",
    "name": "Fisheries and Aquaculture Management, South Coast Area",
    "organizationtype": "program",
    "status": "active",
    "startDate": "2018-01-01"
  },
  {
    "ID": 1195,
    "resourceID": 11211,
    "label": "Fisheries and Aquaculture Management, North Coast",
    "name": "Fisheries and Aquaculture Management, North Coast",
    "organizationtype": "program",
    "status": "active",
    "startDate": "2018-01-01"
  },
  {
    "ID": 1196,
    "resourceID": 11211,
    "label": "Fisheries and Aquaculture Management Branch, Stock Assessment Division, Yukon Transboundary Rivers Area",
    "name": "Fisheries and Aquaculture Management Branch, Stock Assessment Division, Yukon Transboundary Rivers Area",
    "organizationtype": "program",
    "status": "active",
    "startDate": "2018-01-01"
  },
  {
    "ID": 1197,
    "resourceID": 11211,
    "label": "Fisheries and Aquaculture Management Branch, Salmonid Enhancement Program",
    "name": "Fisheries and Aquaculture Management Branch, Salmonid Enhancement Program",
    "organizationtype": "program",
    "status": "active",
    "startDate": "2018-01-01"
  },
  {
    "ID": 1198,
    "resourceID": 11211,
    "label": "Science Branch, Fraser and Interior Area Stock Assessment",
    "name": "Science Branch, Fraser and Interior Area Stock Assessment",
    "organizationtype": "program",
    "status": "active",
    "startDate": "2018-01-01"
  },
  {
    "ID": 1199,
    "resourceID": 11211,
    "label": "Fisheries and Aquaculture Management Branch, Salmonid Enhancement Program",
    "name": "Fisheries and Aquaculture Management Branch, Salmonid Enhancement Program",
    "organizationtype": "program",
    "status": "active",
    "startDate": "2018-01-01"
  },
  {
    "ID": 1200,
    "resourceID": 11211,
    "label": "Science Branch, \"Aquatic Resources, Research, and Assessment Division\", Salmon Stock Assessment",
    "name": "Science Branch, \"Aquatic Resources, Research, and Assessment Division\", Salmon Stock Assessment",
    "organizationtype": "program",
    "status": "active",
    "startDate": "2018-01-01"
  },
  {
    "ID": 1201,
    "resourceID": 11211,
    "label": "Fisheries and Aquaculture Management Branch, Salmonid Enhancement Program",
    "name": "Fisheries and Aquaculture Management Branch, Salmonid Enhancement Program",
    "organizationtype": "program",
    "status": "active",
    "startDate": "2018-01-01"
  },
  {
    "ID": 1202,
    "resourceID": 11211,
    "label": "Science Branch",
    "name": "Science Branch",
    "organizationtype": "program",
    "status": "active",
    "startDate": "2018-01-01"
  },
  {
    "ID": 1203,
    "resourceID": 11211,
    "label": "Fish Population Science Branch,  Ecosystem Science Directorate,  Ecosystems and Oceans Science Sector",
    "name": "Fish Population Science Branch,  Ecosystem Science Directorate,  Ecosystems and Oceans Science Sector",
    "organizationtype": "program",
    "status": "active",
    "startDate": "2018-01-01"
  },
  {
    "ID": 1204,
    "resourceID": 11211,
    "label": "Fisheries and Aquaculture Management Branch, Salmonid Enhancement Program",
    "name": "Fisheries and Aquaculture Management Branch, Salmonid Enhancement Program",
    "organizationtype": "program",
    "status": "active",
    "startDate": "2018-01-01"
  },
  {
    "ID": 1205,
    "resourceID": 11211,
    "label": "Ecosystems and Fisheries Management, Resource Management",
    "name": "Ecosystems and Fisheries Management, Resource Management",
    "organizationtype": "program",
    "status": "active",
    "startDate": "2018-01-01"
  },
  {
    "ID": 1206,
    "resourceID": 11211,
    "label": "Fisheries and Aquaculture Management Branch, Salmonid Enhancement Program",
    "name": "Fisheries and Aquaculture Management Branch, Salmonid Enhancement Program",
    "organizationtype": "program",
    "status": "active",
    "startDate": "2018-01-01"
  },
  {
    "ID": 1207,
    "resourceID": 11211,
    "label": "Science Branch, \"Aquatic Resources, Research, and Assessment Division\", Quantitative Assessment Methods Section",
    "name": "Science Branch, \"Aquatic Resources, Research, and Assessment Division\", Quantitative Assessment Methods Section",
    "organizationtype": "program",
    "status": "active",
    "startDate": "2018-01-01"
  },
  {
    "ID": 1208,
    "resourceID": 11211,
    "label": "Science Branch, Population Ecology Division, Salmon Section",
    "name": "Science Branch, Population Ecology Division, Salmon Section",
    "organizationtype": "program",
    "status": "active",
    "startDate": "2018-01-01"
  },
  {
    "ID": 1209,
    "resourceID": 11211,
    "label": "Science Branch, Ecosystem Science Division, Regional Ecosystem Effects on Fish and Fisheries Section",
    "name": "Science Branch, Ecosystem Science Division, Regional Ecosystem Effects on Fish and Fisheries Section",
    "organizationtype": "program",
    "status": "active",
    "startDate": "2018-01-01"
  },
  {
    "ID": 1210,
    "resourceID": 11211,
    "label": "Fisheries and Aquaculture Management Branch, Salmonid Enhancement Program",
    "name": "Fisheries and Aquaculture Management Branch, Salmonid Enhancement Program",
    "organizationtype": "program",
    "status": "active",
    "startDate": "2018-01-01"
  },
  {
    "ID": 1211,
    "resourceID": 11211,
    "label": "Fisheries and Aquaculture Management Branch, Salmonid Enhancement Program",
    "name": "Fisheries and Aquaculture Management Branch, Salmonid Enhancement Program",
    "organizationtype": "program",
    "status": "active",
    "startDate": "2018-01-01"
  },
  {
    "ID": 1212,
    "resourceID": 11211,
    "label": "Regional Director General",
    "name": "Regional Director General",
    "organizationtype": "program",
    "status": "active",
    "startDate": "2018-01-01"
  },
  {
    "ID": 1213,
    "resourceID": 11211,
    "label": "Ecosystem Management Branch, Salmonid Enhancement Program",
    "name": "Ecosystem Management Branch, Salmonid Enhancement Program",
    "organizationtype": "program",
    "status": "active",
    "startDate": "2018-01-01"
  },
  {
    "ID": 1214,
    "resourceID": 11211,
    "label": "Science Branch, Ecosystem Science Division",
    "name": "Science Branch, Ecosystem Science Division",
    "organizationtype": "program",
    "status": "active",
    "startDate": "2018-01-01"
  },
  {
    "ID": 1215,
    "resourceID": 11211,
    "label": "Science Branch, Diadromous",
    "name": "Science Branch, Diadromous",
    "organizationtype": "program",
    "status": "active",
    "startDate": "2018-01-01"
  },
  {
    "ID": 1216,
    "resourceID": 11211,
    "label": "Fisheries and Aquaculture Management Branch, Yukon Transboundary Rivers Area, Stock Assessment Division",
    "name": "Fisheries and Aquaculture Management Branch, Yukon Transboundary Rivers Area, Stock Assessment Division",
    "organizationtype": "program",
    "status": "active",
    "startDate": "2018-01-01"
  },
  {
    "ID": 1217,
    "resourceID": 11211,
    "label": "Fisheries and Aquaculture Management Branch, Yukon Transboundary Rivers Area",
    "name": "Fisheries and Aquaculture Management Branch, Yukon Transboundary Rivers Area",
    "organizationtype": "program",
    "status": "active",
    "startDate": "2018-01-01"
  },
  {
    "ID": 1218,
    "resourceID": 11211,
    "label": "Science Branch",
    "name": "Science Branch",
    "organizationtype": "program",
    "status": "active",
    "startDate": "2018-01-01"
  },
  {
    "ID": 1219,
    "resourceID": 11211,
    "label": "Science Branch, Coastal Ecosystem Science Division",
    "name": "Science Branch, Coastal Ecosystem Science Division",
    "organizationtype": "program",
    "status": "active",
    "startDate": "2018-01-01"
  },
  {
    "ID": 1220,
    "resourceID": 11211,
    "label": "Science Branch",
    "name": "Science Branch",
    "organizationtype": "program",
    "status": "active",
    "startDate": "2018-01-01"
  },
  {
    "ID": 1221,
    "resourceID": 11211,
    "label": "Science Branch, Basin and Coastal Scale Interactions group at Nanaimo",
    "name": "Science Branch, Basin and Coastal Scale Interactions group at Nanaimo",
    "organizationtype": "program",
    "status": "active",
    "startDate": "2018-01-01"
  },
  {
    "ID": 1222,
    "resourceID": 11211,
    "label": "Fisheries and Aquaculture Management Branch",
    "name": "Fisheries and Aquaculture Management Branch",
    "organizationtype": "program",
    "status": "active",
    "startDate": "2018-01-01"
  },
  {
    "ID": 1223,
    "resourceID": 11211,
    "label": "Science Branch, Ecosystem Division",
    "name": "Science Branch, Ecosystem Division",
    "organizationtype": "program",
    "status": "active",
    "startDate": "2018-01-01"
  },
  {
    "ID": 1224,
    "resourceID": 11211,
    "label": "Science Branch, Stock Assessment, Sockeye",
    "name": "Science Branch, Stock Assessment, Sockeye",
    "organizationtype": "program",
    "status": "active",
    "startDate": "2018-01-01"
  },
  {
    "ID": 1225,
    "resourceID": 11211,
    "label": "Science Branch, \"Aquatic Resources, Research, and Assessment Division\",  Fraser and Interior Area",
    "name": "Science Branch, \"Aquatic Resources, Research, and Assessment Division\",  Fraser and Interior Area",
    "organizationtype": "program",
    "status": "active",
    "startDate": "2018-01-01"
  },
  {
    "ID": 1226,
    "resourceID": 11211,
    "label": "Science Branch, Ecosystem and Fisheries Management, Yukon Transboundary Rivers Area",
    "name": "Science Branch, Ecosystem and Fisheries Management, Yukon Transboundary Rivers Area",
    "organizationtype": "program",
    "status": "active",
    "startDate": "2018-01-01"
  },
  {
    "ID": 1227,
    "resourceID": 11211,
    "label": "Fisheries and Aquaculture Management, South Coast Area",
    "name": "Fisheries and Aquaculture Management, South Coast Area",
    "organizationtype": "program",
    "status": "active",
    "startDate": "2018-01-01"
  },
  {
    "ID": 1228,
    "resourceID": 11211,
    "label": "Pacific",
    "name": "Pacific",
    "organizationtype": "program",
    "status": "active",
    "startDate": "2018-01-01"
  },
  {
    "ID": 1229,
    "resourceID": 11211,
    "label": "HQ",
    "name": "HQ",
    "organizationtype": "program",
    "status": "active",
    "startDate": "2018-01-01"
  },
  {
    "ID": 1230,
    "resourceID": 11211,
    "label": "Maritimes",
    "name": "Maritimes",
    "organizationtype": "program",
    "status": "active",
    "startDate": "2018-01-01"
  },
  {
    "ID": 1231,
    "resourceID": 11211,
    "label": "Quebec",
    "name": "Quebec",
    "organizationtype": "program",
    "status": "active",
    "startDate": "2018-01-01"
  },
  {
    "ID": 1232,
    "resourceID": 11211,
    "label": "Newfoundland",
    "name": "Newfoundland",
    "organizationtype": "program",
    "status": "active",
    "startDate": "2018-01-01"
  },
  {
    "ID": 1233,
    "resourceID": 11211,
    "label": "Gulf",
    "name": "Gulf",
    "organizationtype": "program",
    "status": "active",
    "startDate": "2018-01-01"
  },
  {
    "ID": 1234,
    "resourceID": 11211,
    "label": "Central and Arctic",
    "name": "Central and Arctic",
    "organizationtype": "program",
    "status": "active",
    "startDate": "2018-01-01"
  }
]