[
  {
    "ID": 1,
    "resourceID": 11210,
    "label": "Aaron Burgoyne",
    "namestring": "Aaron Burgoyne",
    "firstnamesorinitials": "Aaron",
    "familyname": "Burgoyne",
    "status": "active",
    "startdate": "2018-01-01"
  },
  {
    "ID": 2,
    "resourceID": 11210,
    "label": "Adam Bruno",
    "namestring": "Adam Bruno",
    "firstnamesorinitials": "Adam",
    "familyname": "Bruno",
    "status": "active",
    "startdate": "2018-01-01"
  },
  {
    "ID": 3,
    "resourceID": 11210,
    "label": "Adam Burns",
    "namestring": "Adam Burns",
    "firstnamesorinitials": "Adam",
    "familyname": "Burns",
    "status": "active",
    "startdate": "2018-01-01"
  },
  {
    "ID": 4,
    "resourceID": 11210,
    "label": "Adam Silverstein",
    "namestring": "Adam Silverstein",
    "firstnamesorinitials": "Adam",
    "familyname": "Silverstein",
    "status": "active",
    "startdate": "2018-01-01"
  },
  {
    "ID": 5,
    "resourceID": 11210,
    "label": "Adena Peters",
    "namestring": "Adena Peters",
    "firstnamesorinitials": "Adena",
    "familyname": "Peters",
    "status": "active",
    "startdate": "2018-01-01"
  },
  {
    "ID": 6,
    "resourceID": 11210,
    "label": "Al Jonsson",
    "namestring": "Al Jonsson",
    "firstnamesorinitials": "Al",
    "familyname": "Jonsson",
    "status": "active",
    "startdate": "2018-01-01"
  },
  {
    "ID": 7,
    "resourceID": 11210,
    "label": "Alanna MacFarlane",
    "namestring": "Alanna MacFarlane",
    "firstnamesorinitials": "Alanna",
    "familyname": "MacFarlane",
    "status": "active",
    "startdate": "2018-01-01"
  },
  {
    "ID": 8,
    "resourceID": 11210,
    "label": "Aleta Rushton",
    "namestring": "Aleta Rushton",
    "firstnamesorinitials": "Aleta",
    "familyname": "Rushton",
    "status": "active",
    "startdate": "2018-01-01"
  },
  {
    "ID": 9,
    "resourceID": 11210,
    "label": "Alex Levy",
    "namestring": "Alex Levy",
    "firstnamesorinitials": "Alex",
    "familyname": "Levy",
    "status": "active",
    "startdate": "2018-01-01"
  },
  {
    "ID": 10,
    "resourceID": 11210,
    "label": "Alfred Lavallee",
    "namestring": "Alfred Lavallee",
    "firstnamesorinitials": "Alfred",
    "familyname": "Lavallee",
    "status": "active",
    "startdate": "2018-01-01"
  },
  {
    "ID": 11,
    "resourceID": 11210,
    "label": "Allison Webb",
    "namestring": "Allison Webb",
    "firstnamesorinitials": "Allison",
    "familyname": "Webb",
    "status": "active",
    "startdate": "2018-01-01"
  },
  {
    "ID": 12,
    "resourceID": 11210,
    "label": "Amanda Metz",
    "namestring": "Amanda Metz",
    "firstnamesorinitials": "Amanda",
    "familyname": "Metz",
    "status": "active",
    "startdate": "2018-01-01"
  },
  {
    "ID": 13,
    "resourceID": 11210,
    "label": "Andrea Goruk",
    "namestring": "Andrea Goruk",
    "firstnamesorinitials": "Andrea",
    "familyname": "Goruk",
    "status": "active",
    "startdate": "2018-01-01"
  },
  {
    "ID": 14,
    "resourceID": 11210,
    "label": "Andrew Campbell",
    "namestring": "Andrew Campbell",
    "firstnamesorinitials": "Andrew",
    "familyname": "Campbell",
    "status": "active",
    "startdate": "2018-01-01"
  },
  {
    "ID": 15,
    "resourceID": 11210,
    "label": "Andrew Grant",
    "namestring": "Andrew Grant",
    "firstnamesorinitials": "Andrew",
    "familyname": "Grant",
    "status": "active",
    "startdate": "2018-01-01"
  },
  {
    "ID": 16,
    "resourceID": 11210,
    "label": "Andrew MacDonald",
    "namestring": "Andrew MacDonald",
    "firstnamesorinitials": "Andrew",
    "familyname": "MacDonald",
    "status": "active",
    "startdate": "2018-01-01"
  },
  {
    "ID": 17,
    "resourceID": 11210,
    "label": "Andrew Pereboom",
    "namestring": "Andrew Pereboom",
    "firstnamesorinitials": "Andrew",
    "familyname": "Pereboom",
    "status": "active",
    "startdate": "2018-01-01"
  },
  {
    "ID": 18,
    "resourceID": 11210,
    "label": "Andrew Smith",
    "namestring": "Andrew Smith",
    "firstnamesorinitials": "Andrew",
    "familyname": "Smith",
    "status": "active",
    "startdate": "2018-01-01"
  },
  {
    "ID": 19,
    "resourceID": 11210,
    "label": "Andrew Thomson",
    "namestring": "Andrew Thomson",
    "firstnamesorinitials": "Andrew",
    "familyname": "Thomson",
    "status": "active",
    "startdate": "2018-01-01"
  },
  {
    "ID": 20,
    "resourceID": 11210,
    "label": "Andy Carlick",
    "namestring": "Andy Carlick",
    "firstnamesorinitials": "Andy",
    "familyname": "Carlick",
    "status": "active",
    "startdate": "2018-01-01"
  },
  {
    "ID": 21,
    "resourceID": 11210,
    "label": "Andy Lewis",
    "namestring": "Andy Lewis",
    "firstnamesorinitials": "Andy",
    "familyname": "Lewis",
    "status": "active",
    "startdate": "2018-01-01"
  },
  {
    "ID": 22,
    "resourceID": 11210,
    "label": "Angela Bate",
    "namestring": "Angela Bate",
    "firstnamesorinitials": "Angela",
    "familyname": "Bate",
    "status": "active",
    "startdate": "2018-01-01"
  },
  {
    "ID": 23,
    "resourceID": 11210,
    "label": "Angela Stadel",
    "namestring": "Angela Stadel",
    "firstnamesorinitials": "Angela",
    "familyname": "Stadel",
    "status": "active",
    "startdate": "2018-01-01"
  },
  {
    "ID": 24,
    "resourceID": 11210,
    "label": "Ann Susnik",
    "namestring": "Ann Susnik",
    "firstnamesorinitials": "Ann",
    "familyname": "Susnik",
    "status": "active",
    "startdate": "2018-01-01"
  },
  {
    "ID": 25,
    "resourceID": 11210,
    "label": "Ann-Marie Huang",
    "namestring": "Ann-Marie Huang",
    "firstnamesorinitials": "Ann-Marie",
    "familyname": "Huang",
    "status": "active",
    "startdate": "2018-01-01"
  },
  {
    "ID": 26,
    "resourceID": 11210,
    "label": "Anna MacDonnell",
    "namestring": "Anna MacDonnell",
    "firstnamesorinitials": "Anna",
    "familyname": "MacDonnell",
    "status": "active",
    "startdate": "2018-01-01"
  },
  {
    "ID": 27,
    "resourceID": 11210,
    "label": "Antonio Velez-Espino",
    "namestring": "Antonio Velez-Espino",
    "firstnamesorinitials": "Antonio",
    "familyname": "Velez-Espino",
    "status": "active",
    "startdate": "2018-01-01"
  },
  {
    "ID": 28,
    "resourceID": 11210,
    "label": "Art Demsky",
    "namestring": "Art Demsky",
    "firstnamesorinitials": "Art",
    "familyname": "Demsky",
    "status": "active",
    "startdate": "2018-01-01"
  },
  {
    "ID": 29,
    "resourceID": 11210,
    "label": "Ashley Uittenbogaard",
    "namestring": "Ashley Uittenbogaard",
    "firstnamesorinitials": "Ashley",
    "familyname": "Uittenbogaard",
    "status": "active",
    "startdate": "2018-01-01"
  },
  {
    "ID": 30,
    "resourceID": 11210,
    "label": "Athena Ogden",
    "namestring": "Athena Ogden",
    "firstnamesorinitials": "Athena",
    "familyname": "Ogden",
    "status": "active",
    "startdate": "2018-01-01"
  },
  {
    "ID": 31,
    "resourceID": 11210,
    "label": "Averil Lamont",
    "namestring": "Averil Lamont",
    "firstnamesorinitials": "Averil",
    "familyname": "Lamont",
    "status": "active",
    "startdate": "2018-01-01"
  },
  {
    "ID": 32,
    "resourceID": 11210,
    "label": "Barbara Mueller",
    "namestring": "Barbara Mueller",
    "firstnamesorinitials": "Barbara",
    "familyname": "Mueller",
    "status": "active",
    "startdate": "2018-01-01"
  },
  {
    "ID": 33,
    "resourceID": 11210,
    "label": "Barry Finnegan",
    "namestring": "Barry Finnegan",
    "firstnamesorinitials": "Barry",
    "familyname": "Finnegan",
    "status": "active",
    "startdate": "2018-01-01"
  },
  {
    "ID": 34,
    "resourceID": 11210,
    "label": "Becky Graham",
    "namestring": "Becky Graham",
    "firstnamesorinitials": "Becky",
    "familyname": "Graham",
    "status": "active",
    "startdate": "2018-01-01"
  },
  {
    "ID": 35,
    "resourceID": 11210,
    "label": "Beth Lenentine",
    "namestring": "Beth Lenentine",
    "firstnamesorinitials": "Beth",
    "familyname": "Lenentine",
    "status": "active",
    "startdate": "2018-01-01"
  },
  {
    "ID": 36,
    "resourceID": 11210,
    "label": "Beth Pechter",
    "namestring": "Beth Pechter",
    "firstnamesorinitials": "Beth",
    "familyname": "Pechter",
    "status": "active",
    "startdate": "2018-01-01"
  },
  {
    "ID": 37,
    "resourceID": 11210,
    "label": "Bhagwant Sandhu",
    "namestring": "Bhagwant Sandhu",
    "firstnamesorinitials": "Bhagwant",
    "familyname": "Sandhu",
    "status": "active",
    "startdate": "2018-01-01"
  },
  {
    "ID": 38,
    "resourceID": 11210,
    "label": "Bill Waugh",
    "namestring": "Bill Waugh",
    "firstnamesorinitials": "Bill",
    "familyname": "Waugh",
    "status": "active",
    "startdate": "2018-01-01"
  },
  {
    "ID": 39,
    "resourceID": 11210,
    "label": "Bob Devlin",
    "namestring": "Bob Devlin",
    "firstnamesorinitials": "Bob",
    "familyname": "Devlin",
    "status": "active",
    "startdate": "2018-01-01"
  },
  {
    "ID": 40,
    "resourceID": 11210,
    "label": "Bob Stanton",
    "namestring": "Bob Stanton",
    "firstnamesorinitials": "Bob",
    "familyname": "Stanton",
    "status": "active",
    "startdate": "2018-01-01"
  },
  {
    "ID": 41,
    "resourceID": 11210,
    "label": "Bonnie Antcliffe",
    "namestring": "Bonnie Antcliffe",
    "firstnamesorinitials": "Bonnie",
    "familyname": "Antcliffe",
    "status": "active",
    "startdate": "2018-01-01"
  },
  {
    "ID": 42,
    "resourceID": 11210,
    "label": "Brad Beaith",
    "namestring": "Brad Beaith",
    "firstnamesorinitials": "Brad",
    "familyname": "Beaith",
    "status": "active",
    "startdate": "2018-01-01"
  },
  {
    "ID": 43,
    "resourceID": 11210,
    "label": "Brad Fanos",
    "namestring": "Brad Fanos",
    "firstnamesorinitials": "Brad",
    "familyname": "Fanos",
    "status": "active",
    "startdate": "2018-01-01"
  },
  {
    "ID": 44,
    "resourceID": 11210,
    "label": "Brad Wattie",
    "namestring": "Brad Wattie",
    "firstnamesorinitials": "Brad",
    "familyname": "Wattie",
    "status": "active",
    "startdate": "2018-01-01"
  },
  {
    "ID": 45,
    "resourceID": 11210,
    "label": "Bradley Koroluk",
    "namestring": "Bradley Koroluk",
    "firstnamesorinitials": "Bradley",
    "familyname": "Koroluk",
    "status": "active",
    "startdate": "2018-01-01"
  },
  {
    "ID": 46,
    "resourceID": 11210,
    "label": "Brenda Ridgway",
    "namestring": "Brenda Ridgway",
    "firstnamesorinitials": "Brenda",
    "familyname": "Ridgway",
    "status": "active",
    "startdate": "2018-01-01"
  },
  {
    "ID": 47,
    "resourceID": 11210,
    "label": "Brenda Wright",
    "namestring": "Brenda Wright",
    "firstnamesorinitials": "Brenda",
    "familyname": "Wright",
    "status": "active",
    "startdate": "2018-01-01"
  },
  {
    "ID": 48,
    "resourceID": 11210,
    "label": "Brian Dempson",
    "namestring": "Brian Dempson",
    "firstnamesorinitials": "Brian",
    "familyname": "Dempson",
    "status": "active",
    "startdate": "2018-01-01"
  },
  {
    "ID": 49,
    "resourceID": 11210,
    "label": "Brian Leaf",
    "namestring": "Brian Leaf",
    "firstnamesorinitials": "Brian",
    "familyname": "Leaf",
    "status": "active",
    "startdate": "2018-01-01"
  },
  {
    "ID": 50,
    "resourceID": 11210,
    "label": "Brian Matts",
    "namestring": "Brian Matts",
    "firstnamesorinitials": "Brian",
    "familyname": "Matts",
    "status": "active",
    "startdate": "2018-01-01"
  },
  {
    "ID": 51,
    "resourceID": 11210,
    "label": "Brian Polchies",
    "namestring": "Brian Polchies",
    "firstnamesorinitials": "Brian",
    "familyname": "Polchies",
    "status": "active",
    "startdate": "2018-01-01"
  },
  {
    "ID": 52,
    "resourceID": 11210,
    "label": "Brittany Jenewein",
    "namestring": "Brittany Jenewein",
    "firstnamesorinitials": "Brittany",
    "familyname": "Jenewein",
    "status": "active",
    "startdate": "2018-01-01"
  },
  {
    "ID": 53,
    "resourceID": 11210,
    "label": "Bronwyn MacDonald",
    "namestring": "Bronwyn MacDonald",
    "firstnamesorinitials": "Bronwyn",
    "familyname": "MacDonald",
    "status": "active",
    "startdate": "2018-01-01"
  },
  {
    "ID": 54,
    "resourceID": 11210,
    "label": "Brooke Davis",
    "namestring": "Brooke Davis",
    "firstnamesorinitials": "Brooke",
    "familyname": "Davis",
    "status": "active",
    "startdate": "2018-01-01"
  },
  {
    "ID": 55,
    "resourceID": 11210,
    "label": "Bruce Baxter",
    "namestring": "Bruce Baxter",
    "firstnamesorinitials": "Bruce",
    "familyname": "Baxter",
    "status": "active",
    "startdate": "2018-01-01"
  },
  {
    "ID": 56,
    "resourceID": 11210,
    "label": "Bruce Patten",
    "namestring": "Bruce Patten",
    "firstnamesorinitials": "Bruce",
    "familyname": "Patten",
    "status": "active",
    "startdate": "2018-01-01"
  },
  {
    "ID": 57,
    "resourceID": 11210,
    "label": "Bruce Whitehead",
    "namestring": "Bruce Whitehead",
    "firstnamesorinitials": "Bruce",
    "familyname": "Whitehead",
    "status": "active",
    "startdate": "2018-01-01"
  },
  {
    "ID": 58,
    "resourceID": 11210,
    "label": "Bryan Rusch",
    "namestring": "Bryan Rusch",
    "firstnamesorinitials": "Bryan",
    "familyname": "Rusch",
    "status": "active",
    "startdate": "2018-01-01"
  },
  {
    "ID": 59,
    "resourceID": 11210,
    "label": "Carlos Martinez",
    "namestring": "Carlos Martinez",
    "firstnamesorinitials": "Carlos",
    "familyname": "Martinez",
    "status": "active",
    "startdate": "2018-01-01"
  },
  {
    "ID": 60,
    "resourceID": 11210,
    "label": "Carmel Lowe",
    "namestring": "Carmel Lowe",
    "firstnamesorinitials": "Carmel",
    "familyname": "Lowe",
    "status": "active",
    "startdate": "2018-01-01"
  },
  {
    "ID": 61,
    "resourceID": 11210,
    "label": "Carmen McConnell",
    "namestring": "Carmen McConnell",
    "firstnamesorinitials": "Carmen",
    "familyname": "McConnell",
    "status": "active",
    "startdate": "2018-01-01"
  },
  {
    "ID": 62,
    "resourceID": 11210,
    "label": "Carole Grant",
    "namestring": "Carole Grant",
    "firstnamesorinitials": "Carole",
    "familyname": "Grant",
    "status": "active",
    "startdate": "2018-01-01"
  },
  {
    "ID": 63,
    "resourceID": 11210,
    "label": "Carolyn Harvie",
    "namestring": "Carolyn Harvie",
    "firstnamesorinitials": "Carolyn",
    "familyname": "Harvie",
    "status": "active",
    "startdate": "2018-01-01"
  },
  {
    "ID": 64,
    "resourceID": 11210,
    "label": "Carrie Holt",
    "namestring": "Carrie Holt",
    "firstnamesorinitials": "Carrie",
    "familyname": "Holt",
    "status": "active",
    "startdate": "2018-01-01"
  },
  {
    "ID": 65,
    "resourceID": 11210,
    "label": "Cathy McClean",
    "namestring": "Cathy McClean",
    "firstnamesorinitials": "Cathy",
    "familyname": "McClean",
    "status": "active",
    "startdate": "2018-01-01"
  },
  {
    "ID": 66,
    "resourceID": 11210,
    "label": "Chad Ridley",
    "namestring": "Chad Ridley",
    "firstnamesorinitials": "Chad",
    "familyname": "Ridley",
    "status": "active",
    "startdate": "2018-01-01"
  },
  {
    "ID": 67,
    "resourceID": 11210,
    "label": "Chantal Nessman",
    "namestring": "Chantal Nessman",
    "firstnamesorinitials": "Chantal",
    "familyname": "Nessman",
    "status": "active",
    "startdate": "2018-01-01"
  },
  {
    "ID": 68,
    "resourceID": 11210,
    "label": "Cheryl Webb",
    "namestring": "Cheryl Webb",
    "firstnamesorinitials": "Cheryl",
    "familyname": "Webb",
    "status": "active",
    "startdate": "2018-01-01"
  },
  {
    "ID": 69,
    "resourceID": 11210,
    "label": "Chris Carr",
    "namestring": "Chris Carr",
    "firstnamesorinitials": "Chris",
    "familyname": "Carr",
    "status": "active",
    "startdate": "2018-01-01"
  },
  {
    "ID": 70,
    "resourceID": 11210,
    "label": "Chris McKindsey",
    "namestring": "Chris McKindsey",
    "firstnamesorinitials": "Chris",
    "familyname": "McKindsey",
    "status": "active",
    "startdate": "2018-01-01"
  },
  {
    "ID": 71,
    "resourceID": 11210,
    "label": "Christine Bukta",
    "namestring": "Christine Bukta",
    "firstnamesorinitials": "Christine",
    "familyname": "Bukta",
    "status": "active",
    "startdate": "2018-01-01"
  },
  {
    "ID": 72,
    "resourceID": 11210,
    "label": "Christine MacWilliams",
    "namestring": "Christine MacWilliams",
    "firstnamesorinitials": "Christine",
    "familyname": "MacWilliams",
    "status": "active",
    "startdate": "2018-01-01"
  },
  {
    "ID": 73,
    "resourceID": 11210,
    "label": "Christy Wilson",
    "namestring": "Christy Wilson",
    "firstnamesorinitials": "Christy",
    "familyname": "Wilson",
    "status": "active",
    "startdate": "2018-01-01"
  },
  {
    "ID": 74,
    "resourceID": 11210,
    "label": "Chrys Neville",
    "namestring": "Chrys Neville",
    "firstnamesorinitials": "Chrys",
    "familyname": "Neville",
    "status": "active",
    "startdate": "2018-01-01"
  },
  {
    "ID": 75,
    "resourceID": 11210,
    "label": "Chuck Parken",
    "namestring": "Chuck Parken",
    "firstnamesorinitials": "Chuck",
    "familyname": "Parken",
    "status": "active",
    "startdate": "2018-01-01"
  },
  {
    "ID": 76,
    "resourceID": 11210,
    "label": "Cindy Breau",
    "namestring": "Cindy Breau",
    "firstnamesorinitials": "Cindy",
    "familyname": "Breau",
    "status": "active",
    "startdate": "2018-01-01"
  },
  {
    "ID": 77,
    "resourceID": 11210,
    "label": "Cindy Wong",
    "namestring": "Cindy Wong",
    "firstnamesorinitials": "Cindy",
    "familyname": "Wong",
    "status": "active",
    "startdate": "2018-01-01"
  },
  {
    "ID": 78,
    "resourceID": 11210,
    "label": "Claude Fitzherbert",
    "namestring": "Claude Fitzherbert",
    "firstnamesorinitials": "Claude",
    "familyname": "Fitzherbert",
    "status": "active",
    "startdate": "2018-01-01"
  },
  {
    "ID": 79,
    "resourceID": 11210,
    "label": "Colin Masson",
    "namestring": "Colin Masson",
    "firstnamesorinitials": "Colin",
    "familyname": "Masson",
    "status": "active",
    "startdate": "2018-01-01"
  },
  {
    "ID": 80,
    "resourceID": 11210,
    "label": "Colin McGregor",
    "namestring": "Colin McGregor",
    "firstnamesorinitials": "Colin",
    "familyname": "McGregor",
    "status": "active",
    "startdate": "2018-01-01"
  },
  {
    "ID": 81,
    "resourceID": 11210,
    "label": "Colin Nettles",
    "namestring": "Colin Nettles",
    "firstnamesorinitials": "Colin",
    "familyname": "Nettles",
    "status": "active",
    "startdate": "2018-01-01"
  },
  {
    "ID": 82,
    "resourceID": 11210,
    "label": "Corey Martens",
    "namestring": "Corey Martens",
    "firstnamesorinitials": "Corey",
    "familyname": "Martens",
    "status": "active",
    "startdate": "2018-01-01"
  },
  {
    "ID": 83,
    "resourceID": 11210,
    "label": "Corino Salomi",
    "namestring": "Corino Salomi",
    "firstnamesorinitials": "Corino",
    "familyname": "Salomi",
    "status": "active",
    "startdate": "2018-01-01"
  },
  {
    "ID": 84,
    "resourceID": 11210,
    "label": "Craig Keddy",
    "namestring": "Craig Keddy",
    "firstnamesorinitials": "Craig",
    "familyname": "Keddy",
    "status": "active",
    "startdate": "2018-01-01"
  },
  {
    "ID": 85,
    "resourceID": 11210,
    "label": "Cynthia Hawthorne",
    "namestring": "Cynthia Hawthorne",
    "firstnamesorinitials": "Cynthia",
    "familyname": "Hawthorne",
    "status": "active",
    "startdate": "2018-01-01"
  },
  {
    "ID": 86,
    "resourceID": 11210,
    "label": "Dale Desrochers",
    "namestring": "Dale Desrochers",
    "firstnamesorinitials": "Dale",
    "familyname": "Desrochers",
    "status": "active",
    "startdate": "2018-01-01"
  },
  {
    "ID": 87,
    "resourceID": 11210,
    "label": "Dale Michie",
    "namestring": "Dale Michie",
    "firstnamesorinitials": "Dale",
    "familyname": "Michie",
    "status": "active",
    "startdate": "2018-01-01"
  },
  {
    "ID": 88,
    "resourceID": 11210,
    "label": "Dan Selbie",
    "namestring": "Dan Selbie",
    "firstnamesorinitials": "Dan",
    "familyname": "Selbie",
    "status": "active",
    "startdate": "2018-01-01"
  },
  {
    "ID": 89,
    "resourceID": 11210,
    "label": "Daniel Caissie",
    "namestring": "Daniel Caissie",
    "firstnamesorinitials": "Daniel",
    "familyname": "Caissie",
    "status": "active",
    "startdate": "2018-01-01"
  },
  {
    "ID": 90,
    "resourceID": 11210,
    "label": "Darcy McNicholl",
    "namestring": "Darcy McNicholl",
    "firstnamesorinitials": "Darcy",
    "familyname": "McNicholl",
    "status": "active",
    "startdate": "2018-01-01"
  },
  {
    "ID": 91,
    "resourceID": 11210,
    "label": "Darren Goetze",
    "namestring": "Darren Goetze",
    "firstnamesorinitials": "Darren",
    "familyname": "Goetze",
    "status": "active",
    "startdate": "2018-01-01"
  },
  {
    "ID": 92,
    "resourceID": 11210,
    "label": "Dave Davies",
    "namestring": "Dave Davies",
    "firstnamesorinitials": "Dave",
    "familyname": "Davies",
    "status": "active",
    "startdate": "2018-01-01"
  },
  {
    "ID": 93,
    "resourceID": 11210,
    "label": "Dave Loop",
    "namestring": "Dave Loop",
    "firstnamesorinitials": "Dave",
    "familyname": "Loop",
    "status": "active",
    "startdate": "2018-01-01"
  },
  {
    "ID": 94,
    "resourceID": 11210,
    "label": "Dave Nanson",
    "namestring": "Dave Nanson",
    "firstnamesorinitials": "Dave",
    "familyname": "Nanson",
    "status": "active",
    "startdate": "2018-01-01"
  },
  {
    "ID": 95,
    "resourceID": 11210,
    "label": "David Cairns",
    "namestring": "David Cairns",
    "firstnamesorinitials": "David",
    "familyname": "Cairns",
    "status": "active",
    "startdate": "2018-01-01"
  },
  {
    "ID": 96,
    "resourceID": 11210,
    "label": "David Hardie",
    "namestring": "David Hardie",
    "firstnamesorinitials": "David",
    "familyname": "Hardie",
    "status": "active",
    "startdate": "2018-01-01"
  },
  {
    "ID": 97,
    "resourceID": 11210,
    "label": "David O'Brien",
    "namestring": "David O'Brien",
    "firstnamesorinitials": "David",
    "familyname": "O'Brien",
    "status": "active",
    "startdate": "2018-01-01"
  },
  {
    "ID": 98,
    "resourceID": 11210,
    "label": "David Patterson",
    "namestring": "David Patterson",
    "firstnamesorinitials": "David",
    "familyname": "Patterson",
    "status": "active",
    "startdate": "2018-01-01"
  },
  {
    "ID": 99,
    "resourceID": 11210,
    "label": "David Willis",
    "namestring": "David Willis",
    "firstnamesorinitials": "David",
    "familyname": "Willis",
    "status": "active",
    "startdate": "2018-01-01"
  },
  {
    "ID": 100,
    "resourceID": 11210,
    "label": "Dawn Lewis",
    "namestring": "Dawn Lewis",
    "firstnamesorinitials": "Dawn",
    "familyname": "Lewis",
    "status": "active",
    "startdate": "2018-01-01"
  },
  {
    "ID": 101,
    "resourceID": 11210,
    "label": "Dean Allan",
    "namestring": "Dean Allan",
    "firstnamesorinitials": "Dean",
    "familyname": "Allan",
    "status": "active",
    "startdate": "2018-01-01"
  },
  {
    "ID": 102,
    "resourceID": 11210,
    "label": "Dennis Klassen",
    "namestring": "Dennis Klassen",
    "firstnamesorinitials": "Dennis",
    "familyname": "Klassen",
    "status": "active",
    "startdate": "2018-01-01"
  },
  {
    "ID": 103,
    "resourceID": 11210,
    "label": "Denver Gilbert",
    "namestring": "Denver Gilbert",
    "firstnamesorinitials": "Denver",
    "familyname": "Gilbert",
    "status": "active",
    "startdate": "2018-01-01"
  },
  {
    "ID": 104,
    "resourceID": 11210,
    "label": "Devona Adams",
    "namestring": "Devona Adams",
    "firstnamesorinitials": "Devona",
    "familyname": "Adams",
    "status": "active",
    "startdate": "2018-01-01"
  },
  {
    "ID": 105,
    "resourceID": 11210,
    "label": "Diana Dobson",
    "namestring": "Diana Dobson",
    "firstnamesorinitials": "Diana",
    "familyname": "Dobson",
    "status": "active",
    "startdate": "2018-01-01"
  },
  {
    "ID": 106,
    "resourceID": 11210,
    "label": "Diana McHugh",
    "namestring": "Diana McHugh",
    "firstnamesorinitials": "Diana",
    "familyname": "McHugh",
    "status": "active",
    "startdate": "2018-01-01"
  },
  {
    "ID": 107,
    "resourceID": 11210,
    "label": "Diane Lavoie",
    "namestring": "Diane Lavoie",
    "firstnamesorinitials": "Diane",
    "familyname": "Lavoie",
    "status": "active",
    "startdate": "2018-01-01"
  },
  {
    "ID": 108,
    "resourceID": 11210,
    "label": "Don MacKinlay",
    "namestring": "Don MacKinlay",
    "firstnamesorinitials": "Don",
    "familyname": "MacKinlay",
    "status": "active",
    "startdate": "2018-01-01"
  },
  {
    "ID": 109,
    "resourceID": 11210,
    "label": "Don Radford",
    "namestring": "Don Radford",
    "firstnamesorinitials": "Don",
    "familyname": "Radford",
    "status": "active",
    "startdate": "2018-01-01"
  },
  {
    "ID": 110,
    "resourceID": 11210,
    "label": "Doug Bliss",
    "namestring": "Doug Bliss",
    "firstnamesorinitials": "Doug",
    "familyname": "Bliss",
    "status": "active",
    "startdate": "2018-01-01"
  },
  {
    "ID": 111,
    "resourceID": 11210,
    "label": "Doug Clift",
    "namestring": "Doug Clift",
    "firstnamesorinitials": "Doug",
    "familyname": "Clift",
    "status": "active",
    "startdate": "2018-01-01"
  },
  {
    "ID": 112,
    "resourceID": 11210,
    "label": "Doug Herriott",
    "namestring": "Doug Herriott",
    "firstnamesorinitials": "Doug",
    "familyname": "Herriott",
    "status": "active",
    "startdate": "2018-01-01"
  },
  {
    "ID": 113,
    "resourceID": 11210,
    "label": "Eamon Miyagi",
    "namestring": "Eamon Miyagi",
    "firstnamesorinitials": "Eamon",
    "familyname": "Miyagi",
    "status": "active",
    "startdate": "2018-01-01"
  },
  {
    "ID": 114,
    "resourceID": 11210,
    "label": "Ed Walls",
    "namestring": "Ed Walls",
    "firstnamesorinitials": "Ed",
    "familyname": "Walls",
    "status": "active",
    "startdate": "2018-01-01"
  },
  {
    "ID": 115,
    "resourceID": 11210,
    "label": "Eddy Kennedy",
    "namestring": "Eddy Kennedy",
    "firstnamesorinitials": "Eddy",
    "familyname": "Kennedy",
    "status": "active",
    "startdate": "2018-01-01"
  },
  {
    "ID": 116,
    "resourceID": 11210,
    "label": "Elan Park",
    "namestring": "Elan Park",
    "firstnamesorinitials": "Elan",
    "familyname": "Park",
    "status": "active",
    "startdate": "2018-01-01"
  },
  {
    "ID": 117,
    "resourceID": 11210,
    "label": "Erica Blake",
    "namestring": "Erica Blake",
    "firstnamesorinitials": "Erica",
    "familyname": "Blake",
    "status": "active",
    "startdate": "2018-01-01"
  },
  {
    "ID": 118,
    "resourceID": 11210,
    "label": "Erik Grundmann",
    "namestring": "Erik Grundmann",
    "firstnamesorinitials": "Erik",
    "familyname": "Grundmann",
    "status": "active",
    "startdate": "2018-01-01"
  },
  {
    "ID": 119,
    "resourceID": 11210,
    "label": "Erin Dunne",
    "namestring": "Erin Dunne",
    "firstnamesorinitials": "Erin",
    "familyname": "Dunne",
    "status": "active",
    "startdate": "2018-01-01"
  },
  {
    "ID": 120,
    "resourceID": 11210,
    "label": "Erin Porszt",
    "namestring": "Erin Porszt",
    "firstnamesorinitials": "Erin",
    "familyname": "Porszt",
    "status": "active",
    "startdate": "2018-01-01"
  },
  {
    "ID": 121,
    "resourceID": 11210,
    "label": "Frank Corbett",
    "namestring": "Frank Corbett",
    "firstnamesorinitials": "Frank",
    "familyname": "Corbett",
    "status": "active",
    "startdate": "2018-01-01"
  },
  {
    "ID": 122,
    "resourceID": 11210,
    "label": "Frank Quinn",
    "namestring": "Frank Quinn",
    "firstnamesorinitials": "Frank",
    "familyname": "Quinn",
    "status": "active",
    "startdate": "2018-01-01"
  },
  {
    "ID": 123,
    "resourceID": 11210,
    "label": "Fred Phelan",
    "namestring": "Fred Phelan",
    "firstnamesorinitials": "Fred",
    "familyname": "Phelan",
    "status": "active",
    "startdate": "2018-01-01"
  },
  {
    "ID": 124,
    "resourceID": 11210,
    "label": "Frederic Butruille",
    "namestring": "Frederic Butruille",
    "firstnamesorinitials": "Frederic",
    "familyname": "Butruille",
    "status": "active",
    "startdate": "2018-01-01"
  },
  {
    "ID": 125,
    "resourceID": 11210,
    "label": "Garrett Lidin",
    "namestring": "Garrett Lidin",
    "firstnamesorinitials": "Garrett",
    "familyname": "Lidin",
    "status": "active",
    "startdate": "2018-01-01"
  },
  {
    "ID": 126,
    "resourceID": 11210,
    "label": "Garry Zwack",
    "namestring": "Garry Zwack",
    "firstnamesorinitials": "Garry",
    "familyname": "Zwack",
    "status": "active",
    "startdate": "2018-01-01"
  },
  {
    "ID": 127,
    "resourceID": 11210,
    "label": "Gary Miller",
    "namestring": "Gary Miller",
    "firstnamesorinitials": "Gary",
    "familyname": "Miller",
    "status": "active",
    "startdate": "2018-01-01"
  },
  {
    "ID": 128,
    "resourceID": 11210,
    "label": "Gary Whitlock",
    "namestring": "Gary Whitlock",
    "firstnamesorinitials": "Gary",
    "familyname": "Whitlock",
    "status": "active",
    "startdate": "2018-01-01"
  },
  {
    "ID": 129,
    "resourceID": 11210,
    "label": "Gayle Brown",
    "namestring": "Gayle Brown",
    "firstnamesorinitials": "Gayle",
    "familyname": "Brown",
    "status": "active",
    "startdate": "2018-01-01"
  },
  {
    "ID": 130,
    "resourceID": 11210,
    "label": "Geoff Perry",
    "namestring": "Geoff Perry",
    "firstnamesorinitials": "Geoff",
    "familyname": "Perry",
    "status": "active",
    "startdate": "2018-01-01"
  },
  {
    "ID": 131,
    "resourceID": 11210,
    "label": "Geoff Veinott",
    "namestring": "Geoff Veinott",
    "firstnamesorinitials": "Geoff",
    "familyname": "Veinott",
    "status": "active",
    "startdate": "2018-01-01"
  },
  {
    "ID": 132,
    "resourceID": 11210,
    "label": "Gerald Chaput",
    "namestring": "Gerald Chaput",
    "firstnamesorinitials": "Gerald",
    "familyname": "Chaput",
    "status": "active",
    "startdate": "2018-01-01"
  },
  {
    "ID": 133,
    "resourceID": 11210,
    "label": "Gilles Paulin",
    "namestring": "Gilles Paulin",
    "firstnamesorinitials": "Gilles",
    "familyname": "Paulin",
    "status": "active",
    "startdate": "2018-01-01"
  },
  {
    "ID": 134,
    "resourceID": 11210,
    "label": "Gilles Verret",
    "namestring": "Gilles Verret",
    "firstnamesorinitials": "Gilles",
    "familyname": "Verret",
    "status": "active",
    "startdate": "2018-01-01"
  },
  {
    "ID": 135,
    "resourceID": 11210,
    "label": "Greg Hornby",
    "namestring": "Greg Hornby",
    "firstnamesorinitials": "Greg",
    "familyname": "Hornby",
    "status": "active",
    "startdate": "2018-01-01"
  },
  {
    "ID": 136,
    "resourceID": 11210,
    "label": "Greg Perley",
    "namestring": "Greg Perley",
    "firstnamesorinitials": "Greg",
    "familyname": "Perley",
    "status": "active",
    "startdate": "2018-01-01"
  },
  {
    "ID": 137,
    "resourceID": 11210,
    "label": "Greg Schuler",
    "namestring": "Greg Schuler",
    "firstnamesorinitials": "Greg",
    "familyname": "Schuler",
    "status": "active",
    "startdate": "2018-01-01"
  },
  {
    "ID": 138,
    "resourceID": 11210,
    "label": "Gregor Reid",
    "namestring": "Gregor Reid",
    "firstnamesorinitials": "Gregor",
    "familyname": "Reid",
    "status": "active",
    "startdate": "2018-01-01"
  },
  {
    "ID": 139,
    "resourceID": 11210,
    "label": "Guy Brown",
    "namestring": "Guy Brown",
    "firstnamesorinitials": "Guy",
    "familyname": "Brown",
    "status": "active",
    "startdate": "2018-01-01"
  },
  {
    "ID": 140,
    "resourceID": 11210,
    "label": "Haakon Hammer",
    "namestring": "Haakon Hammer",
    "firstnamesorinitials": "Haakon",
    "familyname": "Hammer",
    "status": "active",
    "startdate": "2018-01-01"
  },
  {
    "ID": 141,
    "resourceID": 11210,
    "label": "Heather Braun",
    "namestring": "Heather Braun",
    "firstnamesorinitials": "Heather",
    "familyname": "Braun",
    "status": "active",
    "startdate": "2018-01-01"
  },
  {
    "ID": 142,
    "resourceID": 11210,
    "label": "Helen Kerr",
    "namestring": "Helen Kerr",
    "firstnamesorinitials": "Helen",
    "familyname": "Kerr",
    "status": "active",
    "startdate": "2018-01-01"
  },
  {
    "ID": 143,
    "resourceID": 11210,
    "label": "Helen Olynyk",
    "namestring": "Helen Olynyk",
    "firstnamesorinitials": "Helen",
    "familyname": "Olynyk",
    "status": "active",
    "startdate": "2018-01-01"
  },
  {
    "ID": 144,
    "resourceID": 11210,
    "label": "Herb Redekopp",
    "namestring": "Herb Redekopp",
    "firstnamesorinitials": "Herb",
    "familyname": "Redekopp",
    "status": "active",
    "startdate": "2018-01-01"
  },
  {
    "ID": 145,
    "resourceID": 11210,
    "label": "Hunter Atwin",
    "namestring": "Hunter Atwin",
    "firstnamesorinitials": "Hunter",
    "familyname": "Atwin",
    "status": "active",
    "startdate": "2018-01-01"
  },
  {
    "ID": 146,
    "resourceID": 11210,
    "label": "Ian Barnes",
    "namestring": "Ian Barnes",
    "firstnamesorinitials": "Ian",
    "familyname": "Barnes",
    "status": "active",
    "startdate": "2018-01-01"
  },
  {
    "ID": 147,
    "resourceID": 11210,
    "label": "Ian Boyce",
    "namestring": "Ian Boyce",
    "firstnamesorinitials": "Ian",
    "familyname": "Boyce",
    "status": "active",
    "startdate": "2018-01-01"
  },
  {
    "ID": 148,
    "resourceID": 11210,
    "label": "Ian Bradbury",
    "namestring": "Ian Bradbury",
    "firstnamesorinitials": "Ian",
    "familyname": "Bradbury",
    "status": "active",
    "startdate": "2018-01-01"
  },
  {
    "ID": 149,
    "resourceID": 11210,
    "label": "Ian Matthews",
    "namestring": "Ian Matthews",
    "firstnamesorinitials": "Ian",
    "familyname": "Matthews",
    "status": "active",
    "startdate": "2018-01-01"
  },
  {
    "ID": 150,
    "resourceID": 11210,
    "label": "Ian Perry",
    "namestring": "Ian Perry",
    "firstnamesorinitials": "Ian",
    "familyname": "Perry",
    "status": "active",
    "startdate": "2018-01-01"
  },
  {
    "ID": 151,
    "resourceID": 11210,
    "label": "Ivan Benwell",
    "namestring": "Ivan Benwell",
    "firstnamesorinitials": "Ivan",
    "familyname": "Benwell",
    "status": "active",
    "startdate": "2018-01-01"
  },
  {
    "ID": 152,
    "resourceID": 11210,
    "label": "Ivan Winther",
    "namestring": "Ivan Winther",
    "firstnamesorinitials": "Ivan",
    "familyname": "Winther",
    "status": "active",
    "startdate": "2018-01-01"
  },
  {
    "ID": 153,
    "resourceID": 11210,
    "label": "Jackie Kean",
    "namestring": "Jackie Kean",
    "firstnamesorinitials": "Jackie",
    "familyname": "Kean",
    "status": "active",
    "startdate": "2018-01-01"
  },
  {
    "ID": 154,
    "resourceID": 11210,
    "label": "Jackie King",
    "namestring": "Jackie King",
    "firstnamesorinitials": "Jackie",
    "familyname": "King",
    "status": "active",
    "startdate": "2018-01-01"
  },
  {
    "ID": 155,
    "resourceID": 11210,
    "label": "James Bell",
    "namestring": "James Bell",
    "firstnamesorinitials": "James",
    "familyname": "Bell",
    "status": "active",
    "startdate": "2018-01-01"
  },
  {
    "ID": 156,
    "resourceID": 11210,
    "label": "James Weger",
    "namestring": "James Weger",
    "firstnamesorinitials": "James",
    "familyname": "Weger",
    "status": "active",
    "startdate": "2018-01-01"
  },
  {
    "ID": 157,
    "resourceID": 11210,
    "label": "Jamie Scroggie",
    "namestring": "Jamie Scroggie",
    "firstnamesorinitials": "Jamie",
    "familyname": "Scroggie",
    "status": "active",
    "startdate": "2018-01-01"
  },
  {
    "ID": 158,
    "resourceID": 11210,
    "label": "Jason Evans",
    "namestring": "Jason Evans",
    "firstnamesorinitials": "Jason",
    "familyname": "Evans",
    "status": "active",
    "startdate": "2018-01-01"
  },
  {
    "ID": 159,
    "resourceID": 11210,
    "label": "Jason Ladell",
    "namestring": "Jason Ladell",
    "firstnamesorinitials": "Jason",
    "familyname": "Ladell",
    "status": "active",
    "startdate": "2018-01-01"
  },
  {
    "ID": 160,
    "resourceID": 11210,
    "label": "Jason Mahoney",
    "namestring": "Jason Mahoney",
    "firstnamesorinitials": "Jason",
    "familyname": "Mahoney",
    "status": "active",
    "startdate": "2018-01-01"
  },
  {
    "ID": 161,
    "resourceID": 11210,
    "label": "Jayme Hills",
    "namestring": "Jayme Hills",
    "firstnamesorinitials": "Jayme",
    "familyname": "Hills",
    "status": "active",
    "startdate": "2018-01-01"
  },
  {
    "ID": 162,
    "resourceID": 11210,
    "label": "Jeff Grout",
    "namestring": "Jeff Grout",
    "firstnamesorinitials": "Jeff",
    "familyname": "Grout",
    "status": "active",
    "startdate": "2018-01-01"
  },
  {
    "ID": 163,
    "resourceID": 11210,
    "label": "Jeff Jung",
    "namestring": "Jeff Jung",
    "firstnamesorinitials": "Jeff",
    "familyname": "Jung",
    "status": "active",
    "startdate": "2018-01-01"
  },
  {
    "ID": 164,
    "resourceID": 11210,
    "label": "Jeff Radford",
    "namestring": "Jeff Radford",
    "firstnamesorinitials": "Jeff",
    "familyname": "Radford",
    "status": "active",
    "startdate": "2018-01-01"
  },
  {
    "ID": 165,
    "resourceID": 11210,
    "label": "Jeff Till",
    "namestring": "Jeff Till",
    "firstnamesorinitials": "Jeff",
    "familyname": "Till",
    "status": "active",
    "startdate": "2018-01-01"
  },
  {
    "ID": 166,
    "resourceID": 11210,
    "label": "Jeffrey Lemieux",
    "namestring": "Jeffrey Lemieux",
    "firstnamesorinitials": "Jeffrey",
    "familyname": "Lemieux",
    "status": "active",
    "startdate": "2018-01-01"
  },
  {
    "ID": 167,
    "resourceID": 11210,
    "label": "Jennifer Nener",
    "namestring": "Jennifer Nener",
    "firstnamesorinitials": "Jennifer",
    "familyname": "Nener",
    "status": "active",
    "startdate": "2018-01-01"
  },
  {
    "ID": 168,
    "resourceID": 11210,
    "label": "Jeremy Mothus",
    "namestring": "Jeremy Mothus",
    "firstnamesorinitials": "Jeremy",
    "familyname": "Mothus",
    "status": "active",
    "startdate": "2018-01-01"
  },
  {
    "ID": 169,
    "resourceID": 11210,
    "label": "Jeremy Smith",
    "namestring": "Jeremy Smith",
    "firstnamesorinitials": "Jeremy",
    "familyname": "Smith",
    "status": "active",
    "startdate": "2018-01-01"
  },
  {
    "ID": 170,
    "resourceID": 11210,
    "label": "Jim Echols",
    "namestring": "Jim Echols",
    "firstnamesorinitials": "Jim",
    "familyname": "Echols",
    "status": "active",
    "startdate": "2018-01-01"
  },
  {
    "ID": 171,
    "resourceID": 11210,
    "label": "Jim Irvine",
    "namestring": "Jim Irvine",
    "firstnamesorinitials": "Jim",
    "familyname": "Irvine",
    "status": "active",
    "startdate": "2018-01-01"
  },
  {
    "ID": 172,
    "resourceID": 11210,
    "label": "Jim Krivanek",
    "namestring": "Jim Krivanek",
    "firstnamesorinitials": "Jim",
    "familyname": "Krivanek",
    "status": "active",
    "startdate": "2018-01-01"
  },
  {
    "ID": 173,
    "resourceID": 11210,
    "label": "Joan Bennett",
    "namestring": "Joan Bennett",
    "firstnamesorinitials": "Joan",
    "familyname": "Bennett",
    "status": "active",
    "startdate": "2018-01-01"
  },
  {
    "ID": 174,
    "resourceID": 11210,
    "label": "Joanne Lawrence",
    "namestring": "Joanne Lawrence",
    "firstnamesorinitials": "Joanne",
    "familyname": "Lawrence",
    "status": "active",
    "startdate": "2018-01-01"
  },
  {
    "ID": 175,
    "resourceID": 11210,
    "label": "Jody Mackenzie-Grieve",
    "namestring": "Jody Mackenzie-Grieve",
    "firstnamesorinitials": "Jody",
    "familyname": "Mackenzie-Grieve",
    "status": "active",
    "startdate": "2018-01-01"
  },
  {
    "ID": 176,
    "resourceID": 11210,
    "label": "Joe Sheasgreen",
    "namestring": "Joe Sheasgreen",
    "firstnamesorinitials": "Joe",
    "familyname": "Sheasgreen",
    "status": "active",
    "startdate": "2018-01-01"
  },
  {
    "ID": 177,
    "resourceID": 11210,
    "label": "Joe Tadey",
    "namestring": "Joe Tadey",
    "firstnamesorinitials": "Joe",
    "familyname": "Tadey",
    "status": "active",
    "startdate": "2018-01-01"
  },
  {
    "ID": 178,
    "resourceID": 11210,
    "label": "Joel Harding",
    "namestring": "Joel Harding",
    "firstnamesorinitials": "Joel",
    "familyname": "Harding",
    "status": "active",
    "startdate": "2018-01-01"
  },
  {
    "ID": 179,
    "resourceID": 11210,
    "label": "Joel Sawada",
    "namestring": "Joel Sawada",
    "firstnamesorinitials": "Joel",
    "familyname": "Sawada",
    "status": "active",
    "startdate": "2018-01-01"
  },
  {
    "ID": 180,
    "resourceID": 11210,
    "label": "John Candy",
    "namestring": "John Candy",
    "firstnamesorinitials": "John",
    "familyname": "Candy",
    "status": "active",
    "startdate": "2018-01-01"
  },
  {
    "ID": 181,
    "resourceID": 11210,
    "label": "John Hayward",
    "namestring": "John Hayward",
    "firstnamesorinitials": "John",
    "familyname": "Hayward",
    "status": "active",
    "startdate": "2018-01-01"
  },
  {
    "ID": 182,
    "resourceID": 11210,
    "label": "John Holmes",
    "namestring": "John Holmes",
    "firstnamesorinitials": "John",
    "familyname": "Holmes",
    "status": "active",
    "startdate": "2018-01-01"
  },
  {
    "ID": 183,
    "resourceID": 11210,
    "label": "John Mallery",
    "namestring": "John Mallery",
    "firstnamesorinitials": "John",
    "familyname": "Mallery",
    "status": "active",
    "startdate": "2018-01-01"
  },
  {
    "ID": 184,
    "resourceID": 11210,
    "label": "John Morris",
    "namestring": "John Morris",
    "firstnamesorinitials": "John",
    "familyname": "Morris",
    "status": "active",
    "startdate": "2018-01-01"
  },
  {
    "ID": 185,
    "resourceID": 11210,
    "label": "John Webb",
    "namestring": "John Webb",
    "firstnamesorinitials": "John",
    "familyname": "Webb",
    "status": "active",
    "startdate": "2018-01-01"
  },
  {
    "ID": 186,
    "resourceID": 11210,
    "label": "John Whitelaw",
    "namestring": "John Whitelaw",
    "firstnamesorinitials": "John",
    "familyname": "Whitelaw",
    "status": "active",
    "startdate": "2018-01-01"
  },
  {
    "ID": 187,
    "resourceID": 11210,
    "label": "John Willis",
    "namestring": "John Willis",
    "firstnamesorinitials": "John",
    "familyname": "Willis",
    "status": "active",
    "startdate": "2018-01-01"
  },
  {
    "ID": 188,
    "resourceID": 11210,
    "label": "Johnny Sembsmoen",
    "namestring": "Johnny Sembsmoen",
    "firstnamesorinitials": "Johnny",
    "familyname": "Sembsmoen",
    "status": "active",
    "startdate": "2018-01-01"
  },
  {
    "ID": 189,
    "resourceID": 11210,
    "label": "Jonathan Bulcock",
    "namestring": "Jonathan Bulcock",
    "firstnamesorinitials": "Jonathan",
    "familyname": "Bulcock",
    "status": "active",
    "startdate": "2018-01-01"
  },
  {
    "ID": 190,
    "resourceID": 11210,
    "label": "Jonathan Fershau",
    "namestring": "Jonathan Fershau",
    "firstnamesorinitials": "Jonathan",
    "familyname": "Fershau",
    "status": "active",
    "startdate": "2018-01-01"
  },
  {
    "ID": 191,
    "resourceID": 11210,
    "label": "Jonathan Joe",
    "namestring": "Jonathan Joe",
    "firstnamesorinitials": "Jonathan",
    "familyname": "Joe",
    "status": "active",
    "startdate": "2018-01-01"
  },
  {
    "ID": 192,
    "resourceID": 11210,
    "label": "Julia Bradshaw",
    "namestring": "Julia Bradshaw",
    "firstnamesorinitials": "Julia",
    "familyname": "Bradshaw",
    "status": "active",
    "startdate": "2018-01-01"
  },
  {
    "ID": 193,
    "resourceID": 11210,
    "label": "Justine Mannion",
    "namestring": "Justine Mannion",
    "firstnamesorinitials": "Justine",
    "familyname": "Mannion",
    "status": "active",
    "startdate": "2018-01-01"
  },
  {
    "ID": 194,
    "resourceID": 11210,
    "label": "Karen Burnett",
    "namestring": "Karen Burnett",
    "firstnamesorinitials": "Karen",
    "familyname": "Burnett",
    "status": "active",
    "startdate": "2018-01-01"
  },
  {
    "ID": 195,
    "resourceID": 11210,
    "label": "Karen Calla",
    "namestring": "Karen Calla",
    "firstnamesorinitials": "Karen",
    "familyname": "Calla",
    "status": "active",
    "startdate": "2018-01-01"
  },
  {
    "ID": 196,
    "resourceID": 11210,
    "label": "Karen Dunmall",
    "namestring": "Karen Dunmall",
    "firstnamesorinitials": "Karen",
    "familyname": "Dunmall",
    "status": "active",
    "startdate": "2018-01-01"
  },
  {
    "ID": 197,
    "resourceID": 11210,
    "label": "Karen Okahori",
    "namestring": "Karen Okahori",
    "firstnamesorinitials": "Karen",
    "familyname": "Okahori",
    "status": "active",
    "startdate": "2018-01-01"
  },
  {
    "ID": 198,
    "resourceID": 11210,
    "label": "Karen Vaudry",
    "namestring": "Karen Vaudry",
    "firstnamesorinitials": "Karen",
    "familyname": "Vaudry",
    "status": "active",
    "startdate": "2018-01-01"
  },
  {
    "ID": 199,
    "resourceID": 11210,
    "label": "Kari Underhill",
    "namestring": "Kari Underhill",
    "firstnamesorinitials": "Kari",
    "familyname": "Underhill",
    "status": "active",
    "startdate": "2018-01-01"
  },
  {
    "ID": 200,
    "resourceID": 11210,
    "label": "Karin Mathias",
    "namestring": "Karin Mathias",
    "firstnamesorinitials": "Karin",
    "familyname": "Mathias",
    "status": "active",
    "startdate": "2018-01-01"
  },
  {
    "ID": 201,
    "resourceID": 11210,
    "label": "Kathy Fraser",
    "namestring": "Kathy Fraser",
    "firstnamesorinitials": "Kathy",
    "familyname": "Fraser",
    "status": "active",
    "startdate": "2018-01-01"
  },
  {
    "ID": 202,
    "resourceID": 11210,
    "label": "Keith Clarke",
    "namestring": "Keith Clarke",
    "firstnamesorinitials": "Keith",
    "familyname": "Clarke",
    "status": "active",
    "startdate": "2018-01-01"
  },
  {
    "ID": 203,
    "resourceID": 11210,
    "label": "Kelcy Tousignant",
    "namestring": "Kelcy Tousignant",
    "firstnamesorinitials": "Kelcy",
    "familyname": "Tousignant",
    "status": "active",
    "startdate": "2018-01-01"
  },
  {
    "ID": 204,
    "resourceID": 11210,
    "label": "Kelly Malange",
    "namestring": "Kelly Malange",
    "firstnamesorinitials": "Kelly",
    "familyname": "Malange",
    "status": "active",
    "startdate": "2018-01-01"
  },
  {
    "ID": 205,
    "resourceID": 11210,
    "label": "Ken Green",
    "namestring": "Ken Green",
    "firstnamesorinitials": "Ken",
    "familyname": "Green",
    "status": "active",
    "startdate": "2018-01-01"
  },
  {
    "ID": 206,
    "resourceID": 11210,
    "label": "Kendra Holt",
    "namestring": "Kendra Holt",
    "firstnamesorinitials": "Kendra",
    "familyname": "Holt",
    "status": "active",
    "startdate": "2018-01-01"
  },
  {
    "ID": 207,
    "resourceID": 11210,
    "label": "Kent Smedbol",
    "namestring": "Kent Smedbol",
    "firstnamesorinitials": "Kent",
    "familyname": "Smedbol",
    "status": "active",
    "startdate": "2018-01-01"
  },
  {
    "ID": 208,
    "resourceID": 11210,
    "label": "Kent Spencer",
    "namestring": "Kent Spencer",
    "firstnamesorinitials": "Kent",
    "familyname": "Spencer",
    "status": "active",
    "startdate": "2018-01-01"
  },
  {
    "ID": 209,
    "resourceID": 11210,
    "label": "Keri Benner",
    "namestring": "Keri Benner",
    "firstnamesorinitials": "Keri",
    "familyname": "Benner",
    "status": "active",
    "startdate": "2018-01-01"
  },
  {
    "ID": 210,
    "resourceID": 11210,
    "label": "Kerra Shaw",
    "namestring": "Kerra Shaw",
    "firstnamesorinitials": "Kerra",
    "familyname": "Shaw",
    "status": "active",
    "startdate": "2018-01-01"
  },
  {
    "ID": 211,
    "resourceID": 11210,
    "label": "Kevin Conley",
    "namestring": "Kevin Conley",
    "firstnamesorinitials": "Kevin",
    "familyname": "Conley",
    "status": "active",
    "startdate": "2018-01-01"
  },
  {
    "ID": 212,
    "resourceID": 11210,
    "label": "Kevin Pellett",
    "namestring": "Kevin Pellett",
    "firstnamesorinitials": "Kevin",
    "familyname": "Pellett",
    "status": "active",
    "startdate": "2018-01-01"
  },
  {
    "ID": 213,
    "resourceID": 11210,
    "label": "Kim Houston",
    "namestring": "Kim Houston",
    "firstnamesorinitials": "Kim",
    "familyname": "Houston",
    "status": "active",
    "startdate": "2018-01-01"
  },
  {
    "ID": 214,
    "resourceID": 11210,
    "label": "Kim Hyatt",
    "namestring": "Kim Hyatt",
    "firstnamesorinitials": "Kim",
    "familyname": "Hyatt",
    "status": "active",
    "startdate": "2018-01-01"
  },
  {
    "ID": 215,
    "resourceID": 11210,
    "label": "Kirby Rietze",
    "namestring": "Kirby Rietze",
    "firstnamesorinitials": "Kirby",
    "familyname": "Rietze",
    "status": "active",
    "startdate": "2018-01-01"
  },
  {
    "ID": 216,
    "resourceID": 11210,
    "label": "Kris Hein",
    "namestring": "Kris Hein",
    "firstnamesorinitials": "Kris",
    "familyname": "Hein",
    "status": "active",
    "startdate": "2018-01-01"
  },
  {
    "ID": 217,
    "resourceID": 11210,
    "label": "Kris Hunter",
    "namestring": "Kris Hunter",
    "firstnamesorinitials": "Kris",
    "familyname": "Hunter",
    "status": "active",
    "startdate": "2018-01-01"
  },
  {
    "ID": 218,
    "resourceID": 11210,
    "label": "Kristi Miller-Saunders",
    "namestring": "Kristi Miller-Saunders",
    "firstnamesorinitials": "Kristi",
    "familyname": "Miller-Saunders",
    "status": "active",
    "startdate": "2018-01-01"
  },
  {
    "ID": 219,
    "resourceID": 11210,
    "label": "Laura Brown",
    "namestring": "Laura Brown",
    "firstnamesorinitials": "Laura",
    "familyname": "Brown",
    "status": "active",
    "startdate": "2018-01-01"
  },
  {
    "ID": 220,
    "resourceID": 11210,
    "label": "Laura Chase",
    "namestring": "Laura Chase",
    "firstnamesorinitials": "Laura",
    "familyname": "Chase",
    "status": "active",
    "startdate": "2018-01-01"
  },
  {
    "ID": 221,
    "resourceID": 11210,
    "label": "Laura Terry",
    "namestring": "Laura Terry",
    "firstnamesorinitials": "Laura",
    "familyname": "Terry",
    "status": "active",
    "startdate": "2018-01-01"
  },
  {
    "ID": 222,
    "resourceID": 11210,
    "label": "Lee Kearey",
    "namestring": "Lee Kearey",
    "firstnamesorinitials": "Lee",
    "familyname": "Kearey",
    "status": "active",
    "startdate": "2018-01-01"
  },
  {
    "ID": 223,
    "resourceID": 11210,
    "label": "Lei Harris",
    "namestring": "Lei Harris",
    "firstnamesorinitials": "Lei",
    "familyname": "Harris",
    "status": "active",
    "startdate": "2018-01-01"
  },
  {
    "ID": 224,
    "resourceID": 11210,
    "label": "Leroy Anderson",
    "namestring": "Leroy Anderson",
    "firstnamesorinitials": "Leroy",
    "familyname": "Anderson",
    "status": "active",
    "startdate": "2018-01-01"
  },
  {
    "ID": 225,
    "resourceID": 11210,
    "label": "Les Clint",
    "namestring": "Les Clint",
    "firstnamesorinitials": "Les",
    "familyname": "Clint",
    "status": "active",
    "startdate": "2018-01-01"
  },
  {
    "ID": 226,
    "resourceID": 11210,
    "label": "Lesley MacDougall",
    "namestring": "Lesley MacDougall",
    "firstnamesorinitials": "Lesley",
    "familyname": "MacDougall",
    "status": "active",
    "startdate": "2018-01-01"
  },
  {
    "ID": 227,
    "resourceID": 11210,
    "label": "Linda Stevens",
    "namestring": "Linda Stevens",
    "firstnamesorinitials": "Linda",
    "familyname": "Stevens",
    "status": "active",
    "startdate": "2018-01-01"
  },
  {
    "ID": 228,
    "resourceID": 11210,
    "label": "Lisa Kerr",
    "namestring": "Lisa Kerr",
    "firstnamesorinitials": "Lisa",
    "familyname": "Kerr",
    "status": "active",
    "startdate": "2018-01-01"
  },
  {
    "ID": 229,
    "resourceID": 11210,
    "label": "Lorne Frisson",
    "namestring": "Lorne Frisson",
    "firstnamesorinitials": "Lorne",
    "familyname": "Frisson",
    "status": "active",
    "startdate": "2018-01-01"
  },
  {
    "ID": 230,
    "resourceID": 11210,
    "label": "Lother Kunze",
    "namestring": "Lother Kunze",
    "firstnamesorinitials": "Lother",
    "familyname": "Kunze",
    "status": "active",
    "startdate": "2018-01-01"
  },
  {
    "ID": 231,
    "resourceID": 11210,
    "label": "Louise de Mestral",
    "namestring": "Louise de Mestral",
    "firstnamesorinitials": "Louise",
    "familyname": "de Mestral",
    "status": "active",
    "startdate": "2018-01-01"
  },
  {
    "ID": 232,
    "resourceID": 11210,
    "label": "Louise Naylor",
    "namestring": "Louise Naylor",
    "firstnamesorinitials": "Louise",
    "familyname": "Naylor",
    "status": "active",
    "startdate": "2018-01-01"
  },
  {
    "ID": 233,
    "resourceID": 11210,
    "label": "Louvi Whyte",
    "namestring": "Louvi Whyte",
    "firstnamesorinitials": "Louvi",
    "familyname": "Whyte",
    "status": "active",
    "startdate": "2018-01-01"
  },
  {
    "ID": 234,
    "resourceID": 11210,
    "label": "Lucas Pon",
    "namestring": "Lucas Pon",
    "firstnamesorinitials": "Lucas",
    "familyname": "Pon",
    "status": "active",
    "startdate": "2018-01-01"
  },
  {
    "ID": 235,
    "resourceID": 11210,
    "label": "Lynda Ritchie",
    "namestring": "Lynda Ritchie",
    "firstnamesorinitials": "Lynda",
    "familyname": "Ritchie",
    "status": "active",
    "startdate": "2018-01-01"
  },
  {
    "ID": 236,
    "resourceID": 11210,
    "label": "Lyse Godbout",
    "namestring": "Lyse Godbout",
    "firstnamesorinitials": "Lyse",
    "familyname": "Godbout",
    "status": "active",
    "startdate": "2018-01-01"
  },
  {
    "ID": 237,
    "resourceID": 11210,
    "label": "Marc Lecouffe",
    "namestring": "Marc Lecouffe",
    "firstnamesorinitials": "Marc",
    "familyname": "Lecouffe",
    "status": "active",
    "startdate": "2018-01-01"
  },
  {
    "ID": 238,
    "resourceID": 11210,
    "label": "Marc Trudel",
    "namestring": "Marc Trudel",
    "firstnamesorinitials": "Marc",
    "familyname": "Trudel",
    "status": "active",
    "startdate": "2018-01-01"
  },
  {
    "ID": 239,
    "resourceID": 11210,
    "label": "Margaret Wright",
    "namestring": "Margaret Wright",
    "firstnamesorinitials": "Margaret",
    "familyname": "Wright",
    "status": "active",
    "startdate": "2018-01-01"
  },
  {
    "ID": 240,
    "resourceID": 11210,
    "label": "Margot Stockwell",
    "namestring": "Margot Stockwell",
    "firstnamesorinitials": "Margot",
    "familyname": "Stockwell",
    "status": "active",
    "startdate": "2018-01-01"
  },
  {
    "ID": 241,
    "resourceID": 11210,
    "label": "Marilyn Helin",
    "namestring": "Marilyn Helin",
    "firstnamesorinitials": "Marilyn",
    "familyname": "Helin",
    "status": "active",
    "startdate": "2018-01-01"
  },
  {
    "ID": 242,
    "resourceID": 11210,
    "label": "Marina Milligan",
    "namestring": "Marina Milligan",
    "firstnamesorinitials": "Marina",
    "familyname": "Milligan",
    "status": "active",
    "startdate": "2018-01-01"
  },
  {
    "ID": 243,
    "resourceID": 11210,
    "label": "Mark McFarland",
    "namestring": "Mark McFarland",
    "firstnamesorinitials": "Mark",
    "familyname": "McFarland",
    "status": "active",
    "startdate": "2018-01-01"
  },
  {
    "ID": 244,
    "resourceID": 11210,
    "label": "Mark Potyrala",
    "namestring": "Mark Potyrala",
    "firstnamesorinitials": "Mark",
    "familyname": "Potyrala",
    "status": "active",
    "startdate": "2018-01-01"
  },
  {
    "ID": 245,
    "resourceID": 11210,
    "label": "Markus Feldhoff",
    "namestring": "Markus Feldhoff",
    "firstnamesorinitials": "Markus",
    "familyname": "Feldhoff",
    "status": "active",
    "startdate": "2018-01-01"
  },
  {
    "ID": 246,
    "resourceID": 11210,
    "label": "Marla Maxwell",
    "namestring": "Marla Maxwell",
    "firstnamesorinitials": "Marla",
    "familyname": "Maxwell",
    "status": "active",
    "startdate": "2018-01-01"
  },
  {
    "ID": 247,
    "resourceID": 11210,
    "label": "Martha Robertson",
    "namestring": "Martha Robertson",
    "firstnamesorinitials": "Martha",
    "familyname": "Robertson",
    "status": "active",
    "startdate": "2018-01-01"
  },
  {
    "ID": 248,
    "resourceID": 11210,
    "label": "Marthe Berube",
    "namestring": "Marthe Berube",
    "firstnamesorinitials": "Marthe",
    "familyname": "Berube",
    "status": "active",
    "startdate": "2018-01-01"
  },
  {
    "ID": 249,
    "resourceID": 11210,
    "label": "Martin Castonguay",
    "namestring": "Martin Castonguay",
    "firstnamesorinitials": "Martin",
    "familyname": "Castonguay",
    "status": "active",
    "startdate": "2018-01-01"
  },
  {
    "ID": 250,
    "resourceID": 11210,
    "label": "Mary Ellen Jarvis",
    "namestring": "Mary Ellen Jarvis",
    "firstnamesorinitials": "Mary Ellen",
    "familyname": "Jarvis",
    "status": "active",
    "startdate": "2018-01-01"
  },
  {
    "ID": 251,
    "resourceID": 11210,
    "label": "Mary Thiess",
    "namestring": "Mary Thiess",
    "firstnamesorinitials": "Mary",
    "familyname": "Thiess",
    "status": "active",
    "startdate": "2018-01-01"
  },
  {
    "ID": 252,
    "resourceID": 11210,
    "label": "Matt Mortimer",
    "namestring": "Matt Mortimer",
    "firstnamesorinitials": "Matt",
    "familyname": "Mortimer",
    "status": "active",
    "startdate": "2018-01-01"
  },
  {
    "ID": 253,
    "resourceID": 11210,
    "label": "Matthew Novak",
    "namestring": "Matthew Novak",
    "firstnamesorinitials": "Matthew",
    "familyname": "Novak",
    "status": "active",
    "startdate": "2018-01-01"
  },
  {
    "ID": 254,
    "resourceID": 11210,
    "label": "Matthew Parslow",
    "namestring": "Matthew Parslow",
    "firstnamesorinitials": "Matthew",
    "familyname": "Parslow",
    "status": "active",
    "startdate": "2018-01-01"
  },
  {
    "ID": 255,
    "resourceID": 11210,
    "label": "Matthew Townsend",
    "namestring": "Matthew Townsend",
    "firstnamesorinitials": "Matthew",
    "familyname": "Townsend",
    "status": "active",
    "startdate": "2018-01-01"
  },
  {
    "ID": 256,
    "resourceID": 11210,
    "label": "Megan Wilson",
    "namestring": "Megan Wilson",
    "firstnamesorinitials": "Megan",
    "familyname": "Wilson",
    "status": "active",
    "startdate": "2018-01-01"
  },
  {
    "ID": 257,
    "resourceID": 11210,
    "label": "Mel Kotyk",
    "namestring": "Mel Kotyk",
    "firstnamesorinitials": "Mel",
    "familyname": "Kotyk",
    "status": "active",
    "startdate": "2018-01-01"
  },
  {
    "ID": 258,
    "resourceID": 11210,
    "label": "Merv Mochizuki",
    "namestring": "Merv Mochizuki",
    "firstnamesorinitials": "Merv",
    "familyname": "Mochizuki",
    "status": "active",
    "startdate": "2018-01-01"
  },
  {
    "ID": 259,
    "resourceID": 11210,
    "label": "Michael Folkes",
    "namestring": "Michael Folkes",
    "firstnamesorinitials": "Michael",
    "familyname": "Folkes",
    "status": "active",
    "startdate": "2018-01-01"
  },
  {
    "ID": 260,
    "resourceID": 11210,
    "label": "Michael O'Brien",
    "namestring": "Michael O'Brien",
    "firstnamesorinitials": "Michael",
    "familyname": "O'Brien",
    "status": "active",
    "startdate": "2018-01-01"
  },
  {
    "ID": 261,
    "resourceID": 11210,
    "label": "Michael Scarratt",
    "namestring": "Michael Scarratt",
    "firstnamesorinitials": "Michael",
    "familyname": "Scarratt",
    "status": "active",
    "startdate": "2018-01-01"
  },
  {
    "ID": 262,
    "resourceID": 11210,
    "label": "Michel Arsenault",
    "namestring": "Michel Arsenault",
    "firstnamesorinitials": "Michel",
    "familyname": "Arsenault",
    "status": "active",
    "startdate": "2018-01-01"
  },
  {
    "ID": 263,
    "resourceID": 11210,
    "label": "Michel Biron",
    "namestring": "Michel Biron",
    "firstnamesorinitials": "Michel",
    "familyname": "Biron",
    "status": "active",
    "startdate": "2018-01-01"
  },
  {
    "ID": 264,
    "resourceID": 11210,
    "label": "Mike Austin",
    "namestring": "Mike Austin",
    "firstnamesorinitials": "Mike",
    "familyname": "Austin",
    "status": "active",
    "startdate": "2018-01-01"
  },
  {
    "ID": 265,
    "resourceID": 11210,
    "label": "Mike Bradford",
    "namestring": "Mike Bradford",
    "firstnamesorinitials": "Mike",
    "familyname": "Bradford",
    "status": "active",
    "startdate": "2018-01-01"
  },
  {
    "ID": 266,
    "resourceID": 11210,
    "label": "Mike Carlson",
    "namestring": "Mike Carlson",
    "firstnamesorinitials": "Mike",
    "familyname": "Carlson",
    "status": "active",
    "startdate": "2018-01-01"
  },
  {
    "ID": 267,
    "resourceID": 11210,
    "label": "Mike Crowe",
    "namestring": "Mike Crowe",
    "firstnamesorinitials": "Mike",
    "familyname": "Crowe",
    "status": "active",
    "startdate": "2018-01-01"
  },
  {
    "ID": 268,
    "resourceID": 11210,
    "label": "Mike Goguen",
    "namestring": "Mike Goguen",
    "firstnamesorinitials": "Mike",
    "familyname": "Goguen",
    "status": "active",
    "startdate": "2018-01-01"
  },
  {
    "ID": 269,
    "resourceID": 11210,
    "label": "Mike Hawkshaw",
    "namestring": "Mike Hawkshaw",
    "firstnamesorinitials": "Mike",
    "familyname": "Hawkshaw",
    "status": "active",
    "startdate": "2018-01-01"
  },
  {
    "ID": 270,
    "resourceID": 11210,
    "label": "Mike Jakubowski",
    "namestring": "Mike Jakubowski",
    "firstnamesorinitials": "Mike",
    "familyname": "Jakubowski",
    "status": "active",
    "startdate": "2018-01-01"
  },
  {
    "ID": 271,
    "resourceID": 11210,
    "label": "Mike Spence",
    "namestring": "Mike Spence",
    "firstnamesorinitials": "Mike",
    "familyname": "Spence",
    "status": "active",
    "startdate": "2018-01-01"
  },
  {
    "ID": 272,
    "resourceID": 11210,
    "label": "Mike Thorburne",
    "namestring": "Mike Thorburne",
    "firstnamesorinitials": "Mike",
    "familyname": "Thorburne",
    "status": "active",
    "startdate": "2018-01-01"
  },
  {
    "ID": 273,
    "resourceID": 11210,
    "label": "Mitchell Harborne",
    "namestring": "Mitchell Harborne",
    "firstnamesorinitials": "Mitchell",
    "familyname": "Harborne",
    "status": "active",
    "startdate": "2018-01-01"
  },
  {
    "ID": 274,
    "resourceID": 11210,
    "label": "Murray Manson",
    "namestring": "Murray Manson",
    "firstnamesorinitials": "Murray",
    "familyname": "Manson",
    "status": "active",
    "startdate": "2018-01-01"
  },
  {
    "ID": 275,
    "resourceID": 11210,
    "label": "Nathan Millar",
    "namestring": "Nathan Millar",
    "firstnamesorinitials": "Nathan",
    "familyname": "Millar",
    "status": "active",
    "startdate": "2018-01-01"
  },
  {
    "ID": 276,
    "resourceID": 11210,
    "label": "Nathan Taylor",
    "namestring": "Nathan Taylor",
    "firstnamesorinitials": "Nathan",
    "familyname": "Taylor",
    "status": "active",
    "startdate": "2018-01-01"
  },
  {
    "ID": 277,
    "resourceID": 11210,
    "label": "Neil Jantz",
    "namestring": "Neil Jantz",
    "firstnamesorinitials": "Neil",
    "familyname": "Jantz",
    "status": "active",
    "startdate": "2018-01-01"
  },
  {
    "ID": 278,
    "resourceID": 11210,
    "label": "Nicholas Komick",
    "namestring": "Nicholas Komick",
    "firstnamesorinitials": "Nicholas",
    "familyname": "Komick",
    "status": "active",
    "startdate": "2018-01-01"
  },
  {
    "ID": 279,
    "resourceID": 11210,
    "label": "Nick Leone",
    "namestring": "Nick Leone",
    "firstnamesorinitials": "Nick",
    "familyname": "Leone",
    "status": "active",
    "startdate": "2018-01-01"
  },
  {
    "ID": 280,
    "resourceID": 11210,
    "label": "Nicki Watson",
    "namestring": "Nicki Watson",
    "firstnamesorinitials": "Nicki",
    "familyname": "Watson",
    "status": "active",
    "startdate": "2018-01-01"
  },
  {
    "ID": 281,
    "resourceID": 11210,
    "label": "Nicole Gallant",
    "namestring": "Nicole Gallant",
    "firstnamesorinitials": "Nicole",
    "familyname": "Gallant",
    "status": "active",
    "startdate": "2018-01-01"
  },
  {
    "ID": 282,
    "resourceID": 11210,
    "label": "Nicole Trouton",
    "namestring": "Nicole Trouton",
    "firstnamesorinitials": "Nicole",
    "familyname": "Trouton",
    "status": "active",
    "startdate": "2018-01-01"
  },
  {
    "ID": 283,
    "resourceID": 11210,
    "label": "Paige Ackerman",
    "namestring": "Paige Ackerman",
    "firstnamesorinitials": "Paige",
    "familyname": "Ackerman",
    "status": "active",
    "startdate": "2018-01-01"
  },
  {
    "ID": 284,
    "resourceID": 11210,
    "label": "Patricia Edwards",
    "namestring": "Patricia Edwards",
    "firstnamesorinitials": "Patricia",
    "familyname": "Edwards",
    "status": "active",
    "startdate": "2018-01-01"
  },
  {
    "ID": 285,
    "resourceID": 11210,
    "label": "Patrick OReilly",
    "namestring": "Patrick OReilly",
    "firstnamesorinitials": "Patrick",
    "familyname": "OReilly",
    "status": "active",
    "startdate": "2018-01-01"
  },
  {
    "ID": 286,
    "resourceID": 11210,
    "label": "Patrik Zetterberg",
    "namestring": "Patrik Zetterberg",
    "firstnamesorinitials": "Patrik",
    "familyname": "Zetterberg",
    "status": "active",
    "startdate": "2018-01-01"
  },
  {
    "ID": 287,
    "resourceID": 11210,
    "label": "Paul Chamberland",
    "namestring": "Paul Chamberland",
    "firstnamesorinitials": "Paul",
    "familyname": "Chamberland",
    "status": "active",
    "startdate": "2018-01-01"
  },
  {
    "ID": 288,
    "resourceID": 11210,
    "label": "Paul Preston",
    "namestring": "Paul Preston",
    "firstnamesorinitials": "Paul",
    "familyname": "Preston",
    "status": "active",
    "startdate": "2018-01-01"
  },
  {
    "ID": 289,
    "resourceID": 11210,
    "label": "Paul Welch",
    "namestring": "Paul Welch",
    "firstnamesorinitials": "Paul",
    "familyname": "Welch",
    "status": "active",
    "startdate": "2018-01-01"
  },
  {
    "ID": 290,
    "resourceID": 11210,
    "label": "Pedro Nilo",
    "namestring": "Pedro Nilo",
    "firstnamesorinitials": "Pedro",
    "familyname": "Nilo",
    "status": "active",
    "startdate": "2018-01-01"
  },
  {
    "ID": 291,
    "resourceID": 11210,
    "label": "Pete Campbell",
    "namestring": "Pete Campbell",
    "firstnamesorinitials": "Pete",
    "familyname": "Campbell",
    "status": "active",
    "startdate": "2018-01-01"
  },
  {
    "ID": 292,
    "resourceID": 11210,
    "label": "Pete Etherton",
    "namestring": "Pete Etherton",
    "firstnamesorinitials": "Pete",
    "familyname": "Etherton",
    "status": "active",
    "startdate": "2018-01-01"
  },
  {
    "ID": 293,
    "resourceID": 11210,
    "label": "Peter Hall",
    "namestring": "Peter Hall",
    "firstnamesorinitials": "Peter",
    "familyname": "Hall",
    "status": "active",
    "startdate": "2018-01-01"
  },
  {
    "ID": 294,
    "resourceID": 11210,
    "label": "Peter Katinic",
    "namestring": "Peter Katinic",
    "firstnamesorinitials": "Peter",
    "familyname": "Katinic",
    "status": "active",
    "startdate": "2018-01-01"
  },
  {
    "ID": 295,
    "resourceID": 11210,
    "label": "Philippe Beaulieu",
    "namestring": "Philippe Beaulieu",
    "firstnamesorinitials": "Philippe",
    "familyname": "Beaulieu",
    "status": "active",
    "startdate": "2018-01-01"
  },
  {
    "ID": 296,
    "resourceID": 11210,
    "label": "Pieter Van Will",
    "namestring": "Pieter Van Will",
    "firstnamesorinitials": "Pieter",
    "familyname": "Van",
    "status": "active",
    "startdate": "2018-01-01"
  },
  {
    "ID": 297,
    "resourceID": 11210,
    "label": "Rebecca Reid",
    "namestring": "Rebecca Reid",
    "firstnamesorinitials": "Rebecca",
    "familyname": "Reid",
    "status": "active",
    "startdate": "2018-01-01"
  },
  {
    "ID": 298,
    "resourceID": 11210,
    "label": "Reid Schrul",
    "namestring": "Reid Schrul",
    "firstnamesorinitials": "Reid",
    "familyname": "Schrul",
    "status": "active",
    "startdate": "2018-01-01"
  },
  {
    "ID": 299,
    "resourceID": 11210,
    "label": "Renelle Doucette",
    "namestring": "Renelle Doucette",
    "firstnamesorinitials": "Renelle",
    "familyname": "Doucette",
    "status": "active",
    "startdate": "2018-01-01"
  },
  {
    "ID": 300,
    "resourceID": 11210,
    "label": "Richard Bailey",
    "namestring": "Richard Bailey",
    "firstnamesorinitials": "Richard",
    "familyname": "Bailey",
    "status": "active",
    "startdate": "2018-01-01"
  },
  {
    "ID": 301,
    "resourceID": 11210,
    "label": "Richard Gerard",
    "namestring": "Richard Gerard",
    "firstnamesorinitials": "Richard",
    "familyname": "Gerard",
    "status": "active",
    "startdate": "2018-01-01"
  },
  {
    "ID": 302,
    "resourceID": 11210,
    "label": "Rick Rempel",
    "namestring": "Rick Rempel",
    "firstnamesorinitials": "Rick",
    "familyname": "Rempel",
    "status": "active",
    "startdate": "2018-01-01"
  },
  {
    "ID": 303,
    "resourceID": 11210,
    "label": "Rob Bell-Irving",
    "namestring": "Rob Bell-Irving",
    "firstnamesorinitials": "Rob",
    "familyname": "Bell-Irving",
    "status": "active",
    "startdate": "2018-01-01"
  },
  {
    "ID": 304,
    "resourceID": 11210,
    "label": "Rob Bemister",
    "namestring": "Rob Bemister",
    "firstnamesorinitials": "Rob",
    "familyname": "Bemister",
    "status": "active",
    "startdate": "2018-01-01"
  },
  {
    "ID": 305,
    "resourceID": 11210,
    "label": "Rob Brouwer",
    "namestring": "Rob Brouwer",
    "firstnamesorinitials": "Rob",
    "familyname": "Brouwer",
    "status": "active",
    "startdate": "2018-01-01"
  },
  {
    "ID": 306,
    "resourceID": 11210,
    "label": "Rob Houtman",
    "namestring": "Rob Houtman",
    "firstnamesorinitials": "Rob",
    "familyname": "Houtman",
    "status": "active",
    "startdate": "2018-01-01"
  },
  {
    "ID": 307,
    "resourceID": 11210,
    "label": "Rob Schaefer",
    "namestring": "Rob Schaefer",
    "firstnamesorinitials": "Rob",
    "familyname": "Schaefer",
    "status": "active",
    "startdate": "2018-01-01"
  },
  {
    "ID": 308,
    "resourceID": 11210,
    "label": "Robert Beaumaster",
    "namestring": "Robert Beaumaster",
    "firstnamesorinitials": "Robert",
    "familyname": "Beaumaster",
    "status": "active",
    "startdate": "2018-01-01"
  },
  {
    "ID": 309,
    "resourceID": 11210,
    "label": "Robyn Forrest",
    "namestring": "Robyn Forrest",
    "firstnamesorinitials": "Robyn",
    "familyname": "Forrest",
    "status": "active",
    "startdate": "2018-01-01"
  },
  {
    "ID": 310,
    "resourceID": 11210,
    "label": "Roger Wysocki",
    "namestring": "Roger Wysocki",
    "firstnamesorinitials": "Roger",
    "familyname": "Wysocki",
    "status": "active",
    "startdate": "2018-01-01"
  },
  {
    "ID": 311,
    "resourceID": 11210,
    "label": "Ron Goruk",
    "namestring": "Ron Goruk",
    "firstnamesorinitials": "Ron",
    "familyname": "Goruk",
    "status": "active",
    "startdate": "2018-01-01"
  },
  {
    "ID": 312,
    "resourceID": 11210,
    "label": "Ross Jones",
    "namestring": "Ross Jones",
    "firstnamesorinitials": "Ross",
    "familyname": "Jones",
    "status": "active",
    "startdate": "2018-01-01"
  },
  {
    "ID": 313,
    "resourceID": 11210,
    "label": "Ruth Withler",
    "namestring": "Ruth Withler",
    "firstnamesorinitials": "Ruth",
    "familyname": "Withler",
    "status": "active",
    "startdate": "2018-01-01"
  },
  {
    "ID": 314,
    "resourceID": 11210,
    "label": "Ryan Galbraith",
    "namestring": "Ryan Galbraith",
    "firstnamesorinitials": "Ryan",
    "familyname": "Galbraith",
    "status": "active",
    "startdate": "2018-01-01"
  },
  {
    "ID": 315,
    "resourceID": 11210,
    "label": "Sandra Davies",
    "namestring": "Sandra Davies",
    "firstnamesorinitials": "Sandra",
    "familyname": "Davies",
    "status": "active",
    "startdate": "2018-01-01"
  },
  {
    "ID": 316,
    "resourceID": 11210,
    "label": "Sandy Devcic",
    "namestring": "Sandy Devcic",
    "firstnamesorinitials": "Sandy",
    "familyname": "Devcic",
    "status": "active",
    "startdate": "2018-01-01"
  },
  {
    "ID": 317,
    "resourceID": 11210,
    "label": "Sarah Hawkshaw",
    "namestring": "Sarah Hawkshaw",
    "firstnamesorinitials": "Sarah",
    "familyname": "Hawkshaw",
    "status": "active",
    "startdate": "2018-01-01"
  },
  {
    "ID": 318,
    "resourceID": 11210,
    "label": "Sarah Murdoch",
    "namestring": "Sarah Murdoch",
    "firstnamesorinitials": "Sarah",
    "familyname": "Murdoch",
    "status": "active",
    "startdate": "2018-01-01"
  },
  {
    "ID": 319,
    "resourceID": 11210,
    "label": "Sarah Tuziak",
    "namestring": "Sarah Tuziak",
    "firstnamesorinitials": "Sarah",
    "familyname": "Tuziak",
    "status": "active",
    "startdate": "2018-01-01"
  },
  {
    "ID": 320,
    "resourceID": 11210,
    "label": "Scott Akenhead",
    "namestring": "Scott Akenhead",
    "firstnamesorinitials": "Scott",
    "familyname": "Akenhead",
    "status": "active",
    "startdate": "2018-01-01"
  },
  {
    "ID": 321,
    "resourceID": 11210,
    "label": "Scott Decker",
    "namestring": "Scott Decker",
    "firstnamesorinitials": "Scott",
    "familyname": "Decker",
    "status": "active",
    "startdate": "2018-01-01"
  },
  {
    "ID": 322,
    "resourceID": 11210,
    "label": "Scott Douglas",
    "namestring": "Scott Douglas",
    "firstnamesorinitials": "Scott",
    "familyname": "Douglas",
    "status": "active",
    "startdate": "2018-01-01"
  },
  {
    "ID": 323,
    "resourceID": 11210,
    "label": "Scott Ducharme",
    "namestring": "Scott Ducharme",
    "firstnamesorinitials": "Scott",
    "familyname": "Ducharme",
    "status": "active",
    "startdate": "2018-01-01"
  },
  {
    "ID": 324,
    "resourceID": 11210,
    "label": "Scott Melville",
    "namestring": "Scott Melville",
    "firstnamesorinitials": "Scott",
    "familyname": "Melville",
    "status": "active",
    "startdate": "2018-01-01"
  },
  {
    "ID": 325,
    "resourceID": 11210,
    "label": "Sean Collins",
    "namestring": "Sean Collins",
    "firstnamesorinitials": "Sean",
    "familyname": "Collins",
    "status": "active",
    "startdate": "2018-01-01"
  },
  {
    "ID": 326,
    "resourceID": 11210,
    "label": "Sean Dolan",
    "namestring": "Sean Dolan",
    "firstnamesorinitials": "Sean",
    "familyname": "Dolan",
    "status": "active",
    "startdate": "2018-01-01"
  },
  {
    "ID": 327,
    "resourceID": 11210,
    "label": "Sean Stark",
    "namestring": "Sean Stark",
    "firstnamesorinitials": "Sean",
    "familyname": "Stark",
    "status": "active",
    "startdate": "2018-01-01"
  },
  {
    "ID": 328,
    "resourceID": 11210,
    "label": "Serge Doucet",
    "namestring": "Serge Doucet",
    "firstnamesorinitials": "Serge",
    "familyname": "Doucet",
    "status": "active",
    "startdate": "2018-01-01"
  },
  {
    "ID": 329,
    "resourceID": 11210,
    "label": "Shane Kalyn",
    "namestring": "Shane Kalyn",
    "firstnamesorinitials": "Shane",
    "familyname": "Kalyn",
    "status": "active",
    "startdate": "2018-01-01"
  },
  {
    "ID": 330,
    "resourceID": 11210,
    "label": "Shannon Anderson",
    "namestring": "Shannon Anderson",
    "firstnamesorinitials": "Shannon",
    "familyname": "Anderson",
    "status": "active",
    "startdate": "2018-01-01"
  },
  {
    "ID": 331,
    "resourceID": 11210,
    "label": "Sharan Johal",
    "namestring": "Sharan Johal",
    "firstnamesorinitials": "Sharan",
    "familyname": "Johal",
    "status": "active",
    "startdate": "2018-01-01"
  },
  {
    "ID": 332,
    "resourceID": 11210,
    "label": "Shaun Davies",
    "namestring": "Shaun Davies",
    "firstnamesorinitials": "Shaun",
    "familyname": "Davies",
    "status": "active",
    "startdate": "2018-01-01"
  },
  {
    "ID": 333,
    "resourceID": 11210,
    "label": "Shaun Spenard",
    "namestring": "Shaun Spenard",
    "firstnamesorinitials": "Shaun",
    "familyname": "Spenard",
    "status": "active",
    "startdate": "2018-01-01"
  },
  {
    "ID": 334,
    "resourceID": 11210,
    "label": "Shawn McFarland",
    "namestring": "Shawn McFarland",
    "firstnamesorinitials": "Shawn",
    "familyname": "McFarland",
    "status": "active",
    "startdate": "2018-01-01"
  },
  {
    "ID": 335,
    "resourceID": 11210,
    "label": "Sheldon Evers",
    "namestring": "Sheldon Evers",
    "firstnamesorinitials": "Sheldon",
    "familyname": "Evers",
    "status": "active",
    "startdate": "2018-01-01"
  },
  {
    "ID": 336,
    "resourceID": 11210,
    "label": "Shelee Hamilton",
    "namestring": "Shelee Hamilton",
    "firstnamesorinitials": "Shelee",
    "familyname": "Hamilton",
    "status": "active",
    "startdate": "2018-01-01"
  },
  {
    "ID": 337,
    "resourceID": 11210,
    "label": "Sherisse McWilliam",
    "namestring": "Sherisse McWilliam",
    "firstnamesorinitials": "Sherisse",
    "familyname": "McWilliam",
    "status": "active",
    "startdate": "2018-01-01"
  },
  {
    "ID": 338,
    "resourceID": 11210,
    "label": "Sherri Schmidt",
    "namestring": "Sherri Schmidt",
    "firstnamesorinitials": "Sherri",
    "familyname": "Schmidt",
    "status": "active",
    "startdate": "2018-01-01"
  },
  {
    "ID": 339,
    "resourceID": 11210,
    "label": "Sophie Leblanc",
    "namestring": "Sophie Leblanc",
    "firstnamesorinitials": "Sophie",
    "familyname": "Leblanc",
    "status": "active",
    "startdate": "2018-01-01"
  },
  {
    "ID": 340,
    "resourceID": 11210,
    "label": "Stacey Larsen",
    "namestring": "Stacey Larsen",
    "firstnamesorinitials": "Stacey",
    "familyname": "Larsen",
    "status": "active",
    "startdate": "2018-01-01"
  },
  {
    "ID": 341,
    "resourceID": 11210,
    "label": "Stefan Howarth",
    "namestring": "Stefan Howarth",
    "firstnamesorinitials": "Stefan",
    "familyname": "Howarth",
    "status": "active",
    "startdate": "2018-01-01"
  },
  {
    "ID": 342,
    "resourceID": 11210,
    "label": "Steve Cox-Rogers",
    "namestring": "Steve Cox-Rogers",
    "firstnamesorinitials": "Steve",
    "familyname": "Cox-Rogers",
    "status": "active",
    "startdate": "2018-01-01"
  },
  {
    "ID": 343,
    "resourceID": 11210,
    "label": "Steve Emmonds",
    "namestring": "Steve Emmonds",
    "firstnamesorinitials": "Steve",
    "familyname": "Emmonds",
    "status": "active",
    "startdate": "2018-01-01"
  },
  {
    "ID": 344,
    "resourceID": 11210,
    "label": "Steve Gotch",
    "namestring": "Steve Gotch",
    "firstnamesorinitials": "Steve",
    "familyname": "Gotch",
    "status": "active",
    "startdate": "2018-01-01"
  },
  {
    "ID": 345,
    "resourceID": 11210,
    "label": "Steve MacDonald",
    "namestring": "Steve MacDonald",
    "firstnamesorinitials": "Steve",
    "familyname": "MacDonald",
    "status": "active",
    "startdate": "2018-01-01"
  },
  {
    "ID": 346,
    "resourceID": 11210,
    "label": "Steve Smith",
    "namestring": "Steve Smith",
    "firstnamesorinitials": "Steve",
    "familyname": "Smith",
    "status": "active",
    "startdate": "2018-01-01"
  },
  {
    "ID": 347,
    "resourceID": 11210,
    "label": "Steven Leadbeater",
    "namestring": "Steven Leadbeater",
    "firstnamesorinitials": "Steven",
    "familyname": "Leadbeater",
    "status": "active",
    "startdate": "2018-01-01"
  },
  {
    "ID": 348,
    "resourceID": 11210,
    "label": "Stewart Johnson",
    "namestring": "Stewart Johnson",
    "firstnamesorinitials": "Stewart",
    "familyname": "Johnson",
    "status": "active",
    "startdate": "2018-01-01"
  },
  {
    "ID": 349,
    "resourceID": 11210,
    "label": "Strahan Tucker",
    "namestring": "Strahan Tucker",
    "firstnamesorinitials": "Strahan",
    "familyname": "Tucker",
    "status": "active",
    "startdate": "2018-01-01"
  },
  {
    "ID": 350,
    "resourceID": 11210,
    "label": "Stuart LePage",
    "namestring": "Stuart LePage",
    "firstnamesorinitials": "Stuart",
    "familyname": "LePage",
    "status": "active",
    "startdate": "2018-01-01"
  },
  {
    "ID": 351,
    "resourceID": 11210,
    "label": "Sue Grant",
    "namestring": "Sue Grant",
    "firstnamesorinitials": "Sue",
    "familyname": "Grant",
    "status": "active",
    "startdate": "2018-01-01"
  },
  {
    "ID": 352,
    "resourceID": 11210,
    "label": "Sue Lemke",
    "namestring": "Sue Lemke",
    "firstnamesorinitials": "Sue",
    "familyname": "Lemke",
    "status": "active",
    "startdate": "2018-01-01"
  },
  {
    "ID": 353,
    "resourceID": 11210,
    "label": "Tanya Vivian",
    "namestring": "Tanya Vivian",
    "firstnamesorinitials": "Tanya",
    "familyname": "Vivian",
    "status": "active",
    "startdate": "2018-01-01"
  },
  {
    "ID": 354,
    "resourceID": 11210,
    "label": "Terry Beacham",
    "namestring": "Terry Beacham",
    "firstnamesorinitials": "Terry",
    "familyname": "Beacham",
    "status": "active",
    "startdate": "2018-01-01"
  },
  {
    "ID": 355,
    "resourceID": 11210,
    "label": "Tim Pankratz",
    "namestring": "Tim Pankratz",
    "firstnamesorinitials": "Tim",
    "familyname": "Pankratz",
    "status": "active",
    "startdate": "2018-01-01"
  },
  {
    "ID": 356,
    "resourceID": 11210,
    "label": "Timber Whitehouse",
    "namestring": "Timber Whitehouse",
    "firstnamesorinitials": "Timber",
    "familyname": "Whitehouse",
    "status": "active",
    "startdate": "2018-01-01"
  },
  {
    "ID": 357,
    "resourceID": 11210,
    "label": "Tony Rathbone",
    "namestring": "Tony Rathbone",
    "firstnamesorinitials": "Tony",
    "familyname": "Rathbone",
    "status": "active",
    "startdate": "2018-01-01"
  },
  {
    "ID": 358,
    "resourceID": 11210,
    "label": "Tracy Cone",
    "namestring": "Tracy Cone",
    "firstnamesorinitials": "Tracy",
    "familyname": "Cone",
    "status": "active",
    "startdate": "2018-01-01"
  },
  {
    "ID": 359,
    "resourceID": 11210,
    "label": "Travis Desy",
    "namestring": "Travis Desy",
    "firstnamesorinitials": "Travis",
    "familyname": "Desy",
    "status": "active",
    "startdate": "2018-01-01"
  },
  {
    "ID": 360,
    "resourceID": 11210,
    "label": "Tyler Collie",
    "namestring": "Tyler Collie",
    "firstnamesorinitials": "Tyler",
    "familyname": "Collie",
    "status": "active",
    "startdate": "2018-01-01"
  },
  {
    "ID": 361,
    "resourceID": 11210,
    "label": "Tyler Zubkowski",
    "namestring": "Tyler Zubkowski",
    "firstnamesorinitials": "Tyler",
    "familyname": "Zubkowski",
    "status": "active",
    "startdate": "2018-01-01"
  },
  {
    "ID": 362,
    "resourceID": 11210,
    "label": "Vesta Mather",
    "namestring": "Vesta Mather",
    "firstnamesorinitials": "Vesta",
    "familyname": "Mather",
    "status": "active",
    "startdate": "2018-01-01"
  },
  {
    "ID": 363,
    "resourceID": 11210,
    "label": "Vince Sealy",
    "namestring": "Vince Sealy",
    "firstnamesorinitials": "Vince",
    "familyname": "Sealy",
    "status": "active",
    "startdate": "2018-01-01"
  },
  {
    "ID": 364,
    "resourceID": 11210,
    "label": "Wayne Fairchild",
    "namestring": "Wayne Fairchild",
    "firstnamesorinitials": "Wayne",
    "familyname": "Fairchild",
    "status": "active",
    "startdate": "2018-01-01"
  },
  {
    "ID": 365,
    "resourceID": 11210,
    "label": "Wilf Luedke",
    "namestring": "Wilf Luedke",
    "firstnamesorinitials": "Wilf",
    "familyname": "Luedke",
    "status": "active",
    "startdate": "2018-01-01"
  },
  {
    "ID": 366,
    "resourceID": 11210,
    "label": "Zach Trefry",
    "namestring": "Zach Trefry",
    "firstnamesorinitials": "Zach",
    "familyname": "Trefry",
    "status": "active",
    "startdate": "2018-01-01"
  }
]