[
  {
    "ID": 1274,
    "resourceID": 11215,
    "label": "Big Qualicum River Hatchery",
    "name": "Big Qualicum River Hatchery",
    "status": "active"
  },
  {
    "ID": 1275,
    "resourceID": 11215,
    "label": "Bella Coola Field Office",
    "name": "Bella Coola Field Office",
    "status": "active"
  },
  {
    "ID": 1276,
    "resourceID": 11215,
    "label": "Campbell River (Tamarac)",
    "name": "Campbell River (Tamarac)",
    "status": "active"
  },
  {
    "ID": 1277,
    "resourceID": 11215,
    "label": "Campbell River Field Office",
    "name": "Campbell River Field Office",
    "status": "active"
  },
  {
    "ID": 1278,
    "resourceID": 11215,
    "label": "Capilano Salmon Hatchery",
    "name": "Capilano Salmon Hatchery",
    "status": "active"
  },
  {
    "ID": 1279,
    "resourceID": 11215,
    "label": "Charlottetown (Diadromous)",
    "name": "Charlottetown (Diadromous)",
    "status": "active"
  },
  {
    "ID": 1280,
    "resourceID": 11215,
    "label": "Chehalis River Hatchery",
    "name": "Chehalis River Hatchery",
    "status": "active"
  },
  {
    "ID": 1281,
    "resourceID": 11215,
    "label": "Chilliwack Fish Hatchery",
    "name": "Chilliwack Fish Hatchery",
    "status": "active"
  },
  {
    "ID": 1282,
    "resourceID": 11215,
    "label": "Chilliwack Field Office",
    "name": "Chilliwack Field Office",
    "status": "active"
  },
  {
    "ID": 1283,
    "resourceID": 11215,
    "label": "Comox Valley Field Office",
    "name": "Comox Valley Field Office",
    "status": "active"
  },
  {
    "ID": 1284,
    "resourceID": 11215,
    "label": "Conuma River Hatchery",
    "name": "Conuma River Hatchery",
    "status": "active"
  },
  {
    "ID": 1285,
    "resourceID": 11215,
    "label": "Dewdney Field Office",
    "name": "Dewdney Field Office",
    "status": "active"
  },
  {
    "ID": 1286,
    "resourceID": 11215,
    "label": "DFO Gulf Nova Scotia Area Office",
    "name": "DFO Gulf Nova Scotia Area Office",
    "status": "active"
  },
  {
    "ID": 1287,
    "resourceID": 11215,
    "label": "Duncan Field Office",
    "name": "Duncan Field Office",
    "status": "active"
  },
  {
    "ID": 1288,
    "resourceID": 11215,
    "label": "Fulton River Spawning Channel",
    "name": "Fulton River Spawning Channel",
    "status": "active"
  },
  {
    "ID": 1289,
    "resourceID": 11215,
    "label": "Inch Creek Hatchery",
    "name": "Inch Creek Hatchery",
    "status": "active"
  },
  {
    "ID": 1290,
    "resourceID": 11215,
    "label": "Kitimat River Hatchery",
    "name": "Kitimat River Hatchery",
    "status": "active"
  },
  {
    "ID": 1291,
    "resourceID": 11215,
    "label": "Langley Field Office",
    "name": "Langley Field Office",
    "status": "active"
  },
  {
    "ID": 1292,
    "resourceID": 11215,
    "label": "Miramichi Salmon Conservation Centre",
    "name": "Miramichi Salmon Conservation Centre",
    "status": "active"
  },
  {
    "ID": 1293,
    "resourceID": 11215,
    "label": "Marine House",
    "name": "Marine House",
    "status": "active"
  },
  {
    "ID": 1294,
    "resourceID": 11215,
    "label": "Mission Field Office",
    "name": "Mission Field Office",
    "status": "active"
  },
  {
    "ID": 1295,
    "resourceID": 11215,
    "label": "Morgan Falls Fishway",
    "name": "Morgan Falls Fishway",
    "status": "active"
  },
  {
    "ID": 1296,
    "resourceID": 11215,
    "label": "Nanaimo (SEP)",
    "name": "Nanaimo (SEP)",
    "status": "active"
  },
  {
    "ID": 1297,
    "resourceID": 11215,
    "label": "Nitinat River Hatchery",
    "name": "Nitinat River Hatchery",
    "status": "active"
  },
  {
    "ID": 1298,
    "resourceID": 11215,
    "label": "PEI Area Office",
    "name": "PEI Area Office",
    "status": "active"
  },
  {
    "ID": 1299,
    "resourceID": 11215,
    "label": "Port Alberni Field Office",
    "name": "Port Alberni Field Office",
    "status": "active"
  },
  {
    "ID": 1300,
    "resourceID": 11215,
    "label": "Port Hardy Field Office",
    "name": "Port Hardy Field Office",
    "status": "active"
  },
  {
    "ID": 1301,
    "resourceID": 11215,
    "label": "Puntledge River Hatchery",
    "name": "Puntledge River Hatchery",
    "status": "active"
  },
  {
    "ID": 1302,
    "resourceID": 11215,
    "label": "Queen Charlotte City Field Office",
    "name": "Queen Charlotte City Field Office",
    "status": "active"
  },
  {
    "ID": 1303,
    "resourceID": 11215,
    "label": "Quinsam River Hatchery",
    "name": "Quinsam River Hatchery",
    "status": "active"
  },
  {
    "ID": 1304,
    "resourceID": 11215,
    "label": "Robertson Creek Hatchery",
    "name": "Robertson Creek Hatchery",
    "status": "active"
  },
  {
    "ID": 1305,
    "resourceID": 11215,
    "label": "Smithers Field Office",
    "name": "Smithers Field Office",
    "status": "active"
  },
  {
    "ID": 1306,
    "resourceID": 11215,
    "label": "Snootli Creek Hatchery",
    "name": "Snootli Creek Hatchery",
    "status": "active"
  },
  {
    "ID": 1307,
    "resourceID": 11215,
    "label": "Spius Creek Hatchery",
    "name": "Spius Creek Hatchery",
    "status": "active"
  },
  {
    "ID": 1308,
    "resourceID": 11215,
    "label": "Squamish Field Office",
    "name": "Squamish Field Office",
    "status": "active"
  },
  {
    "ID": 1309,
    "resourceID": 11215,
    "label": "Steveston Field Office",
    "name": "Steveston Field Office",
    "status": "active"
  },
  {
    "ID": 1310,
    "resourceID": 11215,
    "label": "Tenderfoot Creek Hatchery",
    "name": "Tenderfoot Creek Hatchery",
    "status": "active"
  },
  {
    "ID": 1311,
    "resourceID": 11215,
    "label": "Terrace Field Office",
    "name": "Terrace Field Office",
    "status": "active"
  },
  {
    "ID": 1312,
    "resourceID": 11215,
    "label": "Vancouver (SEP)",
    "name": "Vancouver (SEP)",
    "status": "active"
  },
  {
    "ID": 1313,
    "resourceID": 11215,
    "label": "Williams Lake Field Office",
    "name": "Williams Lake Field Office",
    "status": "active"
  },
  {
    "ID": 1314,
    "resourceID": 11215,
    "label": "Canada Centre for Insland Waters (Bayfield Institute)",
    "name": "Canada Centre for Insland Waters (Bayfield Institute)",
    "status": "active"
  },
  {
    "ID": 1315,
    "resourceID": 11215,
    "label": "Freshwater Institute",
    "name": "Freshwater Institute",
    "status": "active"
  },
  {
    "ID": 1316,
    "resourceID": 11215,
    "label": "Sea Lamprey Control Centre",
    "name": "Sea Lamprey Control Centre",
    "status": "active"
  },
  {
    "ID": 1317,
    "resourceID": 11215,
    "label": "HQ",
    "name": "HQ",
    "status": "active"
  },
  {
    "ID": 1318,
    "resourceID": 11215,
    "label": "Gulf Fisheries Centre",
    "name": "Gulf Fisheries Centre",
    "status": "active"
  },
  {
    "ID": 1319,
    "resourceID": 11215,
    "label": "Bedford Institute of Oceanography",
    "name": "Bedford Institute of Oceanography",
    "status": "active"
  },
  {
    "ID": 1320,
    "resourceID": 11215,
    "label": "Coldbrook Biodiversity Facility",
    "name": "Coldbrook Biodiversity Facility",
    "status": "active"
  },
  {
    "ID": 1321,
    "resourceID": 11215,
    "label": "Mactaquac Biodiversity Facility",
    "name": "Mactaquac Biodiversity Facility",
    "status": "active"
  },
  {
    "ID": 1322,
    "resourceID": 11215,
    "label": "St. Andrews Biological Station",
    "name": "St. Andrews Biological Station",
    "status": "active"
  },
  {
    "ID": 1323,
    "resourceID": 11215,
    "label": "Northwest Atlantic Fisheries Centre",
    "name": "Northwest Atlantic Fisheries Centre",
    "status": "active"
  },
  {
    "ID": 1324,
    "resourceID": 11215,
    "label": "Institute Maurice Lamontagne",
    "name": "Institute Maurice Lamontagne",
    "status": "active"
  },
  {
    "ID": 1325,
    "resourceID": 11215,
    "label": "Pacific Biological Station",
    "name": "Pacific Biological Station",
    "status": "active"
  },
  {
    "ID": 1326,
    "resourceID": 11215,
    "label": "Simon Fraser University",
    "name": "Simon Fraser University",
    "status": "active"
  },
  {
    "ID": 1327,
    "resourceID": 11215,
    "label": "Institute of Ocean Sciences",
    "name": "Institute of Ocean Sciences",
    "status": "active"
  },
  {
    "ID": 1328,
    "resourceID": 11215,
    "label": "Cultus Lake Salmon Research Laboratory",
    "name": "Cultus Lake Salmon Research Laboratory",
    "status": "active"
  },
  {
    "ID": 1329,
    "resourceID": 11215,
    "label": "Whitehorse Field Office",
    "name": "Whitehorse Field Office",
    "status": "active"
  },
  {
    "ID": 1330,
    "resourceID": 11215,
    "label": "Prince Rupert Field Office",
    "name": "Prince Rupert Field Office",
    "status": "active"
  },
  {
    "ID": 1331,
    "resourceID": 11215,
    "label": "South Coast Area Office",
    "name": "South Coast Area Office",
    "status": "active"
  },
  {
    "ID": 1332,
    "resourceID": 11215,
    "label": "Kamloops Field Office",
    "name": "Kamloops Field Office",
    "status": "active"
  },
  {
    "ID": 1333,
    "resourceID": 11215,
    "label": "Vancouver (RHQ)",
    "name": "Vancouver (RHQ)",
    "status": "active"
  },
  {
    "ID": 1334,
    "resourceID": 11215,
    "label": "Centre for Aquaculture and Environmental Research",
    "name": "Centre for Aquaculture and Environmental Research",
    "status": "active"
  },
  {
    "ID": 1335,
    "resourceID": 11215,
    "label": "Annacis Island",
    "name": "Annacis Island",
    "status": "active"
  }
]