[
  {
    "ID": 1235,
    "resourceID": 11217,
    "label": "WebPage",
    "URL": "http://www.pac.dfo-mpo.gc.ca/consultation/wsp-pss/index-eng.html",
    "status": "active"
  },
  {
    "ID": 1236,
    "resourceID": 11217,
    "label": "WebPage",
    "URL": "http://www.dfo-mpo.gc.ca/csas-sccs/Publications/ResDocs-DocRech/2011/2011_133-eng.html",
    "status": "active"
  },
  {
    "ID": 1237,
    "resourceID": 11217,
    "label": "WebPage",
    "URL": "http://publications.gc.ca/collections/collection_2014/mpo-dfo/Fs97-4-2855-eng.pdf",
    "status": "active"
  },
  {
    "ID": 1238,
    "resourceID": 11217,
    "label": "WebPage",
    "URL": "http://dfo-mpo.gc.ca/science/coe-cde/cabrr-crrba/index-eng.html",
    "status": "active"
  },
  {
    "ID": 1239,
    "resourceID": 11217,
    "label": "WebPage",
    "URL": "http://open.canada.ca/data/en/dataset/c48669a3-045b-400d-b730-48aafe8c5ee6  http://www.iobis.org/",
    "status": "active"
  },
  {
    "ID": 1240,
    "resourceID": 11217,
    "label": "WebPage",
    "URL": "http://meetings.pices.int/members/committees/TCODE",
    "status": "active"
  },
  {
    "ID": 1241,
    "resourceID": 11217,
    "label": "WebPage",
    "URL": "https://vemco.com/using-vemco-tags-to-identify-predation-events/",
    "status": "active"
  },
  {
    "ID": 1242,
    "resourceID": 11217,
    "label": "WebPage",
    "URL": "https://vemco.com/products/v5-predation-transmitter/",
    "status": "active"
  },
  {
    "ID": 1243,
    "resourceID": 11217,
    "label": "WebPage",
    "URL": "http://waves-vagues.dfo-mpo.gc.ca/Library/40567771.pdf",
    "status": "active"
  },
  {
    "ID": 1244,
    "resourceID": 11217,
    "label": "WebPage",
    "URL": "http://www.pac.dfo-mpo.gc.ca/fm-gp/docs/framework_monitoring-cadre_surveillance/page-1-eng.html",
    "status": "active"
  },
  {
    "ID": 1245,
    "resourceID": 11217,
    "label": "WebPage",
    "URL": "http://publications.gc.ca/collections/collection_2016/mpo-dfo/Fs144-39-2012-eng.pdf",
    "status": "active"
  },
  {
    "ID": 1246,
    "resourceID": 11217,
    "label": "WebPage",
    "URL": "http://waves-vagues.dfo-mpo.gc.ca/Library/366032.pdf",
    "status": "active"
  },
  {
    "ID": 1247,
    "resourceID": 11217,
    "label": "WebPage",
    "URL": "http://waves-vagues.dfo-mpo.gc.ca/Library/361269.pdf",
    "status": "active"
  },
  {
    "ID": 1248,
    "resourceID": 11217,
    "label": "WebPage",
    "URL": "npafc.org/new/science_IYS.html  nasco.int/iys.html",
    "status": "active"
  },
  {
    "ID": 1249,
    "resourceID": 11217,
    "label": "WebPage",
    "URL": "http://www.yukonriverpanel.com/publications/yukon-river-joint-technical-committee-reports/",
    "status": "active"
  },
  {
    "ID": 1250,
    "resourceID": 11217,
    "label": "WebPage",
    "URL": "www.facebook.coom/arcticsalmon",
    "status": "active"
  },
  {
    "ID": 1251,
    "resourceID": 11217,
    "label": "WebPage",
    "URL": "https://www.researchgate.net/publication/305333786_Using_thermal_limits_to_assess_establishment_of_fish_dispersing_to_high-latitude_and_high-elevation_watersheds",
    "status": "active"
  },
  {
    "ID": 1252,
    "resourceID": 11217,
    "label": "WebPage",
    "URL": "https://www.researchgate.net/publication/272567234_Pacific_Salmon_in_the_Arctic_Harbingers_of_Change",
    "status": "active"
  },
  {
    "ID": 1253,
    "resourceID": 11217,
    "label": "WebPage",
    "URL": "https://intranet.ent.dfo-mpo.ca/?q=fr/node/578",
    "status": "active"
  },
  {
    "ID": 1254,
    "resourceID": 11217,
    "label": "WebPage",
    "URL": "http://www.registrelep.gc.ca/document/default_f.cfm?documentID=1917",
    "status": "active"
  },
  {
    "ID": 1255,
    "resourceID": 11217,
    "label": "WebPage",
    "URL": "http://www.dfo-mpo.gc.ca/aquaculture/parr-prra/index-eng.html",
    "status": "active"
  },
  {
    "ID": 1256,
    "resourceID": 11217,
    "label": "WebPage",
    "URL": "http://www.soundmetrics.com/Products/ARIS-Sonars",
    "status": "active"
  },
  {
    "ID": 1257,
    "resourceID": 11217,
    "label": "WebPage",
    "URL": "https://www.roundtables.westcoastaquatic.ca/area-25-nootka",
    "status": "active"
  },
  {
    "ID": 1258,
    "resourceID": 11217,
    "label": "WebPage",
    "URL": "http://www.dfo-mpo.gc.ca/science/collaboration/asjv-eng.html",
    "status": "active"
  },
  {
    "ID": 1259,
    "resourceID": 11217,
    "label": "WebPage",
    "URL": "http://waves-vagues.dfo-mpo.gc.ca/Library/361270.pdf",
    "status": "active"
  },
  {
    "ID": 1260,
    "resourceID": 11217,
    "label": "WebPage",
    "URL": "https://sites.google.com/a/s4s.com/sockeye-cumulative-impacts/home/documents-and-figures",
    "status": "active"
  },
  {
    "ID": 1261,
    "resourceID": 11217,
    "label": "WebPage",
    "URL": "https://pubs.usgs.gov/of/2013/1265/pdf/of2013-1265.pdf",
    "status": "active"
  },
  {
    "ID": 1262,
    "resourceID": 11217,
    "label": "WebPage",
    "URL": "http://open.canada.ca/data/en/dataset/c48669a3-045b-400d-b730-48aafe8c5ee6",
    "status": "active"
  },
  {
    "ID": 1263,
    "resourceID": 11217,
    "label": "WebPage",
    "URL": "http://westcoastaquatic.ca/roundtables",
    "status": "active"
  },
  {
    "ID": 1264,
    "resourceID": 11217,
    "label": "WebPage",
    "URL": "http://www.maanulth.ca",
    "status": "active"
  },
  {
    "ID": 1265,
    "resourceID": 11217,
    "label": "WebPage",
    "URL": "https://alaskasalmonandpeople.org/sasap-round-2/#R2Group3",
    "status": "active"
  },
  {
    "ID": 1266,
    "resourceID": 11217,
    "label": "WebPage",
    "URL": "http://www.yukonriverpanel.com/publications/yukon-river-joint-technical-committee-reports/",
    "status": "active"
  },
  {
    "ID": 1267,
    "resourceID": 11217,
    "label": "WebPage",
    "URL": "http://marinesurvivalproject.com/",
    "status": "active"
  },
  {
    "ID": 1268,
    "resourceID": 11217,
    "label": "WebPage",
    "URL": "http://waves-vagues.dfo-mpo.gc.ca/Library/361269.pdf",
    "status": "active"
  },
  {
    "ID": 1269,
    "resourceID": 11217,
    "label": "WebPage",
    "URL": "http://waves-vagues.dfo-mpo.gc.ca/Library/366032.pdf",
    "status": "active"
  },
  {
    "ID": 1270,
    "resourceID": 11217,
    "label": "WebPage",
    "URL": "https://sites.google.com/a/s4s.com/sockeye-cumulative-impacts/home/documents-and-figures/SLAM%20talk%202017%20April%2010.pdf",
    "status": "active"
  },
  {
    "ID": 1271,
    "resourceID": 11217,
    "label": "WebPage",
    "URL": "https://sites.google.com/a/s4s.com/sockeye-cumulative-impacts/home/documents-and-figures/Transit%2010%20–%20a%20status%20report.pdf",
    "status": "active"
  },
  {
    "ID": 1272,
    "resourceID": 11217,
    "label": "WebPage",
    "URL": "http://waves-vagues.dfo-mpo.gc.ca/Library/361270.pdf",
    "status": "active"
  },
  {
    "ID": 1273,
    "resourceID": 11217,
    "label": "WebPage",
    "URL": "www.gofishbc.com",
    "status": "active"
  }
]