"","x"
"1","CREATE (:person{resourceNodeTypeID:11210, resourceNodeSubTypeID:0, ID:1, label:'Aaron Burgoyne', name:'', description:'', status:'active', start_date:'2017-01-24', end_date:'', nameString:'Aaron Burgoyne', first_name:'Aaron', last_name:'Burgoyne'})"
"2","CREATE (:person{resourceNodeTypeID:11210, resourceNodeSubTypeID:0, ID:2, label:'Adam Bruno', name:'', description:'', status:'active', start_date:'2017-01-24', end_date:'', nameString:'Adam Bruno', first_name:'Adam', last_name:'Bruno'})"
"3","CREATE (:person{resourceNodeTypeID:11210, resourceNodeSubTypeID:0, ID:3, label:'Adam Burns', name:'', description:'', status:'active', start_date:'2017-01-24', end_date:'', nameString:'Adam Burns', first_name:'Adam', last_name:'Burns'})"
"4","CREATE (:person{resourceNodeTypeID:11210, resourceNodeSubTypeID:0, ID:4, label:'Adam Silverstein', name:'', description:'', status:'active', start_date:'2017-01-24', end_date:'', nameString:'Adam Silverstein', first_name:'Adam', last_name:'Silverstein'})"
"5","CREATE (:person{resourceNodeTypeID:11210, resourceNodeSubTypeID:0, ID:5, label:'Adena Peters', name:'', description:'', status:'active', start_date:'2017-01-24', end_date:'', nameString:'Adena Peters', first_name:'Adena', last_name:'Peters'})"
"6","CREATE (:person{resourceNodeTypeID:11210, resourceNodeSubTypeID:0, ID:6, label:'Al Jonsson', name:'', description:'', status:'active', start_date:'2017-01-24', end_date:'', nameString:'Al Jonsson', first_name:'Al', last_name:'Jonsson'})"
"7","CREATE (:person{resourceNodeTypeID:11210, resourceNodeSubTypeID:0, ID:7, label:'Alanna MacFarlane', name:'', description:'', status:'active', start_date:'2017-01-24', end_date:'', nameString:'Alanna MacFarlane', first_name:'Alanna', last_name:'MacFarlane'})"
"8","CREATE (:person{resourceNodeTypeID:11210, resourceNodeSubTypeID:0, ID:8, label:'Aleta Rushton', name:'', description:'', status:'active', start_date:'2017-01-24', end_date:'', nameString:'Aleta Rushton', first_name:'Aleta', last_name:'Rushton'})"
"9","CREATE (:person{resourceNodeTypeID:11210, resourceNodeSubTypeID:0, ID:9, label:'Alex Levy', name:'', description:'', status:'active', start_date:'2017-01-24', end_date:'', nameString:'Alex Levy', first_name:'Alex', last_name:'Levy'})"
"10","CREATE (:person{resourceNodeTypeID:11210, resourceNodeSubTypeID:0, ID:10, label:'Alfred Lavallee', name:'', description:'', status:'active', start_date:'2017-01-24', end_date:'', nameString:'Alfred Lavallee', first_name:'Alfred', last_name:'Lavallee'})"
"11","CREATE (:person{resourceNodeTypeID:11210, resourceNodeSubTypeID:0, ID:11, label:'Allison Webb', name:'', description:'', status:'active', start_date:'2017-01-24', end_date:'', nameString:'Allison Webb', first_name:'Allison', last_name:'Webb'})"
"12","CREATE (:person{resourceNodeTypeID:11210, resourceNodeSubTypeID:0, ID:12, label:'Amanda Metz', name:'', description:'', status:'active', start_date:'2017-01-24', end_date:'', nameString:'Amanda Metz', first_name:'Amanda', last_name:'Metz'})"
"13","CREATE (:person{resourceNodeTypeID:11210, resourceNodeSubTypeID:0, ID:13, label:'Andrea Goruk', name:'', description:'', status:'active', start_date:'2017-01-24', end_date:'', nameString:'Andrea Goruk', first_name:'Andrea', last_name:'Goruk'})"
"14","CREATE (:person{resourceNodeTypeID:11210, resourceNodeSubTypeID:0, ID:14, label:'Andrew Campbell', name:'', description:'', status:'active', start_date:'2017-01-24', end_date:'', nameString:'Andrew Campbell', first_name:'Andrew', last_name:'Campbell'})"
"15","CREATE (:person{resourceNodeTypeID:11210, resourceNodeSubTypeID:0, ID:15, label:'Andrew Grant', name:'', description:'', status:'active', start_date:'2017-01-24', end_date:'', nameString:'Andrew Grant', first_name:'Andrew', last_name:'Grant'})"
"16","CREATE (:person{resourceNodeTypeID:11210, resourceNodeSubTypeID:0, ID:16, label:'Andrew MacDonald', name:'', description:'', status:'active', start_date:'2017-01-24', end_date:'', nameString:'Andrew MacDonald', first_name:'Andrew', last_name:'MacDonald'})"
"17","CREATE (:person{resourceNodeTypeID:11210, resourceNodeSubTypeID:0, ID:17, label:'Andrew Pereboom', name:'', description:'', status:'active', start_date:'2017-01-24', end_date:'', nameString:'Andrew Pereboom', first_name:'Andrew', last_name:'Pereboom'})"
"18","CREATE (:person{resourceNodeTypeID:11210, resourceNodeSubTypeID:0, ID:18, label:'Andrew Smith', name:'', description:'', status:'active', start_date:'2017-01-24', end_date:'', nameString:'Andrew Smith', first_name:'Andrew', last_name:'Smith'})"
"19","CREATE (:person{resourceNodeTypeID:11210, resourceNodeSubTypeID:0, ID:19, label:'Andrew Thomson', name:'', description:'', status:'active', start_date:'2017-01-24', end_date:'', nameString:'Andrew Thomson', first_name:'Andrew', last_name:'Thomson'})"
"20","CREATE (:person{resourceNodeTypeID:11210, resourceNodeSubTypeID:0, ID:20, label:'Andy Carlick', name:'', description:'', status:'active', start_date:'2017-01-24', end_date:'', nameString:'Andy Carlick', first_name:'Andy', last_name:'Carlick'})"
"21","CREATE (:person{resourceNodeTypeID:11210, resourceNodeSubTypeID:0, ID:21, label:'Andy Lewis', name:'', description:'', status:'active', start_date:'2017-01-24', end_date:'', nameString:'Andy Lewis', first_name:'Andy', last_name:'Lewis'})"
"22","CREATE (:person{resourceNodeTypeID:11210, resourceNodeSubTypeID:0, ID:22, label:'Angela Bate', name:'', description:'', status:'active', start_date:'2017-01-24', end_date:'', nameString:'Angela Bate', first_name:'Angela', last_name:'Bate'})"
"23","CREATE (:person{resourceNodeTypeID:11210, resourceNodeSubTypeID:0, ID:23, label:'Angela Stadel', name:'', description:'', status:'active', start_date:'2017-01-24', end_date:'', nameString:'Angela Stadel', first_name:'Angela', last_name:'Stadel'})"
"24","CREATE (:person{resourceNodeTypeID:11210, resourceNodeSubTypeID:0, ID:24, label:'Ann Susnik', name:'', description:'', status:'active', start_date:'2017-01-24', end_date:'', nameString:'Ann Susnik', first_name:'Ann', last_name:'Susnik'})"
"25","CREATE (:person{resourceNodeTypeID:11210, resourceNodeSubTypeID:0, ID:25, label:'Ann-Marie Huang', name:'', description:'', status:'active', start_date:'2017-01-24', end_date:'', nameString:'Ann-Marie Huang', first_name:'Ann-Marie', last_name:'Huang'})"
"26","CREATE (:person{resourceNodeTypeID:11210, resourceNodeSubTypeID:0, ID:26, label:'Anna MacDonnell', name:'', description:'', status:'active', start_date:'2017-01-24', end_date:'', nameString:'Anna MacDonnell', first_name:'Anna', last_name:'MacDonnell'})"
"27","CREATE (:person{resourceNodeTypeID:11210, resourceNodeSubTypeID:0, ID:27, label:'Antonio Velez-Espino', name:'', description:'', status:'active', start_date:'2017-01-24', end_date:'', nameString:'Antonio Velez-Espino', first_name:'Antonio', last_name:'Velez-Espino'})"
"28","CREATE (:person{resourceNodeTypeID:11210, resourceNodeSubTypeID:0, ID:28, label:'Art Demsky', name:'', description:'', status:'active', start_date:'2017-01-24', end_date:'', nameString:'Art Demsky', first_name:'Art', last_name:'Demsky'})"
"29","CREATE (:person{resourceNodeTypeID:11210, resourceNodeSubTypeID:0, ID:29, label:'Ashley Uittenbogaard', name:'', description:'', status:'active', start_date:'2017-01-24', end_date:'', nameString:'Ashley Uittenbogaard', first_name:'Ashley', last_name:'Uittenbogaard'})"
"30","CREATE (:person{resourceNodeTypeID:11210, resourceNodeSubTypeID:0, ID:30, label:'Athena Ogden', name:'', description:'', status:'active', start_date:'2017-01-24', end_date:'', nameString:'Athena Ogden', first_name:'Athena', last_name:'Ogden'})"
"31","CREATE (:person{resourceNodeTypeID:11210, resourceNodeSubTypeID:0, ID:31, label:'Averil Lamont', name:'', description:'', status:'active', start_date:'2017-01-24', end_date:'', nameString:'Averil Lamont', first_name:'Averil', last_name:'Lamont'})"
"32","CREATE (:person{resourceNodeTypeID:11210, resourceNodeSubTypeID:0, ID:32, label:'Barbara Mueller', name:'', description:'', status:'active', start_date:'2017-01-24', end_date:'', nameString:'Barbara Mueller', first_name:'Barbara', last_name:'Mueller'})"
"33","CREATE (:person{resourceNodeTypeID:11210, resourceNodeSubTypeID:0, ID:33, label:'Barry Finnegan', name:'', description:'', status:'active', start_date:'2017-01-24', end_date:'', nameString:'Barry Finnegan', first_name:'Barry', last_name:'Finnegan'})"
"34","CREATE (:person{resourceNodeTypeID:11210, resourceNodeSubTypeID:0, ID:34, label:'Becky Graham', name:'', description:'', status:'active', start_date:'2017-01-24', end_date:'', nameString:'Becky Graham', first_name:'Becky', last_name:'Graham'})"
"35","CREATE (:person{resourceNodeTypeID:11210, resourceNodeSubTypeID:0, ID:35, label:'Beth Lenentine', name:'', description:'', status:'active', start_date:'2017-01-24', end_date:'', nameString:'Beth Lenentine', first_name:'Beth', last_name:'Lenentine'})"
"36","CREATE (:person{resourceNodeTypeID:11210, resourceNodeSubTypeID:0, ID:36, label:'Beth Pechter', name:'', description:'', status:'active', start_date:'2017-01-24', end_date:'', nameString:'Beth Pechter', first_name:'Beth', last_name:'Pechter'})"
"37","CREATE (:person{resourceNodeTypeID:11210, resourceNodeSubTypeID:0, ID:37, label:'Bhagwant Sandhu', name:'', description:'', status:'active', start_date:'2017-01-24', end_date:'', nameString:'Bhagwant Sandhu', first_name:'Bhagwant', last_name:'Sandhu'})"
"38","CREATE (:person{resourceNodeTypeID:11210, resourceNodeSubTypeID:0, ID:38, label:'Bill Waugh', name:'', description:'', status:'active', start_date:'2017-01-24', end_date:'', nameString:'Bill Waugh', first_name:'Bill', last_name:'Waugh'})"
"39","CREATE (:person{resourceNodeTypeID:11210, resourceNodeSubTypeID:0, ID:39, label:'Bob Devlin', name:'', description:'', status:'active', start_date:'2017-01-24', end_date:'', nameString:'Bob Devlin', first_name:'Bob', last_name:'Devlin'})"
"40","CREATE (:person{resourceNodeTypeID:11210, resourceNodeSubTypeID:0, ID:40, label:'Bob Stanton', name:'', description:'', status:'active', start_date:'2017-01-24', end_date:'', nameString:'Bob Stanton', first_name:'Bob', last_name:'Stanton'})"
"41","CREATE (:person{resourceNodeTypeID:11210, resourceNodeSubTypeID:0, ID:41, label:'Bonnie Antcliffe', name:'', description:'', status:'active', start_date:'2017-01-24', end_date:'', nameString:'Bonnie Antcliffe', first_name:'Bonnie', last_name:'Antcliffe'})"
"42","CREATE (:person{resourceNodeTypeID:11210, resourceNodeSubTypeID:0, ID:42, label:'Brad Beaith', name:'', description:'', status:'active', start_date:'2017-01-24', end_date:'', nameString:'Brad Beaith', first_name:'Brad', last_name:'Beaith'})"
"43","CREATE (:person{resourceNodeTypeID:11210, resourceNodeSubTypeID:0, ID:43, label:'Brad Fanos', name:'', description:'', status:'active', start_date:'2017-01-24', end_date:'', nameString:'Brad Fanos', first_name:'Brad', last_name:'Fanos'})"
"44","CREATE (:person{resourceNodeTypeID:11210, resourceNodeSubTypeID:0, ID:44, label:'Brad Wattie', name:'', description:'', status:'active', start_date:'2017-01-24', end_date:'', nameString:'Brad Wattie', first_name:'Brad', last_name:'Wattie'})"
"45","CREATE (:person{resourceNodeTypeID:11210, resourceNodeSubTypeID:0, ID:45, label:'Bradley Koroluk', name:'', description:'', status:'active', start_date:'2017-01-24', end_date:'', nameString:'Bradley Koroluk', first_name:'Bradley', last_name:'Koroluk'})"
"46","CREATE (:person{resourceNodeTypeID:11210, resourceNodeSubTypeID:0, ID:46, label:'Brenda Ridgway', name:'', description:'', status:'active', start_date:'2017-01-24', end_date:'', nameString:'Brenda Ridgway', first_name:'Brenda', last_name:'Ridgway'})"
"47","CREATE (:person{resourceNodeTypeID:11210, resourceNodeSubTypeID:0, ID:47, label:'Brenda Wright', name:'', description:'', status:'active', start_date:'2017-01-24', end_date:'', nameString:'Brenda Wright', first_name:'Brenda', last_name:'Wright'})"
"48","CREATE (:person{resourceNodeTypeID:11210, resourceNodeSubTypeID:0, ID:48, label:'Brian Dempson', name:'', description:'', status:'active', start_date:'2017-01-24', end_date:'', nameString:'Brian Dempson', first_name:'Brian', last_name:'Dempson'})"
"49","CREATE (:person{resourceNodeTypeID:11210, resourceNodeSubTypeID:0, ID:49, label:'Brian Leaf', name:'', description:'', status:'active', start_date:'2017-01-24', end_date:'', nameString:'Brian Leaf', first_name:'Brian', last_name:'Leaf'})"
"50","CREATE (:person{resourceNodeTypeID:11210, resourceNodeSubTypeID:0, ID:50, label:'Brian Matts', name:'', description:'', status:'active', start_date:'2017-01-24', end_date:'', nameString:'Brian Matts', first_name:'Brian', last_name:'Matts'})"
"51","CREATE (:person{resourceNodeTypeID:11210, resourceNodeSubTypeID:0, ID:51, label:'Brian Polchies', name:'', description:'', status:'active', start_date:'2017-01-24', end_date:'', nameString:'Brian Polchies', first_name:'Brian', last_name:'Polchies'})"
"52","CREATE (:person{resourceNodeTypeID:11210, resourceNodeSubTypeID:0, ID:52, label:'Brittany Jenewein', name:'', description:'', status:'active', start_date:'2017-01-24', end_date:'', nameString:'Brittany Jenewein', first_name:'Brittany', last_name:'Jenewein'})"
"53","CREATE (:person{resourceNodeTypeID:11210, resourceNodeSubTypeID:0, ID:53, label:'Bronwyn MacDonald', name:'', description:'', status:'active', start_date:'2017-01-24', end_date:'', nameString:'Bronwyn MacDonald', first_name:'Bronwyn', last_name:'MacDonald'})"
"54","CREATE (:person{resourceNodeTypeID:11210, resourceNodeSubTypeID:0, ID:54, label:'Brooke Davis', name:'', description:'', status:'active', start_date:'2017-01-24', end_date:'', nameString:'Brooke Davis', first_name:'Brooke', last_name:'Davis'})"
"55","CREATE (:person{resourceNodeTypeID:11210, resourceNodeSubTypeID:0, ID:55, label:'Bruce Baxter', name:'', description:'', status:'active', start_date:'2017-01-24', end_date:'', nameString:'Bruce Baxter', first_name:'Bruce', last_name:'Baxter'})"
"56","CREATE (:person{resourceNodeTypeID:11210, resourceNodeSubTypeID:0, ID:56, label:'Bruce Patten', name:'', description:'', status:'active', start_date:'2017-01-24', end_date:'', nameString:'Bruce Patten', first_name:'Bruce', last_name:'Patten'})"
"57","CREATE (:person{resourceNodeTypeID:11210, resourceNodeSubTypeID:0, ID:57, label:'Bruce Whitehead', name:'', description:'', status:'active', start_date:'2017-01-24', end_date:'', nameString:'Bruce Whitehead', first_name:'Bruce', last_name:'Whitehead'})"
"58","CREATE (:person{resourceNodeTypeID:11210, resourceNodeSubTypeID:0, ID:58, label:'Bryan Rusch', name:'', description:'', status:'active', start_date:'2017-01-24', end_date:'', nameString:'Bryan Rusch', first_name:'Bryan', last_name:'Rusch'})"
"59","CREATE (:person{resourceNodeTypeID:11210, resourceNodeSubTypeID:0, ID:59, label:'Carlos Martinez', name:'', description:'', status:'active', start_date:'2017-01-24', end_date:'', nameString:'Carlos Martinez', first_name:'Carlos', last_name:'Martinez'})"
"60","CREATE (:person{resourceNodeTypeID:11210, resourceNodeSubTypeID:0, ID:60, label:'Carmel Lowe', name:'', description:'', status:'active', start_date:'2017-01-24', end_date:'', nameString:'Carmel Lowe', first_name:'Carmel', last_name:'Lowe'})"
"61","CREATE (:person{resourceNodeTypeID:11210, resourceNodeSubTypeID:0, ID:61, label:'Carmen McConnell', name:'', description:'', status:'active', start_date:'2017-01-24', end_date:'', nameString:'Carmen McConnell', first_name:'Carmen', last_name:'McConnell'})"
"62","CREATE (:person{resourceNodeTypeID:11210, resourceNodeSubTypeID:0, ID:62, label:'Carole Grant', name:'', description:'', status:'active', start_date:'2017-01-24', end_date:'', nameString:'Carole Grant', first_name:'Carole', last_name:'Grant'})"
"63","CREATE (:person{resourceNodeTypeID:11210, resourceNodeSubTypeID:0, ID:63, label:'Carolyn Harvie', name:'', description:'', status:'active', start_date:'2017-01-24', end_date:'', nameString:'Carolyn Harvie', first_name:'Carolyn', last_name:'Harvie'})"
"64","CREATE (:person{resourceNodeTypeID:11210, resourceNodeSubTypeID:0, ID:64, label:'Carrie Holt', name:'', description:'', status:'active', start_date:'2017-01-24', end_date:'', nameString:'Carrie Holt', first_name:'Carrie', last_name:'Holt'})"
"65","CREATE (:person{resourceNodeTypeID:11210, resourceNodeSubTypeID:0, ID:65, label:'Cathy McClean', name:'', description:'', status:'active', start_date:'2017-01-24', end_date:'', nameString:'Cathy McClean', first_name:'Cathy', last_name:'McClean'})"
"66","CREATE (:person{resourceNodeTypeID:11210, resourceNodeSubTypeID:0, ID:66, label:'Chad Ridley', name:'', description:'', status:'active', start_date:'2017-01-24', end_date:'', nameString:'Chad Ridley', first_name:'Chad', last_name:'Ridley'})"
"67","CREATE (:person{resourceNodeTypeID:11210, resourceNodeSubTypeID:0, ID:67, label:'Chantal Nessman', name:'', description:'', status:'active', start_date:'2017-01-24', end_date:'', nameString:'Chantal Nessman', first_name:'Chantal', last_name:'Nessman'})"
"68","CREATE (:person{resourceNodeTypeID:11210, resourceNodeSubTypeID:0, ID:68, label:'Cheryl Webb', name:'', description:'', status:'active', start_date:'2017-01-24', end_date:'', nameString:'Cheryl Webb', first_name:'Cheryl', last_name:'Webb'})"
"69","CREATE (:person{resourceNodeTypeID:11210, resourceNodeSubTypeID:0, ID:69, label:'Chris Carr', name:'', description:'', status:'active', start_date:'2017-01-24', end_date:'', nameString:'Chris Carr', first_name:'Chris', last_name:'Carr'})"
"70","CREATE (:person{resourceNodeTypeID:11210, resourceNodeSubTypeID:0, ID:70, label:'Chris McKindsey', name:'', description:'', status:'active', start_date:'2017-01-24', end_date:'', nameString:'Chris McKindsey', first_name:'Chris', last_name:'McKindsey'})"
"71","CREATE (:person{resourceNodeTypeID:11210, resourceNodeSubTypeID:0, ID:71, label:'Christine Bukta', name:'', description:'', status:'active', start_date:'2017-01-24', end_date:'', nameString:'Christine Bukta', first_name:'Christine', last_name:'Bukta'})"
"72","CREATE (:person{resourceNodeTypeID:11210, resourceNodeSubTypeID:0, ID:72, label:'Christine MacWilliams', name:'', description:'', status:'active', start_date:'2017-01-24', end_date:'', nameString:'Christine MacWilliams', first_name:'Christine', last_name:'MacWilliams'})"
"73","CREATE (:person{resourceNodeTypeID:11210, resourceNodeSubTypeID:0, ID:73, label:'Christy Wilson', name:'', description:'', status:'active', start_date:'2017-01-24', end_date:'', nameString:'Christy Wilson', first_name:'Christy', last_name:'Wilson'})"
"74","CREATE (:person{resourceNodeTypeID:11210, resourceNodeSubTypeID:0, ID:74, label:'Chrys Neville', name:'', description:'', status:'active', start_date:'2017-01-24', end_date:'', nameString:'Chrys Neville', first_name:'Chrys', last_name:'Neville'})"
"75","CREATE (:person{resourceNodeTypeID:11210, resourceNodeSubTypeID:0, ID:75, label:'Chuck Parken', name:'', description:'', status:'active', start_date:'2017-01-24', end_date:'', nameString:'Chuck Parken', first_name:'Chuck', last_name:'Parken'})"
"76","CREATE (:person{resourceNodeTypeID:11210, resourceNodeSubTypeID:0, ID:76, label:'Cindy Breau', name:'', description:'', status:'active', start_date:'2017-01-24', end_date:'', nameString:'Cindy Breau', first_name:'Cindy', last_name:'Breau'})"
"77","CREATE (:person{resourceNodeTypeID:11210, resourceNodeSubTypeID:0, ID:77, label:'Cindy Wong', name:'', description:'', status:'active', start_date:'2017-01-24', end_date:'', nameString:'Cindy Wong', first_name:'Cindy', last_name:'Wong'})"
"78","CREATE (:person{resourceNodeTypeID:11210, resourceNodeSubTypeID:0, ID:78, label:'Claude Fitzherbert', name:'', description:'', status:'active', start_date:'2017-01-24', end_date:'', nameString:'Claude Fitzherbert', first_name:'Claude', last_name:'Fitzherbert'})"
"79","CREATE (:person{resourceNodeTypeID:11210, resourceNodeSubTypeID:0, ID:79, label:'Colin Masson', name:'', description:'', status:'active', start_date:'2017-01-24', end_date:'', nameString:'Colin Masson', first_name:'Colin', last_name:'Masson'})"
"80","CREATE (:person{resourceNodeTypeID:11210, resourceNodeSubTypeID:0, ID:80, label:'Colin McGregor', name:'', description:'', status:'active', start_date:'2017-01-24', end_date:'', nameString:'Colin McGregor', first_name:'Colin', last_name:'McGregor'})"
"81","CREATE (:person{resourceNodeTypeID:11210, resourceNodeSubTypeID:0, ID:81, label:'Colin Nettles', name:'', description:'', status:'active', start_date:'2017-01-24', end_date:'', nameString:'Colin Nettles', first_name:'Colin', last_name:'Nettles'})"
"82","CREATE (:person{resourceNodeTypeID:11210, resourceNodeSubTypeID:0, ID:82, label:'Corey Martens', name:'', description:'', status:'active', start_date:'2017-01-24', end_date:'', nameString:'Corey Martens', first_name:'Corey', last_name:'Martens'})"
"83","CREATE (:person{resourceNodeTypeID:11210, resourceNodeSubTypeID:0, ID:83, label:'Corino Salomi', name:'', description:'', status:'active', start_date:'2017-01-24', end_date:'', nameString:'Corino Salomi', first_name:'Corino', last_name:'Salomi'})"
"84","CREATE (:person{resourceNodeTypeID:11210, resourceNodeSubTypeID:0, ID:84, label:'Craig Keddy', name:'', description:'', status:'active', start_date:'2017-01-24', end_date:'', nameString:'Craig Keddy', first_name:'Craig', last_name:'Keddy'})"
"85","CREATE (:person{resourceNodeTypeID:11210, resourceNodeSubTypeID:0, ID:85, label:'Cynthia Hawthorne', name:'', description:'', status:'active', start_date:'2017-01-24', end_date:'', nameString:'Cynthia Hawthorne', first_name:'Cynthia', last_name:'Hawthorne'})"
"86","CREATE (:person{resourceNodeTypeID:11210, resourceNodeSubTypeID:0, ID:86, label:'Dale Desrochers', name:'', description:'', status:'active', start_date:'2017-01-24', end_date:'', nameString:'Dale Desrochers', first_name:'Dale', last_name:'Desrochers'})"
"87","CREATE (:person{resourceNodeTypeID:11210, resourceNodeSubTypeID:0, ID:87, label:'Dale Michie', name:'', description:'', status:'active', start_date:'2017-01-24', end_date:'', nameString:'Dale Michie', first_name:'Dale', last_name:'Michie'})"
"88","CREATE (:person{resourceNodeTypeID:11210, resourceNodeSubTypeID:0, ID:88, label:'Dan Selbie', name:'', description:'', status:'active', start_date:'2017-01-24', end_date:'', nameString:'Dan Selbie', first_name:'Dan', last_name:'Selbie'})"
"89","CREATE (:person{resourceNodeTypeID:11210, resourceNodeSubTypeID:0, ID:89, label:'Daniel Caissie', name:'', description:'', status:'active', start_date:'2017-01-24', end_date:'', nameString:'Daniel Caissie', first_name:'Daniel', last_name:'Caissie'})"
"90","CREATE (:person{resourceNodeTypeID:11210, resourceNodeSubTypeID:0, ID:90, label:'Darcy McNicholl', name:'', description:'', status:'active', start_date:'2017-01-24', end_date:'', nameString:'Darcy McNicholl', first_name:'Darcy', last_name:'McNicholl'})"
"91","CREATE (:person{resourceNodeTypeID:11210, resourceNodeSubTypeID:0, ID:91, label:'Darren Goetze', name:'', description:'', status:'active', start_date:'2017-01-24', end_date:'', nameString:'Darren Goetze', first_name:'Darren', last_name:'Goetze'})"
"92","CREATE (:person{resourceNodeTypeID:11210, resourceNodeSubTypeID:0, ID:92, label:'Dave Davies', name:'', description:'', status:'active', start_date:'2017-01-24', end_date:'', nameString:'Dave Davies', first_name:'Dave', last_name:'Davies'})"
"93","CREATE (:person{resourceNodeTypeID:11210, resourceNodeSubTypeID:0, ID:93, label:'Dave Loop', name:'', description:'', status:'active', start_date:'2017-01-24', end_date:'', nameString:'Dave Loop', first_name:'Dave', last_name:'Loop'})"
"94","CREATE (:person{resourceNodeTypeID:11210, resourceNodeSubTypeID:0, ID:94, label:'Dave Nanson', name:'', description:'', status:'active', start_date:'2017-01-24', end_date:'', nameString:'Dave Nanson', first_name:'Dave', last_name:'Nanson'})"
"95","CREATE (:person{resourceNodeTypeID:11210, resourceNodeSubTypeID:0, ID:95, label:'David Cairns', name:'', description:'', status:'active', start_date:'2017-01-24', end_date:'', nameString:'David Cairns', first_name:'David', last_name:'Cairns'})"
"96","CREATE (:person{resourceNodeTypeID:11210, resourceNodeSubTypeID:0, ID:96, label:'David Hardie', name:'', description:'', status:'active', start_date:'2017-01-24', end_date:'', nameString:'David Hardie', first_name:'David', last_name:'Hardie'})"
"97","CREATE (:person{resourceNodeTypeID:11210, resourceNodeSubTypeID:0, ID:97, label:'David O'Brien', name:'', description:'', status:'active', start_date:'2017-01-24', end_date:'', nameString:'David O'Brien', first_name:'David', last_name:'O'Brien'})"
"98","CREATE (:person{resourceNodeTypeID:11210, resourceNodeSubTypeID:0, ID:98, label:'David Patterson', name:'', description:'', status:'active', start_date:'2017-01-24', end_date:'', nameString:'David Patterson', first_name:'David', last_name:'Patterson'})"
"99","CREATE (:person{resourceNodeTypeID:11210, resourceNodeSubTypeID:0, ID:99, label:'David Willis', name:'', description:'', status:'active', start_date:'2017-01-24', end_date:'', nameString:'David Willis', first_name:'David', last_name:'Willis'})"
"100","CREATE (:person{resourceNodeTypeID:11210, resourceNodeSubTypeID:0, ID:100, label:'Dawn Lewis', name:'', description:'', status:'active', start_date:'2017-01-24', end_date:'', nameString:'Dawn Lewis', first_name:'Dawn', last_name:'Lewis'})"
"101","CREATE (:person{resourceNodeTypeID:11210, resourceNodeSubTypeID:0, ID:101, label:'Dean Allan', name:'', description:'', status:'active', start_date:'2017-01-24', end_date:'', nameString:'Dean Allan', first_name:'Dean', last_name:'Allan'})"
"102","CREATE (:person{resourceNodeTypeID:11210, resourceNodeSubTypeID:0, ID:102, label:'Dennis Klassen', name:'', description:'', status:'active', start_date:'2017-01-24', end_date:'', nameString:'Dennis Klassen', first_name:'Dennis', last_name:'Klassen'})"
"103","CREATE (:person{resourceNodeTypeID:11210, resourceNodeSubTypeID:0, ID:103, label:'Denver Gilbert', name:'', description:'', status:'active', start_date:'2017-01-24', end_date:'', nameString:'Denver Gilbert', first_name:'Denver', last_name:'Gilbert'})"
"104","CREATE (:person{resourceNodeTypeID:11210, resourceNodeSubTypeID:0, ID:104, label:'Devona Adams', name:'', description:'', status:'active', start_date:'2017-01-24', end_date:'', nameString:'Devona Adams', first_name:'Devona', last_name:'Adams'})"
"105","CREATE (:person{resourceNodeTypeID:11210, resourceNodeSubTypeID:0, ID:105, label:'Diana Dobson', name:'', description:'', status:'active', start_date:'2017-01-24', end_date:'', nameString:'Diana Dobson', first_name:'Diana', last_name:'Dobson'})"
"106","CREATE (:person{resourceNodeTypeID:11210, resourceNodeSubTypeID:0, ID:106, label:'Diana McHugh', name:'', description:'', status:'active', start_date:'2017-01-24', end_date:'', nameString:'Diana McHugh', first_name:'Diana', last_name:'McHugh'})"
"107","CREATE (:person{resourceNodeTypeID:11210, resourceNodeSubTypeID:0, ID:107, label:'Diane Lavoie', name:'', description:'', status:'active', start_date:'2017-01-24', end_date:'', nameString:'Diane Lavoie', first_name:'Diane', last_name:'Lavoie'})"
"108","CREATE (:person{resourceNodeTypeID:11210, resourceNodeSubTypeID:0, ID:108, label:'Don MacKinlay', name:'', description:'', status:'active', start_date:'2017-01-24', end_date:'', nameString:'Don MacKinlay', first_name:'Don', last_name:'MacKinlay'})"
"109","CREATE (:person{resourceNodeTypeID:11210, resourceNodeSubTypeID:0, ID:109, label:'Don Radford', name:'', description:'', status:'active', start_date:'2017-01-24', end_date:'', nameString:'Don Radford', first_name:'Don', last_name:'Radford'})"
"110","CREATE (:person{resourceNodeTypeID:11210, resourceNodeSubTypeID:0, ID:110, label:'Doug Bliss', name:'', description:'', status:'active', start_date:'2017-01-24', end_date:'', nameString:'Doug Bliss', first_name:'Doug', last_name:'Bliss'})"
"111","CREATE (:person{resourceNodeTypeID:11210, resourceNodeSubTypeID:0, ID:111, label:'Doug Clift', name:'', description:'', status:'active', start_date:'2017-01-24', end_date:'', nameString:'Doug Clift', first_name:'Doug', last_name:'Clift'})"
"112","CREATE (:person{resourceNodeTypeID:11210, resourceNodeSubTypeID:0, ID:112, label:'Doug Herriott', name:'', description:'', status:'active', start_date:'2017-01-24', end_date:'', nameString:'Doug Herriott', first_name:'Doug', last_name:'Herriott'})"
"113","CREATE (:person{resourceNodeTypeID:11210, resourceNodeSubTypeID:0, ID:113, label:'Eamon Miyagi', name:'', description:'', status:'active', start_date:'2017-01-24', end_date:'', nameString:'Eamon Miyagi', first_name:'Eamon', last_name:'Miyagi'})"
"114","CREATE (:person{resourceNodeTypeID:11210, resourceNodeSubTypeID:0, ID:114, label:'Ed Walls', name:'', description:'', status:'active', start_date:'2017-01-24', end_date:'', nameString:'Ed Walls', first_name:'Ed', last_name:'Walls'})"
"115","CREATE (:person{resourceNodeTypeID:11210, resourceNodeSubTypeID:0, ID:115, label:'Eddy Kennedy', name:'', description:'', status:'active', start_date:'2017-01-24', end_date:'', nameString:'Eddy Kennedy', first_name:'Eddy', last_name:'Kennedy'})"
"116","CREATE (:person{resourceNodeTypeID:11210, resourceNodeSubTypeID:0, ID:116, label:'Elan Park', name:'', description:'', status:'active', start_date:'2017-01-24', end_date:'', nameString:'Elan Park', first_name:'Elan', last_name:'Park'})"
"117","CREATE (:person{resourceNodeTypeID:11210, resourceNodeSubTypeID:0, ID:117, label:'Erica Blake', name:'', description:'', status:'active', start_date:'2017-01-24', end_date:'', nameString:'Erica Blake', first_name:'Erica', last_name:'Blake'})"
"118","CREATE (:person{resourceNodeTypeID:11210, resourceNodeSubTypeID:0, ID:118, label:'Erik Grundmann', name:'', description:'', status:'active', start_date:'2017-01-24', end_date:'', nameString:'Erik Grundmann', first_name:'Erik', last_name:'Grundmann'})"
"119","CREATE (:person{resourceNodeTypeID:11210, resourceNodeSubTypeID:0, ID:119, label:'Erin Dunne', name:'', description:'', status:'active', start_date:'2017-01-24', end_date:'', nameString:'Erin Dunne', first_name:'Erin', last_name:'Dunne'})"
"120","CREATE (:person{resourceNodeTypeID:11210, resourceNodeSubTypeID:0, ID:120, label:'Erin Porszt', name:'', description:'', status:'active', start_date:'2017-01-24', end_date:'', nameString:'Erin Porszt', first_name:'Erin', last_name:'Porszt'})"
"121","CREATE (:person{resourceNodeTypeID:11210, resourceNodeSubTypeID:0, ID:121, label:'Frank Corbett', name:'', description:'', status:'active', start_date:'2017-01-24', end_date:'', nameString:'Frank Corbett', first_name:'Frank', last_name:'Corbett'})"
"122","CREATE (:person{resourceNodeTypeID:11210, resourceNodeSubTypeID:0, ID:122, label:'Frank Quinn', name:'', description:'', status:'active', start_date:'2017-01-24', end_date:'', nameString:'Frank Quinn', first_name:'Frank', last_name:'Quinn'})"
"123","CREATE (:person{resourceNodeTypeID:11210, resourceNodeSubTypeID:0, ID:123, label:'Fred Phelan', name:'', description:'', status:'active', start_date:'2017-01-24', end_date:'', nameString:'Fred Phelan', first_name:'Fred', last_name:'Phelan'})"
"124","CREATE (:person{resourceNodeTypeID:11210, resourceNodeSubTypeID:0, ID:124, label:'Frederic Butruille', name:'', description:'', status:'active', start_date:'2017-01-24', end_date:'', nameString:'Frederic Butruille', first_name:'Frederic', last_name:'Butruille'})"
"125","CREATE (:person{resourceNodeTypeID:11210, resourceNodeSubTypeID:0, ID:125, label:'Garrett Lidin', name:'', description:'', status:'active', start_date:'2017-01-24', end_date:'', nameString:'Garrett Lidin', first_name:'Garrett', last_name:'Lidin'})"
"126","CREATE (:person{resourceNodeTypeID:11210, resourceNodeSubTypeID:0, ID:126, label:'Garry Zwack', name:'', description:'', status:'active', start_date:'2017-01-24', end_date:'', nameString:'Garry Zwack', first_name:'Garry', last_name:'Zwack'})"
"127","CREATE (:person{resourceNodeTypeID:11210, resourceNodeSubTypeID:0, ID:127, label:'Gary Miller', name:'', description:'', status:'active', start_date:'2017-01-24', end_date:'', nameString:'Gary Miller', first_name:'Gary', last_name:'Miller'})"
"128","CREATE (:person{resourceNodeTypeID:11210, resourceNodeSubTypeID:0, ID:128, label:'Gary Whitlock', name:'', description:'', status:'active', start_date:'2017-01-24', end_date:'', nameString:'Gary Whitlock', first_name:'Gary', last_name:'Whitlock'})"
"129","CREATE (:person{resourceNodeTypeID:11210, resourceNodeSubTypeID:0, ID:129, label:'Gayle Brown', name:'', description:'', status:'active', start_date:'2017-01-24', end_date:'', nameString:'Gayle Brown', first_name:'Gayle', last_name:'Brown'})"
"130","CREATE (:person{resourceNodeTypeID:11210, resourceNodeSubTypeID:0, ID:130, label:'Geoff Perry', name:'', description:'', status:'active', start_date:'2017-01-24', end_date:'', nameString:'Geoff Perry', first_name:'Geoff', last_name:'Perry'})"
"131","CREATE (:person{resourceNodeTypeID:11210, resourceNodeSubTypeID:0, ID:131, label:'Geoff Veinott', name:'', description:'', status:'active', start_date:'2017-01-24', end_date:'', nameString:'Geoff Veinott', first_name:'Geoff', last_name:'Veinott'})"
"132","CREATE (:person{resourceNodeTypeID:11210, resourceNodeSubTypeID:0, ID:132, label:'Gerald Chaput', name:'', description:'', status:'active', start_date:'2017-01-24', end_date:'', nameString:'Gerald Chaput', first_name:'Gerald', last_name:'Chaput'})"
"133","CREATE (:person{resourceNodeTypeID:11210, resourceNodeSubTypeID:0, ID:133, label:'Gilles Paulin', name:'', description:'', status:'active', start_date:'2017-01-24', end_date:'', nameString:'Gilles Paulin', first_name:'Gilles', last_name:'Paulin'})"
"134","CREATE (:person{resourceNodeTypeID:11210, resourceNodeSubTypeID:0, ID:134, label:'Gilles Verret', name:'', description:'', status:'active', start_date:'2017-01-24', end_date:'', nameString:'Gilles Verret', first_name:'Gilles', last_name:'Verret'})"
"135","CREATE (:person{resourceNodeTypeID:11210, resourceNodeSubTypeID:0, ID:135, label:'Greg Hornby', name:'', description:'', status:'active', start_date:'2017-01-24', end_date:'', nameString:'Greg Hornby', first_name:'Greg', last_name:'Hornby'})"
"136","CREATE (:person{resourceNodeTypeID:11210, resourceNodeSubTypeID:0, ID:136, label:'Greg Perley', name:'', description:'', status:'active', start_date:'2017-01-24', end_date:'', nameString:'Greg Perley', first_name:'Greg', last_name:'Perley'})"
"137","CREATE (:person{resourceNodeTypeID:11210, resourceNodeSubTypeID:0, ID:137, label:'Greg Schuler', name:'', description:'', status:'active', start_date:'2017-01-24', end_date:'', nameString:'Greg Schuler', first_name:'Greg', last_name:'Schuler'})"
"138","CREATE (:person{resourceNodeTypeID:11210, resourceNodeSubTypeID:0, ID:138, label:'Gregor Reid', name:'', description:'', status:'active', start_date:'2017-01-24', end_date:'', nameString:'Gregor Reid', first_name:'Gregor', last_name:'Reid'})"
"139","CREATE (:person{resourceNodeTypeID:11210, resourceNodeSubTypeID:0, ID:139, label:'Guy Brown', name:'', description:'', status:'active', start_date:'2017-01-24', end_date:'', nameString:'Guy Brown', first_name:'Guy', last_name:'Brown'})"
"140","CREATE (:person{resourceNodeTypeID:11210, resourceNodeSubTypeID:0, ID:140, label:'Haakon Hammer', name:'', description:'', status:'active', start_date:'2017-01-24', end_date:'', nameString:'Haakon Hammer', first_name:'Haakon', last_name:'Hammer'})"
"141","CREATE (:person{resourceNodeTypeID:11210, resourceNodeSubTypeID:0, ID:141, label:'Heather Braun', name:'', description:'', status:'active', start_date:'2017-01-24', end_date:'', nameString:'Heather Braun', first_name:'Heather', last_name:'Braun'})"
"142","CREATE (:person{resourceNodeTypeID:11210, resourceNodeSubTypeID:0, ID:142, label:'Helen Kerr', name:'', description:'', status:'active', start_date:'2017-01-24', end_date:'', nameString:'Helen Kerr', first_name:'Helen', last_name:'Kerr'})"
"143","CREATE (:person{resourceNodeTypeID:11210, resourceNodeSubTypeID:0, ID:143, label:'Helen Olynyk', name:'', description:'', status:'active', start_date:'2017-01-24', end_date:'', nameString:'Helen Olynyk', first_name:'Helen', last_name:'Olynyk'})"
"144","CREATE (:person{resourceNodeTypeID:11210, resourceNodeSubTypeID:0, ID:144, label:'Herb Redekopp', name:'', description:'', status:'active', start_date:'2017-01-24', end_date:'', nameString:'Herb Redekopp', first_name:'Herb', last_name:'Redekopp'})"
"145","CREATE (:person{resourceNodeTypeID:11210, resourceNodeSubTypeID:0, ID:145, label:'Hunter Atwin', name:'', description:'', status:'active', start_date:'2017-01-24', end_date:'', nameString:'Hunter Atwin', first_name:'Hunter', last_name:'Atwin'})"
"146","CREATE (:person{resourceNodeTypeID:11210, resourceNodeSubTypeID:0, ID:146, label:'Ian Barnes', name:'', description:'', status:'active', start_date:'2017-01-24', end_date:'', nameString:'Ian Barnes', first_name:'Ian', last_name:'Barnes'})"
"147","CREATE (:person{resourceNodeTypeID:11210, resourceNodeSubTypeID:0, ID:147, label:'Ian Boyce', name:'', description:'', status:'active', start_date:'2017-01-24', end_date:'', nameString:'Ian Boyce', first_name:'Ian', last_name:'Boyce'})"
"148","CREATE (:person{resourceNodeTypeID:11210, resourceNodeSubTypeID:0, ID:148, label:'Ian Bradbury', name:'', description:'', status:'active', start_date:'2017-01-24', end_date:'', nameString:'Ian Bradbury', first_name:'Ian', last_name:'Bradbury'})"
"149","CREATE (:person{resourceNodeTypeID:11210, resourceNodeSubTypeID:0, ID:149, label:'Ian Matthews', name:'', description:'', status:'active', start_date:'2017-01-24', end_date:'', nameString:'Ian Matthews', first_name:'Ian', last_name:'Matthews'})"
"150","CREATE (:person{resourceNodeTypeID:11210, resourceNodeSubTypeID:0, ID:150, label:'Ian Perry', name:'', description:'', status:'active', start_date:'2017-01-24', end_date:'', nameString:'Ian Perry', first_name:'Ian', last_name:'Perry'})"
"151","CREATE (:person{resourceNodeTypeID:11210, resourceNodeSubTypeID:0, ID:151, label:'Ivan Benwell', name:'', description:'', status:'active', start_date:'2017-01-24', end_date:'', nameString:'Ivan Benwell', first_name:'Ivan', last_name:'Benwell'})"
"152","CREATE (:person{resourceNodeTypeID:11210, resourceNodeSubTypeID:0, ID:152, label:'Ivan Winther', name:'', description:'', status:'active', start_date:'2017-01-24', end_date:'', nameString:'Ivan Winther', first_name:'Ivan', last_name:'Winther'})"
"153","CREATE (:person{resourceNodeTypeID:11210, resourceNodeSubTypeID:0, ID:153, label:'Jackie Kean', name:'', description:'', status:'active', start_date:'2017-01-24', end_date:'', nameString:'Jackie Kean', first_name:'Jackie', last_name:'Kean'})"
"154","CREATE (:person{resourceNodeTypeID:11210, resourceNodeSubTypeID:0, ID:154, label:'Jackie King', name:'', description:'', status:'active', start_date:'2017-01-24', end_date:'', nameString:'Jackie King', first_name:'Jackie', last_name:'King'})"
"155","CREATE (:person{resourceNodeTypeID:11210, resourceNodeSubTypeID:0, ID:155, label:'James Bell', name:'', description:'', status:'active', start_date:'2017-01-24', end_date:'', nameString:'James Bell', first_name:'James', last_name:'Bell'})"
"156","CREATE (:person{resourceNodeTypeID:11210, resourceNodeSubTypeID:0, ID:156, label:'James Weger', name:'', description:'', status:'active', start_date:'2017-01-24', end_date:'', nameString:'James Weger', first_name:'James', last_name:'Weger'})"
"157","CREATE (:person{resourceNodeTypeID:11210, resourceNodeSubTypeID:0, ID:157, label:'Jamie Scroggie', name:'', description:'', status:'active', start_date:'2017-01-24', end_date:'', nameString:'Jamie Scroggie', first_name:'Jamie', last_name:'Scroggie'})"
"158","CREATE (:person{resourceNodeTypeID:11210, resourceNodeSubTypeID:0, ID:158, label:'Jason Evans', name:'', description:'', status:'active', start_date:'2017-01-24', end_date:'', nameString:'Jason Evans', first_name:'Jason', last_name:'Evans'})"
"159","CREATE (:person{resourceNodeTypeID:11210, resourceNodeSubTypeID:0, ID:159, label:'Jason Ladell', name:'', description:'', status:'active', start_date:'2017-01-24', end_date:'', nameString:'Jason Ladell', first_name:'Jason', last_name:'Ladell'})"
"160","CREATE (:person{resourceNodeTypeID:11210, resourceNodeSubTypeID:0, ID:160, label:'Jason Mahoney', name:'', description:'', status:'active', start_date:'2017-01-24', end_date:'', nameString:'Jason Mahoney', first_name:'Jason', last_name:'Mahoney'})"
"161","CREATE (:person{resourceNodeTypeID:11210, resourceNodeSubTypeID:0, ID:161, label:'Jayme Hills', name:'', description:'', status:'active', start_date:'2017-01-24', end_date:'', nameString:'Jayme Hills', first_name:'Jayme', last_name:'Hills'})"
"162","CREATE (:person{resourceNodeTypeID:11210, resourceNodeSubTypeID:0, ID:162, label:'Jeff Grout', name:'', description:'', status:'active', start_date:'2017-01-24', end_date:'', nameString:'Jeff Grout', first_name:'Jeff', last_name:'Grout'})"
"163","CREATE (:person{resourceNodeTypeID:11210, resourceNodeSubTypeID:0, ID:163, label:'Jeff Jung', name:'', description:'', status:'active', start_date:'2017-01-24', end_date:'', nameString:'Jeff Jung', first_name:'Jeff', last_name:'Jung'})"
"164","CREATE (:person{resourceNodeTypeID:11210, resourceNodeSubTypeID:0, ID:164, label:'Jeff Radford', name:'', description:'', status:'active', start_date:'2017-01-24', end_date:'', nameString:'Jeff Radford', first_name:'Jeff', last_name:'Radford'})"
"165","CREATE (:person{resourceNodeTypeID:11210, resourceNodeSubTypeID:0, ID:165, label:'Jeff Till', name:'', description:'', status:'active', start_date:'2017-01-24', end_date:'', nameString:'Jeff Till', first_name:'Jeff', last_name:'Till'})"
"166","CREATE (:person{resourceNodeTypeID:11210, resourceNodeSubTypeID:0, ID:166, label:'Jeffrey Lemieux', name:'', description:'', status:'active', start_date:'2017-01-24', end_date:'', nameString:'Jeffrey Lemieux', first_name:'Jeffrey', last_name:'Lemieux'})"
"167","CREATE (:person{resourceNodeTypeID:11210, resourceNodeSubTypeID:0, ID:167, label:'Jennifer Nener', name:'', description:'', status:'active', start_date:'2017-01-24', end_date:'', nameString:'Jennifer Nener', first_name:'Jennifer', last_name:'Nener'})"
"168","CREATE (:person{resourceNodeTypeID:11210, resourceNodeSubTypeID:0, ID:168, label:'Jeremy Mothus', name:'', description:'', status:'active', start_date:'2017-01-24', end_date:'', nameString:'Jeremy Mothus', first_name:'Jeremy', last_name:'Mothus'})"
"169","CREATE (:person{resourceNodeTypeID:11210, resourceNodeSubTypeID:0, ID:169, label:'Jeremy Smith', name:'', description:'', status:'active', start_date:'2017-01-24', end_date:'', nameString:'Jeremy Smith', first_name:'Jeremy', last_name:'Smith'})"
"170","CREATE (:person{resourceNodeTypeID:11210, resourceNodeSubTypeID:0, ID:170, label:'Jim Echols', name:'', description:'', status:'active', start_date:'2017-01-24', end_date:'', nameString:'Jim Echols', first_name:'Jim', last_name:'Echols'})"
"171","CREATE (:person{resourceNodeTypeID:11210, resourceNodeSubTypeID:0, ID:171, label:'Jim Irvine', name:'', description:'', status:'active', start_date:'2017-01-24', end_date:'', nameString:'Jim Irvine', first_name:'Jim', last_name:'Irvine'})"
"172","CREATE (:person{resourceNodeTypeID:11210, resourceNodeSubTypeID:0, ID:172, label:'Jim Krivanek', name:'', description:'', status:'active', start_date:'2017-01-24', end_date:'', nameString:'Jim Krivanek', first_name:'Jim', last_name:'Krivanek'})"
"173","CREATE (:person{resourceNodeTypeID:11210, resourceNodeSubTypeID:0, ID:173, label:'Joan Bennett', name:'', description:'', status:'active', start_date:'2017-01-24', end_date:'', nameString:'Joan Bennett', first_name:'Joan', last_name:'Bennett'})"
"174","CREATE (:person{resourceNodeTypeID:11210, resourceNodeSubTypeID:0, ID:174, label:'Joanne Lawrence', name:'', description:'', status:'active', start_date:'2017-01-24', end_date:'', nameString:'Joanne Lawrence', first_name:'Joanne', last_name:'Lawrence'})"
"175","CREATE (:person{resourceNodeTypeID:11210, resourceNodeSubTypeID:0, ID:175, label:'Jody Mackenzie-Grieve', name:'', description:'', status:'active', start_date:'2017-01-24', end_date:'', nameString:'Jody Mackenzie-Grieve', first_name:'Jody', last_name:'Mackenzie-Grieve'})"
"176","CREATE (:person{resourceNodeTypeID:11210, resourceNodeSubTypeID:0, ID:176, label:'Joe Sheasgreen', name:'', description:'', status:'active', start_date:'2017-01-24', end_date:'', nameString:'Joe Sheasgreen', first_name:'Joe', last_name:'Sheasgreen'})"
"177","CREATE (:person{resourceNodeTypeID:11210, resourceNodeSubTypeID:0, ID:177, label:'Joe Tadey', name:'', description:'', status:'active', start_date:'2017-01-24', end_date:'', nameString:'Joe Tadey', first_name:'Joe', last_name:'Tadey'})"
"178","CREATE (:person{resourceNodeTypeID:11210, resourceNodeSubTypeID:0, ID:178, label:'Joel Harding', name:'', description:'', status:'active', start_date:'2017-01-24', end_date:'', nameString:'Joel Harding', first_name:'Joel', last_name:'Harding'})"
"179","CREATE (:person{resourceNodeTypeID:11210, resourceNodeSubTypeID:0, ID:179, label:'Joel Sawada', name:'', description:'', status:'active', start_date:'2017-01-24', end_date:'', nameString:'Joel Sawada', first_name:'Joel', last_name:'Sawada'})"
"180","CREATE (:person{resourceNodeTypeID:11210, resourceNodeSubTypeID:0, ID:180, label:'John Candy', name:'', description:'', status:'active', start_date:'2017-01-24', end_date:'', nameString:'John Candy', first_name:'John', last_name:'Candy'})"
"181","CREATE (:person{resourceNodeTypeID:11210, resourceNodeSubTypeID:0, ID:181, label:'John Hayward', name:'', description:'', status:'active', start_date:'2017-01-24', end_date:'', nameString:'John Hayward', first_name:'John', last_name:'Hayward'})"
"182","CREATE (:person{resourceNodeTypeID:11210, resourceNodeSubTypeID:0, ID:182, label:'John Holmes', name:'', description:'', status:'active', start_date:'2017-01-24', end_date:'', nameString:'John Holmes', first_name:'John', last_name:'Holmes'})"
"183","CREATE (:person{resourceNodeTypeID:11210, resourceNodeSubTypeID:0, ID:183, label:'John Mallery', name:'', description:'', status:'active', start_date:'2017-01-24', end_date:'', nameString:'John Mallery', first_name:'John', last_name:'Mallery'})"
"184","CREATE (:person{resourceNodeTypeID:11210, resourceNodeSubTypeID:0, ID:184, label:'John Morris', name:'', description:'', status:'active', start_date:'2017-01-24', end_date:'', nameString:'John Morris', first_name:'John', last_name:'Morris'})"
"185","CREATE (:person{resourceNodeTypeID:11210, resourceNodeSubTypeID:0, ID:185, label:'John Webb', name:'', description:'', status:'active', start_date:'2017-01-24', end_date:'', nameString:'John Webb', first_name:'John', last_name:'Webb'})"
"186","CREATE (:person{resourceNodeTypeID:11210, resourceNodeSubTypeID:0, ID:186, label:'John Whitelaw', name:'', description:'', status:'active', start_date:'2017-01-24', end_date:'', nameString:'John Whitelaw', first_name:'John', last_name:'Whitelaw'})"
"187","CREATE (:person{resourceNodeTypeID:11210, resourceNodeSubTypeID:0, ID:187, label:'John Willis', name:'', description:'', status:'active', start_date:'2017-01-24', end_date:'', nameString:'John Willis', first_name:'John', last_name:'Willis'})"
"188","CREATE (:person{resourceNodeTypeID:11210, resourceNodeSubTypeID:0, ID:188, label:'Johnny Sembsmoen', name:'', description:'', status:'active', start_date:'2017-01-24', end_date:'', nameString:'Johnny Sembsmoen', first_name:'Johnny', last_name:'Sembsmoen'})"
"189","CREATE (:person{resourceNodeTypeID:11210, resourceNodeSubTypeID:0, ID:189, label:'Jonathan Bulcock', name:'', description:'', status:'active', start_date:'2017-01-24', end_date:'', nameString:'Jonathan Bulcock', first_name:'Jonathan', last_name:'Bulcock'})"
"190","CREATE (:person{resourceNodeTypeID:11210, resourceNodeSubTypeID:0, ID:190, label:'Jonathan Fershau', name:'', description:'', status:'active', start_date:'2017-01-24', end_date:'', nameString:'Jonathan Fershau', first_name:'Jonathan', last_name:'Fershau'})"
"191","CREATE (:person{resourceNodeTypeID:11210, resourceNodeSubTypeID:0, ID:191, label:'Jonathan Joe', name:'', description:'', status:'active', start_date:'2017-01-24', end_date:'', nameString:'Jonathan Joe', first_name:'Jonathan', last_name:'Joe'})"
"192","CREATE (:person{resourceNodeTypeID:11210, resourceNodeSubTypeID:0, ID:192, label:'Julia Bradshaw', name:'', description:'', status:'active', start_date:'2017-01-24', end_date:'', nameString:'Julia Bradshaw', first_name:'Julia', last_name:'Bradshaw'})"
"193","CREATE (:person{resourceNodeTypeID:11210, resourceNodeSubTypeID:0, ID:193, label:'Justine Mannion', name:'', description:'', status:'active', start_date:'2017-01-24', end_date:'', nameString:'Justine Mannion', first_name:'Justine', last_name:'Mannion'})"
"194","CREATE (:person{resourceNodeTypeID:11210, resourceNodeSubTypeID:0, ID:194, label:'Karen Burnett', name:'', description:'', status:'active', start_date:'2017-01-24', end_date:'', nameString:'Karen Burnett', first_name:'Karen', last_name:'Burnett'})"
"195","CREATE (:person{resourceNodeTypeID:11210, resourceNodeSubTypeID:0, ID:195, label:'Karen Calla', name:'', description:'', status:'active', start_date:'2017-01-24', end_date:'', nameString:'Karen Calla', first_name:'Karen', last_name:'Calla'})"
"196","CREATE (:person{resourceNodeTypeID:11210, resourceNodeSubTypeID:0, ID:196, label:'Karen Dunmall', name:'', description:'', status:'active', start_date:'2017-01-24', end_date:'', nameString:'Karen Dunmall', first_name:'Karen', last_name:'Dunmall'})"
"197","CREATE (:person{resourceNodeTypeID:11210, resourceNodeSubTypeID:0, ID:197, label:'Karen Okahori', name:'', description:'', status:'active', start_date:'2017-01-24', end_date:'', nameString:'Karen Okahori', first_name:'Karen', last_name:'Okahori'})"
"198","CREATE (:person{resourceNodeTypeID:11210, resourceNodeSubTypeID:0, ID:198, label:'Karen Vaudry', name:'', description:'', status:'active', start_date:'2017-01-24', end_date:'', nameString:'Karen Vaudry', first_name:'Karen', last_name:'Vaudry'})"
"199","CREATE (:person{resourceNodeTypeID:11210, resourceNodeSubTypeID:0, ID:199, label:'Kari Underhill', name:'', description:'', status:'active', start_date:'2017-01-24', end_date:'', nameString:'Kari Underhill', first_name:'Kari', last_name:'Underhill'})"
"200","CREATE (:person{resourceNodeTypeID:11210, resourceNodeSubTypeID:0, ID:200, label:'Karin Mathias', name:'', description:'', status:'active', start_date:'2017-01-24', end_date:'', nameString:'Karin Mathias', first_name:'Karin', last_name:'Mathias'})"
"201","CREATE (:person{resourceNodeTypeID:11210, resourceNodeSubTypeID:0, ID:201, label:'Kathy Fraser', name:'', description:'', status:'active', start_date:'2017-01-24', end_date:'', nameString:'Kathy Fraser', first_name:'Kathy', last_name:'Fraser'})"
"202","CREATE (:person{resourceNodeTypeID:11210, resourceNodeSubTypeID:0, ID:202, label:'Keith Clarke', name:'', description:'', status:'active', start_date:'2017-01-24', end_date:'', nameString:'Keith Clarke', first_name:'Keith', last_name:'Clarke'})"
"203","CREATE (:person{resourceNodeTypeID:11210, resourceNodeSubTypeID:0, ID:203, label:'Kelcy Tousignant', name:'', description:'', status:'active', start_date:'2017-01-24', end_date:'', nameString:'Kelcy Tousignant', first_name:'Kelcy', last_name:'Tousignant'})"
"204","CREATE (:person{resourceNodeTypeID:11210, resourceNodeSubTypeID:0, ID:204, label:'Kelly Malange', name:'', description:'', status:'active', start_date:'2017-01-24', end_date:'', nameString:'Kelly Malange', first_name:'Kelly', last_name:'Malange'})"
"205","CREATE (:person{resourceNodeTypeID:11210, resourceNodeSubTypeID:0, ID:205, label:'Ken Green', name:'', description:'', status:'active', start_date:'2017-01-24', end_date:'', nameString:'Ken Green', first_name:'Ken', last_name:'Green'})"
"206","CREATE (:person{resourceNodeTypeID:11210, resourceNodeSubTypeID:0, ID:206, label:'Kendra Holt', name:'', description:'', status:'active', start_date:'2017-01-24', end_date:'', nameString:'Kendra Holt', first_name:'Kendra', last_name:'Holt'})"
"207","CREATE (:person{resourceNodeTypeID:11210, resourceNodeSubTypeID:0, ID:207, label:'Kent Smedbol', name:'', description:'', status:'active', start_date:'2017-01-24', end_date:'', nameString:'Kent Smedbol', first_name:'Kent', last_name:'Smedbol'})"
"208","CREATE (:person{resourceNodeTypeID:11210, resourceNodeSubTypeID:0, ID:208, label:'Kent Spencer', name:'', description:'', status:'active', start_date:'2017-01-24', end_date:'', nameString:'Kent Spencer', first_name:'Kent', last_name:'Spencer'})"
"209","CREATE (:person{resourceNodeTypeID:11210, resourceNodeSubTypeID:0, ID:209, label:'Keri Benner', name:'', description:'', status:'active', start_date:'2017-01-24', end_date:'', nameString:'Keri Benner', first_name:'Keri', last_name:'Benner'})"
"210","CREATE (:person{resourceNodeTypeID:11210, resourceNodeSubTypeID:0, ID:210, label:'Kerra Shaw', name:'', description:'', status:'active', start_date:'2017-01-24', end_date:'', nameString:'Kerra Shaw', first_name:'Kerra', last_name:'Shaw'})"
"211","CREATE (:person{resourceNodeTypeID:11210, resourceNodeSubTypeID:0, ID:211, label:'Kevin Conley', name:'', description:'', status:'active', start_date:'2017-01-24', end_date:'', nameString:'Kevin Conley', first_name:'Kevin', last_name:'Conley'})"
"212","CREATE (:person{resourceNodeTypeID:11210, resourceNodeSubTypeID:0, ID:212, label:'Kevin Pellett', name:'', description:'', status:'active', start_date:'2017-01-24', end_date:'', nameString:'Kevin Pellett', first_name:'Kevin', last_name:'Pellett'})"
"213","CREATE (:person{resourceNodeTypeID:11210, resourceNodeSubTypeID:0, ID:213, label:'Kim Houston', name:'', description:'', status:'active', start_date:'2017-01-24', end_date:'', nameString:'Kim Houston', first_name:'Kim', last_name:'Houston'})"
"214","CREATE (:person{resourceNodeTypeID:11210, resourceNodeSubTypeID:0, ID:214, label:'Kim Hyatt', name:'', description:'', status:'active', start_date:'2017-01-24', end_date:'', nameString:'Kim Hyatt', first_name:'Kim', last_name:'Hyatt'})"
"215","CREATE (:person{resourceNodeTypeID:11210, resourceNodeSubTypeID:0, ID:215, label:'Kirby Rietze', name:'', description:'', status:'active', start_date:'2017-01-24', end_date:'', nameString:'Kirby Rietze', first_name:'Kirby', last_name:'Rietze'})"
"216","CREATE (:person{resourceNodeTypeID:11210, resourceNodeSubTypeID:0, ID:216, label:'Kris Hein', name:'', description:'', status:'active', start_date:'2017-01-24', end_date:'', nameString:'Kris Hein', first_name:'Kris', last_name:'Hein'})"
"217","CREATE (:person{resourceNodeTypeID:11210, resourceNodeSubTypeID:0, ID:217, label:'Kris Hunter', name:'', description:'', status:'active', start_date:'2017-01-24', end_date:'', nameString:'Kris Hunter', first_name:'Kris', last_name:'Hunter'})"
"218","CREATE (:person{resourceNodeTypeID:11210, resourceNodeSubTypeID:0, ID:218, label:'Kristi Miller-Saunders', name:'', description:'', status:'active', start_date:'2017-01-24', end_date:'', nameString:'Kristi Miller-Saunders', first_name:'Kristi', last_name:'Miller-Saunders'})"
"219","CREATE (:person{resourceNodeTypeID:11210, resourceNodeSubTypeID:0, ID:219, label:'Laura Brown', name:'', description:'', status:'active', start_date:'2017-01-24', end_date:'', nameString:'Laura Brown', first_name:'Laura', last_name:'Brown'})"
"220","CREATE (:person{resourceNodeTypeID:11210, resourceNodeSubTypeID:0, ID:220, label:'Laura Chase', name:'', description:'', status:'active', start_date:'2017-01-24', end_date:'', nameString:'Laura Chase', first_name:'Laura', last_name:'Chase'})"
"221","CREATE (:person{resourceNodeTypeID:11210, resourceNodeSubTypeID:0, ID:221, label:'Laura Terry', name:'', description:'', status:'active', start_date:'2017-01-24', end_date:'', nameString:'Laura Terry', first_name:'Laura', last_name:'Terry'})"
"222","CREATE (:person{resourceNodeTypeID:11210, resourceNodeSubTypeID:0, ID:222, label:'Lee Kearey', name:'', description:'', status:'active', start_date:'2017-01-24', end_date:'', nameString:'Lee Kearey', first_name:'Lee', last_name:'Kearey'})"
"223","CREATE (:person{resourceNodeTypeID:11210, resourceNodeSubTypeID:0, ID:223, label:'Lei Harris', name:'', description:'', status:'active', start_date:'2017-01-24', end_date:'', nameString:'Lei Harris', first_name:'Lei', last_name:'Harris'})"
"224","CREATE (:person{resourceNodeTypeID:11210, resourceNodeSubTypeID:0, ID:224, label:'Leroy Anderson', name:'', description:'', status:'active', start_date:'2017-01-24', end_date:'', nameString:'Leroy Anderson', first_name:'Leroy', last_name:'Anderson'})"
"225","CREATE (:person{resourceNodeTypeID:11210, resourceNodeSubTypeID:0, ID:225, label:'Les Clint', name:'', description:'', status:'active', start_date:'2017-01-24', end_date:'', nameString:'Les Clint', first_name:'Les', last_name:'Clint'})"
"226","CREATE (:person{resourceNodeTypeID:11210, resourceNodeSubTypeID:0, ID:226, label:'Lesley MacDougall', name:'', description:'', status:'active', start_date:'2017-01-24', end_date:'', nameString:'Lesley MacDougall', first_name:'Lesley', last_name:'MacDougall'})"
"227","CREATE (:person{resourceNodeTypeID:11210, resourceNodeSubTypeID:0, ID:227, label:'Linda Stevens', name:'', description:'', status:'active', start_date:'2017-01-24', end_date:'', nameString:'Linda Stevens', first_name:'Linda', last_name:'Stevens'})"
"228","CREATE (:person{resourceNodeTypeID:11210, resourceNodeSubTypeID:0, ID:228, label:'Lisa Kerr', name:'', description:'', status:'active', start_date:'2017-01-24', end_date:'', nameString:'Lisa Kerr', first_name:'Lisa', last_name:'Kerr'})"
"229","CREATE (:person{resourceNodeTypeID:11210, resourceNodeSubTypeID:0, ID:229, label:'Lorne Frisson', name:'', description:'', status:'active', start_date:'2017-01-24', end_date:'', nameString:'Lorne Frisson', first_name:'Lorne', last_name:'Frisson'})"
"230","CREATE (:person{resourceNodeTypeID:11210, resourceNodeSubTypeID:0, ID:230, label:'Lother Kunze', name:'', description:'', status:'active', start_date:'2017-01-24', end_date:'', nameString:'Lother Kunze', first_name:'Lother', last_name:'Kunze'})"
"231","CREATE (:person{resourceNodeTypeID:11210, resourceNodeSubTypeID:0, ID:231, label:'Louise de Mestral', name:'', description:'', status:'active', start_date:'2017-01-24', end_date:'', nameString:'Louise de Mestral', first_name:'Louise', last_name:'de Mestral'})"
"232","CREATE (:person{resourceNodeTypeID:11210, resourceNodeSubTypeID:0, ID:232, label:'Louise Naylor', name:'', description:'', status:'active', start_date:'2017-01-24', end_date:'', nameString:'Louise Naylor', first_name:'Louise', last_name:'Naylor'})"
"233","CREATE (:person{resourceNodeTypeID:11210, resourceNodeSubTypeID:0, ID:233, label:'Louvi Whyte', name:'', description:'', status:'active', start_date:'2017-01-24', end_date:'', nameString:'Louvi Whyte', first_name:'Louvi', last_name:'Whyte'})"
"234","CREATE (:person{resourceNodeTypeID:11210, resourceNodeSubTypeID:0, ID:234, label:'Lucas Pon', name:'', description:'', status:'active', start_date:'2017-01-24', end_date:'', nameString:'Lucas Pon', first_name:'Lucas', last_name:'Pon'})"
"235","CREATE (:person{resourceNodeTypeID:11210, resourceNodeSubTypeID:0, ID:235, label:'Lynda Ritchie', name:'', description:'', status:'active', start_date:'2017-01-24', end_date:'', nameString:'Lynda Ritchie', first_name:'Lynda', last_name:'Ritchie'})"
"236","CREATE (:person{resourceNodeTypeID:11210, resourceNodeSubTypeID:0, ID:236, label:'Lyse Godbout', name:'', description:'', status:'active', start_date:'2017-01-24', end_date:'', nameString:'Lyse Godbout', first_name:'Lyse', last_name:'Godbout'})"
"237","CREATE (:person{resourceNodeTypeID:11210, resourceNodeSubTypeID:0, ID:237, label:'Marc Lecouffe', name:'', description:'', status:'active', start_date:'2017-01-24', end_date:'', nameString:'Marc Lecouffe', first_name:'Marc', last_name:'Lecouffe'})"
"238","CREATE (:person{resourceNodeTypeID:11210, resourceNodeSubTypeID:0, ID:238, label:'Marc Trudel', name:'', description:'', status:'active', start_date:'2017-01-24', end_date:'', nameString:'Marc Trudel', first_name:'Marc', last_name:'Trudel'})"
"239","CREATE (:person{resourceNodeTypeID:11210, resourceNodeSubTypeID:0, ID:239, label:'Margaret Wright', name:'', description:'', status:'active', start_date:'2017-01-24', end_date:'', nameString:'Margaret Wright', first_name:'Margaret', last_name:'Wright'})"
"240","CREATE (:person{resourceNodeTypeID:11210, resourceNodeSubTypeID:0, ID:240, label:'Margot Stockwell', name:'', description:'', status:'active', start_date:'2017-01-24', end_date:'', nameString:'Margot Stockwell', first_name:'Margot', last_name:'Stockwell'})"
"241","CREATE (:person{resourceNodeTypeID:11210, resourceNodeSubTypeID:0, ID:241, label:'Marilyn Helin', name:'', description:'', status:'active', start_date:'2017-01-24', end_date:'', nameString:'Marilyn Helin', first_name:'Marilyn', last_name:'Helin'})"
"242","CREATE (:person{resourceNodeTypeID:11210, resourceNodeSubTypeID:0, ID:242, label:'Marina Milligan', name:'', description:'', status:'active', start_date:'2017-01-24', end_date:'', nameString:'Marina Milligan', first_name:'Marina', last_name:'Milligan'})"
"243","CREATE (:person{resourceNodeTypeID:11210, resourceNodeSubTypeID:0, ID:243, label:'Mark McFarland', name:'', description:'', status:'active', start_date:'2017-01-24', end_date:'', nameString:'Mark McFarland', first_name:'Mark', last_name:'McFarland'})"
"244","CREATE (:person{resourceNodeTypeID:11210, resourceNodeSubTypeID:0, ID:244, label:'Mark Potyrala', name:'', description:'', status:'active', start_date:'2017-01-24', end_date:'', nameString:'Mark Potyrala', first_name:'Mark', last_name:'Potyrala'})"
"245","CREATE (:person{resourceNodeTypeID:11210, resourceNodeSubTypeID:0, ID:245, label:'Markus Feldhoff', name:'', description:'', status:'active', start_date:'2017-01-24', end_date:'', nameString:'Markus Feldhoff', first_name:'Markus', last_name:'Feldhoff'})"
"246","CREATE (:person{resourceNodeTypeID:11210, resourceNodeSubTypeID:0, ID:246, label:'Marla Maxwell', name:'', description:'', status:'active', start_date:'2017-01-24', end_date:'', nameString:'Marla Maxwell', first_name:'Marla', last_name:'Maxwell'})"
"247","CREATE (:person{resourceNodeTypeID:11210, resourceNodeSubTypeID:0, ID:247, label:'Martha Robertson', name:'', description:'', status:'active', start_date:'2017-01-24', end_date:'', nameString:'Martha Robertson', first_name:'Martha', last_name:'Robertson'})"
"248","CREATE (:person{resourceNodeTypeID:11210, resourceNodeSubTypeID:0, ID:248, label:'Marthe Berube', name:'', description:'', status:'active', start_date:'2017-01-24', end_date:'', nameString:'Marthe Berube', first_name:'Marthe', last_name:'Berube'})"
"249","CREATE (:person{resourceNodeTypeID:11210, resourceNodeSubTypeID:0, ID:249, label:'Martin Castonguay', name:'', description:'', status:'active', start_date:'2017-01-24', end_date:'', nameString:'Martin Castonguay', first_name:'Martin', last_name:'Castonguay'})"
"250","CREATE (:person{resourceNodeTypeID:11210, resourceNodeSubTypeID:0, ID:250, label:'Mary Ellen Jarvis', name:'', description:'', status:'active', start_date:'2017-01-24', end_date:'', nameString:'Mary Ellen Jarvis', first_name:'Mary Ellen', last_name:'Jarvis'})"
"251","CREATE (:person{resourceNodeTypeID:11210, resourceNodeSubTypeID:0, ID:251, label:'Mary Thiess', name:'', description:'', status:'active', start_date:'2017-01-24', end_date:'', nameString:'Mary Thiess', first_name:'Mary', last_name:'Thiess'})"
"252","CREATE (:person{resourceNodeTypeID:11210, resourceNodeSubTypeID:0, ID:252, label:'Matt Mortimer', name:'', description:'', status:'active', start_date:'2017-01-24', end_date:'', nameString:'Matt Mortimer', first_name:'Matt', last_name:'Mortimer'})"
"253","CREATE (:person{resourceNodeTypeID:11210, resourceNodeSubTypeID:0, ID:253, label:'Matthew Novak', name:'', description:'', status:'active', start_date:'2017-01-24', end_date:'', nameString:'Matthew Novak', first_name:'Matthew', last_name:'Novak'})"
"254","CREATE (:person{resourceNodeTypeID:11210, resourceNodeSubTypeID:0, ID:254, label:'Matthew Parslow', name:'', description:'', status:'active', start_date:'2017-01-24', end_date:'', nameString:'Matthew Parslow', first_name:'Matthew', last_name:'Parslow'})"
"255","CREATE (:person{resourceNodeTypeID:11210, resourceNodeSubTypeID:0, ID:255, label:'Matthew Townsend', name:'', description:'', status:'active', start_date:'2017-01-24', end_date:'', nameString:'Matthew Townsend', first_name:'Matthew', last_name:'Townsend'})"
"256","CREATE (:person{resourceNodeTypeID:11210, resourceNodeSubTypeID:0, ID:256, label:'Megan Wilson', name:'', description:'', status:'active', start_date:'2017-01-24', end_date:'', nameString:'Megan Wilson', first_name:'Megan', last_name:'Wilson'})"
"257","CREATE (:person{resourceNodeTypeID:11210, resourceNodeSubTypeID:0, ID:257, label:'Mel Kotyk', name:'', description:'', status:'active', start_date:'2017-01-24', end_date:'', nameString:'Mel Kotyk', first_name:'Mel', last_name:'Kotyk'})"
"258","CREATE (:person{resourceNodeTypeID:11210, resourceNodeSubTypeID:0, ID:258, label:'Merv Mochizuki', name:'', description:'', status:'active', start_date:'2017-01-24', end_date:'', nameString:'Merv Mochizuki', first_name:'Merv', last_name:'Mochizuki'})"
"259","CREATE (:person{resourceNodeTypeID:11210, resourceNodeSubTypeID:0, ID:259, label:'Michael Folkes', name:'', description:'', status:'active', start_date:'2017-01-24', end_date:'', nameString:'Michael Folkes', first_name:'Michael', last_name:'Folkes'})"
"260","CREATE (:person{resourceNodeTypeID:11210, resourceNodeSubTypeID:0, ID:260, label:'Michael O'Brien', name:'', description:'', status:'active', start_date:'2017-01-24', end_date:'', nameString:'Michael O'Brien', first_name:'Michael', last_name:'O'Brien'})"
"261","CREATE (:person{resourceNodeTypeID:11210, resourceNodeSubTypeID:0, ID:261, label:'Michael Scarratt', name:'', description:'', status:'active', start_date:'2017-01-24', end_date:'', nameString:'Michael Scarratt', first_name:'Michael', last_name:'Scarratt'})"
"262","CREATE (:person{resourceNodeTypeID:11210, resourceNodeSubTypeID:0, ID:262, label:'Michel Arsenault', name:'', description:'', status:'active', start_date:'2017-01-24', end_date:'', nameString:'Michel Arsenault', first_name:'Michel', last_name:'Arsenault'})"
"263","CREATE (:person{resourceNodeTypeID:11210, resourceNodeSubTypeID:0, ID:263, label:'Michel Biron', name:'', description:'', status:'active', start_date:'2017-01-24', end_date:'', nameString:'Michel Biron', first_name:'Michel', last_name:'Biron'})"
"264","CREATE (:person{resourceNodeTypeID:11210, resourceNodeSubTypeID:0, ID:264, label:'Mike Austin', name:'', description:'', status:'active', start_date:'2017-01-24', end_date:'', nameString:'Mike Austin', first_name:'Mike', last_name:'Austin'})"
"265","CREATE (:person{resourceNodeTypeID:11210, resourceNodeSubTypeID:0, ID:265, label:'Mike Bradford', name:'', description:'', status:'active', start_date:'2017-01-24', end_date:'', nameString:'Mike Bradford', first_name:'Mike', last_name:'Bradford'})"
"266","CREATE (:person{resourceNodeTypeID:11210, resourceNodeSubTypeID:0, ID:266, label:'Mike Carlson', name:'', description:'', status:'active', start_date:'2017-01-24', end_date:'', nameString:'Mike Carlson', first_name:'Mike', last_name:'Carlson'})"
"267","CREATE (:person{resourceNodeTypeID:11210, resourceNodeSubTypeID:0, ID:267, label:'Mike Crowe', name:'', description:'', status:'active', start_date:'2017-01-24', end_date:'', nameString:'Mike Crowe', first_name:'Mike', last_name:'Crowe'})"
"268","CREATE (:person{resourceNodeTypeID:11210, resourceNodeSubTypeID:0, ID:268, label:'Mike Goguen', name:'', description:'', status:'active', start_date:'2017-01-24', end_date:'', nameString:'Mike Goguen', first_name:'Mike', last_name:'Goguen'})"
"269","CREATE (:person{resourceNodeTypeID:11210, resourceNodeSubTypeID:0, ID:269, label:'Mike Hawkshaw', name:'', description:'', status:'active', start_date:'2017-01-24', end_date:'', nameString:'Mike Hawkshaw', first_name:'Mike', last_name:'Hawkshaw'})"
"270","CREATE (:person{resourceNodeTypeID:11210, resourceNodeSubTypeID:0, ID:270, label:'Mike Jakubowski', name:'', description:'', status:'active', start_date:'2017-01-24', end_date:'', nameString:'Mike Jakubowski', first_name:'Mike', last_name:'Jakubowski'})"
"271","CREATE (:person{resourceNodeTypeID:11210, resourceNodeSubTypeID:0, ID:271, label:'Mike Spence', name:'', description:'', status:'active', start_date:'2017-01-24', end_date:'', nameString:'Mike Spence', first_name:'Mike', last_name:'Spence'})"
"272","CREATE (:person{resourceNodeTypeID:11210, resourceNodeSubTypeID:0, ID:272, label:'Mike Thorburne', name:'', description:'', status:'active', start_date:'2017-01-24', end_date:'', nameString:'Mike Thorburne', first_name:'Mike', last_name:'Thorburne'})"
"273","CREATE (:person{resourceNodeTypeID:11210, resourceNodeSubTypeID:0, ID:273, label:'Mitchell Harborne', name:'', description:'', status:'active', start_date:'2017-01-24', end_date:'', nameString:'Mitchell Harborne', first_name:'Mitchell', last_name:'Harborne'})"
"274","CREATE (:person{resourceNodeTypeID:11210, resourceNodeSubTypeID:0, ID:274, label:'Murray Manson', name:'', description:'', status:'active', start_date:'2017-01-24', end_date:'', nameString:'Murray Manson', first_name:'Murray', last_name:'Manson'})"
"275","CREATE (:person{resourceNodeTypeID:11210, resourceNodeSubTypeID:0, ID:275, label:'Nathan Millar', name:'', description:'', status:'active', start_date:'2017-01-24', end_date:'', nameString:'Nathan Millar', first_name:'Nathan', last_name:'Millar'})"
"276","CREATE (:person{resourceNodeTypeID:11210, resourceNodeSubTypeID:0, ID:276, label:'Nathan Taylor', name:'', description:'', status:'active', start_date:'2017-01-24', end_date:'', nameString:'Nathan Taylor', first_name:'Nathan', last_name:'Taylor'})"
"277","CREATE (:person{resourceNodeTypeID:11210, resourceNodeSubTypeID:0, ID:277, label:'Neil Jantz', name:'', description:'', status:'active', start_date:'2017-01-24', end_date:'', nameString:'Neil Jantz', first_name:'Neil', last_name:'Jantz'})"
"278","CREATE (:person{resourceNodeTypeID:11210, resourceNodeSubTypeID:0, ID:278, label:'Nicholas Komick', name:'', description:'', status:'active', start_date:'2017-01-24', end_date:'', nameString:'Nicholas Komick', first_name:'Nicholas', last_name:'Komick'})"
"279","CREATE (:person{resourceNodeTypeID:11210, resourceNodeSubTypeID:0, ID:279, label:'Nick Leone', name:'', description:'', status:'active', start_date:'2017-01-24', end_date:'', nameString:'Nick Leone', first_name:'Nick', last_name:'Leone'})"
"280","CREATE (:person{resourceNodeTypeID:11210, resourceNodeSubTypeID:0, ID:280, label:'Nicki Watson', name:'', description:'', status:'active', start_date:'2017-01-24', end_date:'', nameString:'Nicki Watson', first_name:'Nicki', last_name:'Watson'})"
"281","CREATE (:person{resourceNodeTypeID:11210, resourceNodeSubTypeID:0, ID:281, label:'Nicole Gallant', name:'', description:'', status:'active', start_date:'2017-01-24', end_date:'', nameString:'Nicole Gallant', first_name:'Nicole', last_name:'Gallant'})"
"282","CREATE (:person{resourceNodeTypeID:11210, resourceNodeSubTypeID:0, ID:282, label:'Nicole Trouton', name:'', description:'', status:'active', start_date:'2017-01-24', end_date:'', nameString:'Nicole Trouton', first_name:'Nicole', last_name:'Trouton'})"
"283","CREATE (:person{resourceNodeTypeID:11210, resourceNodeSubTypeID:0, ID:283, label:'Paige Ackerman', name:'', description:'', status:'active', start_date:'2017-01-24', end_date:'', nameString:'Paige Ackerman', first_name:'Paige', last_name:'Ackerman'})"
"284","CREATE (:person{resourceNodeTypeID:11210, resourceNodeSubTypeID:0, ID:284, label:'Patricia Edwards', name:'', description:'', status:'active', start_date:'2017-01-24', end_date:'', nameString:'Patricia Edwards', first_name:'Patricia', last_name:'Edwards'})"
"285","CREATE (:person{resourceNodeTypeID:11210, resourceNodeSubTypeID:0, ID:285, label:'Patrick OReilly', name:'', description:'', status:'active', start_date:'2017-01-24', end_date:'', nameString:'Patrick OReilly', first_name:'Patrick', last_name:'OReilly'})"
"286","CREATE (:person{resourceNodeTypeID:11210, resourceNodeSubTypeID:0, ID:286, label:'Patrik Zetterberg', name:'', description:'', status:'active', start_date:'2017-01-24', end_date:'', nameString:'Patrik Zetterberg', first_name:'Patrik', last_name:'Zetterberg'})"
"287","CREATE (:person{resourceNodeTypeID:11210, resourceNodeSubTypeID:0, ID:287, label:'Paul Chamberland', name:'', description:'', status:'active', start_date:'2017-01-24', end_date:'', nameString:'Paul Chamberland', first_name:'Paul', last_name:'Chamberland'})"
"288","CREATE (:person{resourceNodeTypeID:11210, resourceNodeSubTypeID:0, ID:288, label:'Paul Preston', name:'', description:'', status:'active', start_date:'2017-01-24', end_date:'', nameString:'Paul Preston', first_name:'Paul', last_name:'Preston'})"
"289","CREATE (:person{resourceNodeTypeID:11210, resourceNodeSubTypeID:0, ID:289, label:'Paul Welch', name:'', description:'', status:'active', start_date:'2017-01-24', end_date:'', nameString:'Paul Welch', first_name:'Paul', last_name:'Welch'})"
"290","CREATE (:person{resourceNodeTypeID:11210, resourceNodeSubTypeID:0, ID:290, label:'Pedro Nilo', name:'', description:'', status:'active', start_date:'2017-01-24', end_date:'', nameString:'Pedro Nilo', first_name:'Pedro', last_name:'Nilo'})"
"291","CREATE (:person{resourceNodeTypeID:11210, resourceNodeSubTypeID:0, ID:291, label:'Pete Campbell', name:'', description:'', status:'active', start_date:'2017-01-24', end_date:'', nameString:'Pete Campbell', first_name:'Pete', last_name:'Campbell'})"
"292","CREATE (:person{resourceNodeTypeID:11210, resourceNodeSubTypeID:0, ID:292, label:'Pete Etherton', name:'', description:'', status:'active', start_date:'2017-01-24', end_date:'', nameString:'Pete Etherton', first_name:'Pete', last_name:'Etherton'})"
"293","CREATE (:person{resourceNodeTypeID:11210, resourceNodeSubTypeID:0, ID:293, label:'Peter Hall', name:'', description:'', status:'active', start_date:'2017-01-24', end_date:'', nameString:'Peter Hall', first_name:'Peter', last_name:'Hall'})"
"294","CREATE (:person{resourceNodeTypeID:11210, resourceNodeSubTypeID:0, ID:294, label:'Peter Katinic', name:'', description:'', status:'active', start_date:'2017-01-24', end_date:'', nameString:'Peter Katinic', first_name:'Peter', last_name:'Katinic'})"
"295","CREATE (:person{resourceNodeTypeID:11210, resourceNodeSubTypeID:0, ID:295, label:'Philippe Beaulieu', name:'', description:'', status:'active', start_date:'2017-01-24', end_date:'', nameString:'Philippe Beaulieu', first_name:'Philippe', last_name:'Beaulieu'})"
"296","CREATE (:person{resourceNodeTypeID:11210, resourceNodeSubTypeID:0, ID:296, label:'Pieter Van Will', name:'', description:'', status:'active', start_date:'2017-01-24', end_date:'', nameString:'Pieter Van Will', first_name:'Pieter', last_name:'Van'})"
"297","CREATE (:person{resourceNodeTypeID:11210, resourceNodeSubTypeID:0, ID:297, label:'Rebecca Reid', name:'', description:'', status:'active', start_date:'2017-01-24', end_date:'', nameString:'Rebecca Reid', first_name:'Rebecca', last_name:'Reid'})"
"298","CREATE (:person{resourceNodeTypeID:11210, resourceNodeSubTypeID:0, ID:298, label:'Reid Schrul', name:'', description:'', status:'active', start_date:'2017-01-24', end_date:'', nameString:'Reid Schrul', first_name:'Reid', last_name:'Schrul'})"
"299","CREATE (:person{resourceNodeTypeID:11210, resourceNodeSubTypeID:0, ID:299, label:'Renelle Doucette', name:'', description:'', status:'active', start_date:'2017-01-24', end_date:'', nameString:'Renelle Doucette', first_name:'Renelle', last_name:'Doucette'})"
"300","CREATE (:person{resourceNodeTypeID:11210, resourceNodeSubTypeID:0, ID:300, label:'Richard Bailey', name:'', description:'', status:'active', start_date:'2017-01-24', end_date:'', nameString:'Richard Bailey', first_name:'Richard', last_name:'Bailey'})"
"301","CREATE (:person{resourceNodeTypeID:11210, resourceNodeSubTypeID:0, ID:301, label:'Richard Gerard', name:'', description:'', status:'active', start_date:'2017-01-24', end_date:'', nameString:'Richard Gerard', first_name:'Richard', last_name:'Gerard'})"
"302","CREATE (:person{resourceNodeTypeID:11210, resourceNodeSubTypeID:0, ID:302, label:'Rick Rempel', name:'', description:'', status:'active', start_date:'2017-01-24', end_date:'', nameString:'Rick Rempel', first_name:'Rick', last_name:'Rempel'})"
"303","CREATE (:person{resourceNodeTypeID:11210, resourceNodeSubTypeID:0, ID:303, label:'Rob Bell-Irving', name:'', description:'', status:'active', start_date:'2017-01-24', end_date:'', nameString:'Rob Bell-Irving', first_name:'Rob', last_name:'Bell-Irving'})"
"304","CREATE (:person{resourceNodeTypeID:11210, resourceNodeSubTypeID:0, ID:304, label:'Rob Bemister', name:'', description:'', status:'active', start_date:'2017-01-24', end_date:'', nameString:'Rob Bemister', first_name:'Rob', last_name:'Bemister'})"
"305","CREATE (:person{resourceNodeTypeID:11210, resourceNodeSubTypeID:0, ID:305, label:'Rob Brouwer', name:'', description:'', status:'active', start_date:'2017-01-24', end_date:'', nameString:'Rob Brouwer', first_name:'Rob', last_name:'Brouwer'})"
"306","CREATE (:person{resourceNodeTypeID:11210, resourceNodeSubTypeID:0, ID:306, label:'Rob Houtman', name:'', description:'', status:'active', start_date:'2017-01-24', end_date:'', nameString:'Rob Houtman', first_name:'Rob', last_name:'Houtman'})"
"307","CREATE (:person{resourceNodeTypeID:11210, resourceNodeSubTypeID:0, ID:307, label:'Rob Schaefer', name:'', description:'', status:'active', start_date:'2017-01-24', end_date:'', nameString:'Rob Schaefer', first_name:'Rob', last_name:'Schaefer'})"
"308","CREATE (:person{resourceNodeTypeID:11210, resourceNodeSubTypeID:0, ID:308, label:'Robert Beaumaster', name:'', description:'', status:'active', start_date:'2017-01-24', end_date:'', nameString:'Robert Beaumaster', first_name:'Robert', last_name:'Beaumaster'})"
"309","CREATE (:person{resourceNodeTypeID:11210, resourceNodeSubTypeID:0, ID:309, label:'Robyn Forrest', name:'', description:'', status:'active', start_date:'2017-01-24', end_date:'', nameString:'Robyn Forrest', first_name:'Robyn', last_name:'Forrest'})"
"310","CREATE (:person{resourceNodeTypeID:11210, resourceNodeSubTypeID:0, ID:310, label:'Roger Wysocki', name:'', description:'', status:'active', start_date:'2017-01-24', end_date:'', nameString:'Roger Wysocki', first_name:'Roger', last_name:'Wysocki'})"
"311","CREATE (:person{resourceNodeTypeID:11210, resourceNodeSubTypeID:0, ID:311, label:'Ron Goruk', name:'', description:'', status:'active', start_date:'2017-01-24', end_date:'', nameString:'Ron Goruk', first_name:'Ron', last_name:'Goruk'})"
"312","CREATE (:person{resourceNodeTypeID:11210, resourceNodeSubTypeID:0, ID:312, label:'Ross Jones', name:'', description:'', status:'active', start_date:'2017-01-24', end_date:'', nameString:'Ross Jones', first_name:'Ross', last_name:'Jones'})"
"313","CREATE (:person{resourceNodeTypeID:11210, resourceNodeSubTypeID:0, ID:313, label:'Ruth Withler', name:'', description:'', status:'active', start_date:'2017-01-24', end_date:'', nameString:'Ruth Withler', first_name:'Ruth', last_name:'Withler'})"
"314","CREATE (:person{resourceNodeTypeID:11210, resourceNodeSubTypeID:0, ID:314, label:'Ryan Galbraith', name:'', description:'', status:'active', start_date:'2017-01-24', end_date:'', nameString:'Ryan Galbraith', first_name:'Ryan', last_name:'Galbraith'})"
"315","CREATE (:person{resourceNodeTypeID:11210, resourceNodeSubTypeID:0, ID:315, label:'Sandra Davies', name:'', description:'', status:'active', start_date:'2017-01-24', end_date:'', nameString:'Sandra Davies', first_name:'Sandra', last_name:'Davies'})"
"316","CREATE (:person{resourceNodeTypeID:11210, resourceNodeSubTypeID:0, ID:316, label:'Sandy Devcic', name:'', description:'', status:'active', start_date:'2017-01-24', end_date:'', nameString:'Sandy Devcic', first_name:'Sandy', last_name:'Devcic'})"
"317","CREATE (:person{resourceNodeTypeID:11210, resourceNodeSubTypeID:0, ID:317, label:'Sarah Hawkshaw', name:'', description:'', status:'active', start_date:'2017-01-24', end_date:'', nameString:'Sarah Hawkshaw', first_name:'Sarah', last_name:'Hawkshaw'})"
"318","CREATE (:person{resourceNodeTypeID:11210, resourceNodeSubTypeID:0, ID:318, label:'Sarah Murdoch', name:'', description:'', status:'active', start_date:'2017-01-24', end_date:'', nameString:'Sarah Murdoch', first_name:'Sarah', last_name:'Murdoch'})"
"319","CREATE (:person{resourceNodeTypeID:11210, resourceNodeSubTypeID:0, ID:319, label:'Sarah Tuziak', name:'', description:'', status:'active', start_date:'2017-01-24', end_date:'', nameString:'Sarah Tuziak', first_name:'Sarah', last_name:'Tuziak'})"
"320","CREATE (:person{resourceNodeTypeID:11210, resourceNodeSubTypeID:0, ID:320, label:'Scott Akenhead', name:'', description:'', status:'active', start_date:'2017-01-24', end_date:'', nameString:'Scott Akenhead', first_name:'Scott', last_name:'Akenhead'})"
"321","CREATE (:person{resourceNodeTypeID:11210, resourceNodeSubTypeID:0, ID:321, label:'Scott Decker', name:'', description:'', status:'active', start_date:'2017-01-24', end_date:'', nameString:'Scott Decker', first_name:'Scott', last_name:'Decker'})"
"322","CREATE (:person{resourceNodeTypeID:11210, resourceNodeSubTypeID:0, ID:322, label:'Scott Douglas', name:'', description:'', status:'active', start_date:'2017-01-24', end_date:'', nameString:'Scott Douglas', first_name:'Scott', last_name:'Douglas'})"
"323","CREATE (:person{resourceNodeTypeID:11210, resourceNodeSubTypeID:0, ID:323, label:'Scott Ducharme', name:'', description:'', status:'active', start_date:'2017-01-24', end_date:'', nameString:'Scott Ducharme', first_name:'Scott', last_name:'Ducharme'})"
"324","CREATE (:person{resourceNodeTypeID:11210, resourceNodeSubTypeID:0, ID:324, label:'Scott Melville', name:'', description:'', status:'active', start_date:'2017-01-24', end_date:'', nameString:'Scott Melville', first_name:'Scott', last_name:'Melville'})"
"325","CREATE (:person{resourceNodeTypeID:11210, resourceNodeSubTypeID:0, ID:325, label:'Sean Collins', name:'', description:'', status:'active', start_date:'2017-01-24', end_date:'', nameString:'Sean Collins', first_name:'Sean', last_name:'Collins'})"
"326","CREATE (:person{resourceNodeTypeID:11210, resourceNodeSubTypeID:0, ID:326, label:'Sean Dolan', name:'', description:'', status:'active', start_date:'2017-01-24', end_date:'', nameString:'Sean Dolan', first_name:'Sean', last_name:'Dolan'})"
"327","CREATE (:person{resourceNodeTypeID:11210, resourceNodeSubTypeID:0, ID:327, label:'Sean Stark', name:'', description:'', status:'active', start_date:'2017-01-24', end_date:'', nameString:'Sean Stark', first_name:'Sean', last_name:'Stark'})"
"328","CREATE (:person{resourceNodeTypeID:11210, resourceNodeSubTypeID:0, ID:328, label:'Serge Doucet', name:'', description:'', status:'active', start_date:'2017-01-24', end_date:'', nameString:'Serge Doucet', first_name:'Serge', last_name:'Doucet'})"
"329","CREATE (:person{resourceNodeTypeID:11210, resourceNodeSubTypeID:0, ID:329, label:'Shane Kalyn', name:'', description:'', status:'active', start_date:'2017-01-24', end_date:'', nameString:'Shane Kalyn', first_name:'Shane', last_name:'Kalyn'})"
"330","CREATE (:person{resourceNodeTypeID:11210, resourceNodeSubTypeID:0, ID:330, label:'Shannon Anderson', name:'', description:'', status:'active', start_date:'2017-01-24', end_date:'', nameString:'Shannon Anderson', first_name:'Shannon', last_name:'Anderson'})"
"331","CREATE (:person{resourceNodeTypeID:11210, resourceNodeSubTypeID:0, ID:331, label:'Sharan Johal', name:'', description:'', status:'active', start_date:'2017-01-24', end_date:'', nameString:'Sharan Johal', first_name:'Sharan', last_name:'Johal'})"
"332","CREATE (:person{resourceNodeTypeID:11210, resourceNodeSubTypeID:0, ID:332, label:'Shaun Davies', name:'', description:'', status:'active', start_date:'2017-01-24', end_date:'', nameString:'Shaun Davies', first_name:'Shaun', last_name:'Davies'})"
"333","CREATE (:person{resourceNodeTypeID:11210, resourceNodeSubTypeID:0, ID:333, label:'Shaun Spenard', name:'', description:'', status:'active', start_date:'2017-01-24', end_date:'', nameString:'Shaun Spenard', first_name:'Shaun', last_name:'Spenard'})"
"334","CREATE (:person{resourceNodeTypeID:11210, resourceNodeSubTypeID:0, ID:334, label:'Shawn McFarland', name:'', description:'', status:'active', start_date:'2017-01-24', end_date:'', nameString:'Shawn McFarland', first_name:'Shawn', last_name:'McFarland'})"
"335","CREATE (:person{resourceNodeTypeID:11210, resourceNodeSubTypeID:0, ID:335, label:'Sheldon Evers', name:'', description:'', status:'active', start_date:'2017-01-24', end_date:'', nameString:'Sheldon Evers', first_name:'Sheldon', last_name:'Evers'})"
"336","CREATE (:person{resourceNodeTypeID:11210, resourceNodeSubTypeID:0, ID:336, label:'Shelee Hamilton', name:'', description:'', status:'active', start_date:'2017-01-24', end_date:'', nameString:'Shelee Hamilton', first_name:'Shelee', last_name:'Hamilton'})"
"337","CREATE (:person{resourceNodeTypeID:11210, resourceNodeSubTypeID:0, ID:337, label:'Sherisse McWilliam', name:'', description:'', status:'active', start_date:'2017-01-24', end_date:'', nameString:'Sherisse McWilliam', first_name:'Sherisse', last_name:'McWilliam'})"
"338","CREATE (:person{resourceNodeTypeID:11210, resourceNodeSubTypeID:0, ID:338, label:'Sherri Schmidt', name:'', description:'', status:'active', start_date:'2017-01-24', end_date:'', nameString:'Sherri Schmidt', first_name:'Sherri', last_name:'Schmidt'})"
"339","CREATE (:person{resourceNodeTypeID:11210, resourceNodeSubTypeID:0, ID:339, label:'Sophie Leblanc', name:'', description:'', status:'active', start_date:'2017-01-24', end_date:'', nameString:'Sophie Leblanc', first_name:'Sophie', last_name:'Leblanc'})"
"340","CREATE (:person{resourceNodeTypeID:11210, resourceNodeSubTypeID:0, ID:340, label:'Stacey Larsen', name:'', description:'', status:'active', start_date:'2017-01-24', end_date:'', nameString:'Stacey Larsen', first_name:'Stacey', last_name:'Larsen'})"
"341","CREATE (:person{resourceNodeTypeID:11210, resourceNodeSubTypeID:0, ID:341, label:'Stefan Howarth', name:'', description:'', status:'active', start_date:'2017-01-24', end_date:'', nameString:'Stefan Howarth', first_name:'Stefan', last_name:'Howarth'})"
"342","CREATE (:person{resourceNodeTypeID:11210, resourceNodeSubTypeID:0, ID:342, label:'Steve Cox-Rogers', name:'', description:'', status:'active', start_date:'2017-01-24', end_date:'', nameString:'Steve Cox-Rogers', first_name:'Steve', last_name:'Cox-Rogers'})"
"343","CREATE (:person{resourceNodeTypeID:11210, resourceNodeSubTypeID:0, ID:343, label:'Steve Emmonds', name:'', description:'', status:'active', start_date:'2017-01-24', end_date:'', nameString:'Steve Emmonds', first_name:'Steve', last_name:'Emmonds'})"
"344","CREATE (:person{resourceNodeTypeID:11210, resourceNodeSubTypeID:0, ID:344, label:'Steve Gotch', name:'', description:'', status:'active', start_date:'2017-01-24', end_date:'', nameString:'Steve Gotch', first_name:'Steve', last_name:'Gotch'})"
"345","CREATE (:person{resourceNodeTypeID:11210, resourceNodeSubTypeID:0, ID:345, label:'Steve MacDonald', name:'', description:'', status:'active', start_date:'2017-01-24', end_date:'', nameString:'Steve MacDonald', first_name:'Steve', last_name:'MacDonald'})"
"346","CREATE (:person{resourceNodeTypeID:11210, resourceNodeSubTypeID:0, ID:346, label:'Steve Smith', name:'', description:'', status:'active', start_date:'2017-01-24', end_date:'', nameString:'Steve Smith', first_name:'Steve', last_name:'Smith'})"
"347","CREATE (:person{resourceNodeTypeID:11210, resourceNodeSubTypeID:0, ID:347, label:'Steven Leadbeater', name:'', description:'', status:'active', start_date:'2017-01-24', end_date:'', nameString:'Steven Leadbeater', first_name:'Steven', last_name:'Leadbeater'})"
"348","CREATE (:person{resourceNodeTypeID:11210, resourceNodeSubTypeID:0, ID:348, label:'Stewart Johnson', name:'', description:'', status:'active', start_date:'2017-01-24', end_date:'', nameString:'Stewart Johnson', first_name:'Stewart', last_name:'Johnson'})"
"349","CREATE (:person{resourceNodeTypeID:11210, resourceNodeSubTypeID:0, ID:349, label:'Strahan Tucker', name:'', description:'', status:'active', start_date:'2017-01-24', end_date:'', nameString:'Strahan Tucker', first_name:'Strahan', last_name:'Tucker'})"
"350","CREATE (:person{resourceNodeTypeID:11210, resourceNodeSubTypeID:0, ID:350, label:'Stuart LePage', name:'', description:'', status:'active', start_date:'2017-01-24', end_date:'', nameString:'Stuart LePage', first_name:'Stuart', last_name:'LePage'})"
"351","CREATE (:person{resourceNodeTypeID:11210, resourceNodeSubTypeID:0, ID:351, label:'Sue Grant', name:'', description:'', status:'active', start_date:'2017-01-24', end_date:'', nameString:'Sue Grant', first_name:'Sue', last_name:'Grant'})"
"352","CREATE (:person{resourceNodeTypeID:11210, resourceNodeSubTypeID:0, ID:352, label:'Sue Lemke', name:'', description:'', status:'active', start_date:'2017-01-24', end_date:'', nameString:'Sue Lemke', first_name:'Sue', last_name:'Lemke'})"
"353","CREATE (:person{resourceNodeTypeID:11210, resourceNodeSubTypeID:0, ID:353, label:'Tanya Vivian', name:'', description:'', status:'active', start_date:'2017-01-24', end_date:'', nameString:'Tanya Vivian', first_name:'Tanya', last_name:'Vivian'})"
"354","CREATE (:person{resourceNodeTypeID:11210, resourceNodeSubTypeID:0, ID:354, label:'Terry Beacham', name:'', description:'', status:'active', start_date:'2017-01-24', end_date:'', nameString:'Terry Beacham', first_name:'Terry', last_name:'Beacham'})"
"355","CREATE (:person{resourceNodeTypeID:11210, resourceNodeSubTypeID:0, ID:355, label:'Tim Pankratz', name:'', description:'', status:'active', start_date:'2017-01-24', end_date:'', nameString:'Tim Pankratz', first_name:'Tim', last_name:'Pankratz'})"
"356","CREATE (:person{resourceNodeTypeID:11210, resourceNodeSubTypeID:0, ID:356, label:'Timber Whitehouse', name:'', description:'', status:'active', start_date:'2017-01-24', end_date:'', nameString:'Timber Whitehouse', first_name:'Timber', last_name:'Whitehouse'})"
"357","CREATE (:person{resourceNodeTypeID:11210, resourceNodeSubTypeID:0, ID:357, label:'Tony Rathbone', name:'', description:'', status:'active', start_date:'2017-01-24', end_date:'', nameString:'Tony Rathbone', first_name:'Tony', last_name:'Rathbone'})"
"358","CREATE (:person{resourceNodeTypeID:11210, resourceNodeSubTypeID:0, ID:358, label:'Tracy Cone', name:'', description:'', status:'active', start_date:'2017-01-24', end_date:'', nameString:'Tracy Cone', first_name:'Tracy', last_name:'Cone'})"
"359","CREATE (:person{resourceNodeTypeID:11210, resourceNodeSubTypeID:0, ID:359, label:'Travis Desy', name:'', description:'', status:'active', start_date:'2017-01-24', end_date:'', nameString:'Travis Desy', first_name:'Travis', last_name:'Desy'})"
"360","CREATE (:person{resourceNodeTypeID:11210, resourceNodeSubTypeID:0, ID:360, label:'Tyler Collie', name:'', description:'', status:'active', start_date:'2017-01-24', end_date:'', nameString:'Tyler Collie', first_name:'Tyler', last_name:'Collie'})"
"361","CREATE (:person{resourceNodeTypeID:11210, resourceNodeSubTypeID:0, ID:361, label:'Tyler Zubkowski', name:'', description:'', status:'active', start_date:'2017-01-24', end_date:'', nameString:'Tyler Zubkowski', first_name:'Tyler', last_name:'Zubkowski'})"
"362","CREATE (:person{resourceNodeTypeID:11210, resourceNodeSubTypeID:0, ID:362, label:'Vesta Mather', name:'', description:'', status:'active', start_date:'2017-01-24', end_date:'', nameString:'Vesta Mather', first_name:'Vesta', last_name:'Mather'})"
"363","CREATE (:person{resourceNodeTypeID:11210, resourceNodeSubTypeID:0, ID:363, label:'Vince Sealy', name:'', description:'', status:'active', start_date:'2017-01-24', end_date:'', nameString:'Vince Sealy', first_name:'Vince', last_name:'Sealy'})"
"364","CREATE (:person{resourceNodeTypeID:11210, resourceNodeSubTypeID:0, ID:364, label:'Wayne Fairchild', name:'', description:'', status:'active', start_date:'2017-01-24', end_date:'', nameString:'Wayne Fairchild', first_name:'Wayne', last_name:'Fairchild'})"
"365","CREATE (:person{resourceNodeTypeID:11210, resourceNodeSubTypeID:0, ID:365, label:'Wilf Luedke', name:'', description:'', status:'active', start_date:'2017-01-24', end_date:'', nameString:'Wilf Luedke', first_name:'Wilf', last_name:'Luedke'})"
"366","CREATE (:person{resourceNodeTypeID:11210, resourceNodeSubTypeID:0, ID:366, label:'Zach Trefry', name:'', description:'', status:'active', start_date:'2017-01-24', end_date:'', nameString:'Zach Trefry', first_name:'Zach', last_name:'Trefry'})"
