"","x"
"1","CREATE (:webpage{resourceNodeTypeID:11217, resourceNodeSubTypeID:NA, ID:1387, label:'Coldbrook Biodiversity Facility', name:'', description:'', status:'active', start_date:'2017-01-24', end_date:'', URL:'http://www.inter.dfo-mpo.gc.ca/Maritimes/Biodiversity-Facilities', accessedDate:''})"
"2","CREATE (:webpage{resourceNodeTypeID:11217, resourceNodeSubTypeID:NA, ID:1388, label:'Mactaquac Biodiversity Facility', name:'', description:'', status:'active', start_date:'2017-01-24', end_date:'', URL:'http://www.inter.dfo-mpo.gc.ca/Maritimes/Biodiversity-Facilities#details-panel2', accessedDate:''})"
"3","CREATE (:webpage{resourceNodeTypeID:11217, resourceNodeSubTypeID:NA, ID:1389, label:'Pacific Biological Station', name:'', description:'', status:'active', start_date:'2017-01-24', end_date:'', URL:'http://www.pac.dfo-mpo.gc.ca/science/facilities-installations/index-eng.html#pbs', accessedDate:''})"
"4","CREATE (:webpage{resourceNodeTypeID:11217, resourceNodeSubTypeID:NA, ID:1390, label:'Institute of Ocean Sciences', name:'', description:'', status:'active', start_date:'2017-01-24', end_date:'', URL:'http://www.pac.dfo-mpo.gc.ca/science/facilities-installations/index-eng.html#ios', accessedDate:''})"
"5","CREATE (:webpage{resourceNodeTypeID:11217, resourceNodeSubTypeID:NA, ID:1391, label:'Cultus Lake Salmon Research Laboratory', name:'', description:'', status:'active', start_date:'2017-01-24', end_date:'', URL:'http://www.pac.dfo-mpo.gc.ca/science/facilities-installations/index-eng.html', accessedDate:''})"
