"","x"
"1","CREATE (:idea{resourceNodeTypeID:11233, resourceNodeSubTypeID:NA, ID:NA, label:'Arctic char biology', name:'', description:'', status:'active', start_date:'2017-01-24', end_date:''})"
"2","CREATE (:idea{resourceNodeTypeID:11233, resourceNodeSubTypeID:NA, ID:NA, label:'Arctic monitoring', name:'', description:'monitoring of salmon colonizing new habitats in Arctic and Sub-Arctic regions', status:'active', start_date:'2017-01-24', end_date:''})"
"3","CREATE (:idea{resourceNodeTypeID:11233, resourceNodeSubTypeID:NA, ID:NA, label:'by-catch', name:'', description:'Commercial by-catches data at sea from commercial fishermenSalmon by-catch at sea in all fisheries', status:'active', start_date:'2017-01-24', end_date:''})"
"4","CREATE (:idea{resourceNodeTypeID:11233, resourceNodeSubTypeID:NA, ID:NA, label:'collaboration buy-in', name:'', description:'working groups and open workshops to get buy-in to collaborative initiatives', status:'active', start_date:'2017-01-24', end_date:''})"
"5","CREATE (:idea{resourceNodeTypeID:11233, resourceNodeSubTypeID:NA, ID:NA, label:'collaboration process', name:'', description:'', status:'active', start_date:'2017-01-24', end_date:''})"
"6","CREATE (:idea{resourceNodeTypeID:11233, resourceNodeSubTypeID:NA, ID:NA, label:'collaboration support systems', name:'', description:'', status:'active', start_date:'2017-01-24', end_date:''})"
"7","CREATE (:idea{resourceNodeTypeID:11233, resourceNodeSubTypeID:NA, ID:NA, label:'colonizing', name:'', description:'', status:'active', start_date:'2017-01-24', end_date:''})"
"8","CREATE (:idea{resourceNodeTypeID:11233, resourceNodeSubTypeID:NA, ID:NA, label:'Cypher', name:'', description:'', status:'active', start_date:'2017-01-24', end_date:''})"
"9","CREATE (:idea{resourceNodeTypeID:11233, resourceNodeSubTypeID:NA, ID:NA, label:'data management', name:'', description:'', status:'active', start_date:'2017-01-24', end_date:''})"
"10","CREATE (:idea{resourceNodeTypeID:11233, resourceNodeSubTypeID:NA, ID:NA, label:'DIDSON', name:'', description:'DIDSON sonar systems that can monitor entire smolt runs', status:'active', start_date:'2017-01-24', end_date:''})"
"11","CREATE (:idea{resourceNodeTypeID:11233, resourceNodeSubTypeID:NA, ID:NA, label:'Dydimo', name:'', description:'', status:'active', start_date:'2017-01-24', end_date:''})"
"12","CREATE (:idea{resourceNodeTypeID:11233, resourceNodeSubTypeID:NA, ID:NA, label:'EBM', name:'', description:'ecosystem-based management', status:'active', start_date:'2017-01-24', end_date:''})"
"13","CREATE (:idea{resourceNodeTypeID:11233, resourceNodeSubTypeID:NA, ID:NA, label:'eco-regions', name:'', description:'', status:'active', start_date:'2017-01-24', end_date:''})"
"14","CREATE (:idea{resourceNodeTypeID:11233, resourceNodeSubTypeID:NA, ID:NA, label:'eDNA', name:'', description:'genetics and genomics for environmental monitoring', status:'active', start_date:'2017-01-24', end_date:''})"
"15","CREATE (:idea{resourceNodeTypeID:11233, resourceNodeSubTypeID:NA, ID:NA, label:'education', name:'', description:'', status:'active', start_date:'2017-01-24', end_date:''})"
"16","CREATE (:idea{resourceNodeTypeID:11233, resourceNodeSubTypeID:NA, ID:NA, label:'field data', name:'', description:'Collaborations for field data collection and assessment given our geographic spread', status:'active', start_date:'2017-01-24', end_date:''})"
"17","CREATE (:idea{resourceNodeTypeID:11233, resourceNodeSubTypeID:NA, ID:NA, label:'First Nations', name:'', description:'', status:'active', start_date:'2017-01-24', end_date:''})"
"18","CREATE (:idea{resourceNodeTypeID:11233, resourceNodeSubTypeID:NA, ID:NA, label:'fish passage', name:'', description:'', status:'active', start_date:'2017-01-24', end_date:''})"
"19","CREATE (:idea{resourceNodeTypeID:11233, resourceNodeSubTypeID:NA, ID:NA, label:'fitness', name:'', description:'assessment of salmon health and fitness', status:'active', start_date:'2017-01-24', end_date:''})"
"20","CREATE (:idea{resourceNodeTypeID:11233, resourceNodeSubTypeID:NA, ID:NA, label:'freshwater census', name:'', description:'censusing adult salmon in pools', status:'active', start_date:'2017-01-24', end_date:''})"
"21","CREATE (:idea{resourceNodeTypeID:11233, resourceNodeSubTypeID:NA, ID:NA, label:'genetic adaptation', name:'', description:'', status:'active', start_date:'2017-01-24', end_date:''})"
"22","CREATE (:idea{resourceNodeTypeID:11233, resourceNodeSubTypeID:NA, ID:NA, label:'GIS', name:'', description:'high-resolution georeferenced maps', status:'active', start_date:'2017-01-24', end_date:''})"
"23","CREATE (:idea{resourceNodeTypeID:11233, resourceNodeSubTypeID:NA, ID:NA, label:'graph database', name:'', description:'', status:'active', start_date:'2017-01-24', end_date:''})"
"24","CREATE (:idea{resourceNodeTypeID:11233, resourceNodeSubTypeID:NA, ID:NA, label:'Gyrodactylus', name:'', description:'', status:'active', start_date:'2017-01-24', end_date:''})"
"25","CREATE (:idea{resourceNodeTypeID:11233, resourceNodeSubTypeID:NA, ID:NA, label:'habitat change', name:'', description:'measuring how salmon respond to environmental change', status:'active', start_date:'2017-01-24', end_date:''})"
"26","CREATE (:idea{resourceNodeTypeID:11233, resourceNodeSubTypeID:NA, ID:NA, label:'habitat drivers', name:'', description:'environmental drivers operating within freshwater and marine ecosystems', status:'active', start_date:'2017-01-24', end_date:''})"
"27","CREATE (:idea{resourceNodeTypeID:11233, resourceNodeSubTypeID:NA, ID:NA, label:'index rivers', name:'', description:'ondex rivers in Eastern Canada', status:'active', start_date:'2017-01-24', end_date:''})"
"28","CREATE (:idea{resourceNodeTypeID:11233, resourceNodeSubTypeID:NA, ID:NA, label:'indicator populations', name:'', description:'Formal development and documentation of a subset of data rich salmon populations as high resolution diagnostic indicators of cause and effect associations between salmon production variations and environmental conditions in separate Pacific freshwater and marine eco-regions', status:'active', start_date:'2017-01-24', end_date:''})"
"29","CREATE (:idea{resourceNodeTypeID:11233, resourceNodeSubTypeID:NA, ID:NA, label:'jusidiction', name:'', description:'Québec has jurisdiction for salmon assessment and management', status:'active', start_date:'2017-01-24', end_date:''})"
"30","CREATE (:idea{resourceNodeTypeID:11233, resourceNodeSubTypeID:NA, ID:NA, label:'juvenile salmon', name:'', description:'juvenile salmon work/tools/assessment types', status:'active', start_date:'2017-01-24', end_date:''})"
"31","CREATE (:idea{resourceNodeTypeID:11233, resourceNodeSubTypeID:NA, ID:NA, label:'lake capacity', name:'', description:'sockeye lake area and quality as priors for capacity estimates', status:'active', start_date:'2017-01-24', end_date:''})"
"32","CREATE (:idea{resourceNodeTypeID:11233, resourceNodeSubTypeID:NA, ID:NA, label:'management strategy evaluation', name:'', description:'', status:'active', start_date:'2017-01-24', end_date:''})"
"33","CREATE (:idea{resourceNodeTypeID:11233, resourceNodeSubTypeID:NA, ID:NA, label:'migrating salmon', name:'', description:'', status:'active', start_date:'2017-01-24', end_date:''})"
"34","CREATE (:idea{resourceNodeTypeID:11233, resourceNodeSubTypeID:NA, ID:NA, label:'migration stress', name:'', description:'recognizing when migrating salmon are experiencing different types of environmental stress', status:'active', start_date:'2017-01-24', end_date:''})"
"35","CREATE (:idea{resourceNodeTypeID:11233, resourceNodeSubTypeID:NA, ID:NA, label:'MPA', name:'', description:'marine protected areas and policy,governance,and engagement', status:'active', start_date:'2017-01-24', end_date:''})"
"36","CREATE (:idea{resourceNodeTypeID:11233, resourceNodeSubTypeID:NA, ID:NA, label:'neo4j', name:'', description:'', status:'active', start_date:'2017-01-24', end_date:''})"
"37","CREATE (:idea{resourceNodeTypeID:11233, resourceNodeSubTypeID:NA, ID:NA, label:'new enhancement tech', name:'', description:'Advances in fish culture and stock enhancement methods to offset environmental change/fluctuations', status:'active', start_date:'2017-01-24', end_date:''})"
"38","CREATE (:idea{resourceNodeTypeID:11233, resourceNodeSubTypeID:NA, ID:NA, label:'new FM', name:'', description:'new processes for fisheries management', status:'active', start_date:'2017-01-24', end_date:''})"
"39","CREATE (:idea{resourceNodeTypeID:11233, resourceNodeSubTypeID:NA, ID:NA, label:'new genetrics', name:'', description:'advances in genetics and genomics', status:'active', start_date:'2017-01-24', end_date:''})"
"40","CREATE (:idea{resourceNodeTypeID:11233, resourceNodeSubTypeID:NA, ID:NA, label:'novel organisms', name:'', description:'Risk assessment of novel organisms (engineered,cultured,or selected) in Canadian environments', status:'active', start_date:'2017-01-24', end_date:''})"
"41","CREATE (:idea{resourceNodeTypeID:11233, resourceNodeSubTypeID:NA, ID:NA, label:'OPP', name:'', description:'Oceans Protection Plan engagement', status:'active', start_date:'2017-01-24', end_date:''})"
"42","CREATE (:idea{resourceNodeTypeID:11233, resourceNodeSubTypeID:NA, ID:NA, label:'outreach process', name:'', description:'standardized processes for outreach and education', status:'active', start_date:'2017-01-24', end_date:''})"
"43","CREATE (:idea{resourceNodeTypeID:11233, resourceNodeSubTypeID:NA, ID:NA, label:'outreach tutorials', name:'', description:'written and video tutorials for outreach and education', status:'active', start_date:'2017-01-24', end_date:''})"
"44","CREATE (:idea{resourceNodeTypeID:11233, resourceNodeSubTypeID:NA, ID:NA, label:'parasites', name:'', description:'', status:'active', start_date:'2017-01-24', end_date:''})"
"45","CREATE (:idea{resourceNodeTypeID:11233, resourceNodeSubTypeID:NA, ID:NA, label:'phenotypic resilience', name:'', description:'', status:'active', start_date:'2017-01-24', end_date:''})"
"46","CREATE (:idea{resourceNodeTypeID:11233, resourceNodeSubTypeID:NA, ID:NA, label:'production variation', name:'', description:'Linkages among status and trend assessments of production variations exhibited by wild salmon conservation units', status:'active', start_date:'2017-01-24', end_date:''})"
"47","CREATE (:idea{resourceNodeTypeID:11233, resourceNodeSubTypeID:NA, ID:NA, label:'production variations', name:'', description:'', status:'active', start_date:'2017-01-24', end_date:''})"
"48","CREATE (:idea{resourceNodeTypeID:11233, resourceNodeSubTypeID:NA, ID:NA, label:'rearing habitat', name:'', description:'mapping and classifying salmon rearing habitat', status:'active', start_date:'2017-01-24', end_date:''})"
"49","CREATE (:idea{resourceNodeTypeID:11233, resourceNodeSubTypeID:NA, ID:NA, label:'redd counts', name:'', description:'Use of redd counts as indicators of stock status and trends', status:'active', start_date:'2017-01-24', end_date:''})"
"50","CREATE (:idea{resourceNodeTypeID:11233, resourceNodeSubTypeID:NA, ID:NA, label:'river fisheries', name:'', description:'River-specific management approaches to recreational fisheries management', status:'active', start_date:'2017-01-24', end_date:''})"
"51","CREATE (:idea{resourceNodeTypeID:11233, resourceNodeSubTypeID:NA, ID:NA, label:'river SONAR', name:'', description:'SONAR enumeration especially in large river systems and in remote areas', status:'active', start_date:'2017-01-24', end_date:''})"
"52","CREATE (:idea{resourceNodeTypeID:11233, resourceNodeSubTypeID:NA, ID:NA, label:'salmon interactions', name:'', description:'Salmon interdependencies with other species during different periods in their life cycle', status:'active', start_date:'2017-01-24', end_date:''})"
"53","CREATE (:idea{resourceNodeTypeID:11233, resourceNodeSubTypeID:NA, ID:NA, label:'Salmon Net', name:'', description:'activating DFO Salmon Net', status:'active', start_date:'2017-01-24', end_date:''})"
"54","CREATE (:idea{resourceNodeTypeID:11233, resourceNodeSubTypeID:NA, ID:NA, label:'salmon pathogens', name:'', description:'Impact of parasites and introduced organisms on salmon populations and habitat', status:'active', start_date:'2017-01-24', end_date:''})"
"55","CREATE (:idea{resourceNodeTypeID:11233, resourceNodeSubTypeID:NA, ID:NA, label:'sea-lice', name:'', description:'', status:'active', start_date:'2017-01-24', end_date:''})"
"56","CREATE (:idea{resourceNodeTypeID:11233, resourceNodeSubTypeID:NA, ID:NA, label:'simulation models', name:'', description:'', status:'active', start_date:'2017-01-24', end_date:''})"
"57","CREATE (:idea{resourceNodeTypeID:11233, resourceNodeSubTypeID:NA, ID:NA, label:'smolt survival models', name:'', description:'', status:'active', start_date:'2017-01-24', end_date:''})"
"58","CREATE (:idea{resourceNodeTypeID:11233, resourceNodeSubTypeID:NA, ID:NA, label:'spatial behaviour', name:'', description:'', status:'active', start_date:'2017-01-24', end_date:''})"
"59","CREATE (:idea{resourceNodeTypeID:11233, resourceNodeSubTypeID:NA, ID:NA, label:'species at risk', name:'', description:'', status:'active', start_date:'2017-01-24', end_date:''})"
"60","CREATE (:idea{resourceNodeTypeID:11233, resourceNodeSubTypeID:NA, ID:NA, label:'statistics', name:'', description:'', status:'active', start_date:'2017-01-24', end_date:''})"
"61","CREATE (:idea{resourceNodeTypeID:11233, resourceNodeSubTypeID:NA, ID:NA, label:'stewardship groups', name:'', description:'', status:'active', start_date:'2017-01-24', end_date:''})"
"62","CREATE (:idea{resourceNodeTypeID:11233, resourceNodeSubTypeID:NA, ID:NA, label:'stock assessment genetics', name:'', description:'genetics and genomics in future stock assessment', status:'active', start_date:'2017-01-24', end_date:''})"
"63","CREATE (:idea{resourceNodeTypeID:11233, resourceNodeSubTypeID:NA, ID:NA, label:'stock-habitat-recruit models', name:'', description:'', status:'active', start_date:'2017-01-24', end_date:''})"
"64","CREATE (:idea{resourceNodeTypeID:11233, resourceNodeSubTypeID:NA, ID:NA, label:'stock-recruit models', name:'', description:'', status:'active', start_date:'2017-01-24', end_date:''})"
"65","CREATE (:idea{resourceNodeTypeID:11233, resourceNodeSubTypeID:NA, ID:NA, label:'technology transfer', name:'', description:'', status:'active', start_date:'2017-01-24', end_date:''})"
"66","CREATE (:idea{resourceNodeTypeID:11233, resourceNodeSubTypeID:NA, ID:NA, label:'watershed assessment and restoration', name:'', description:'', status:'active', start_date:'2017-01-24', end_date:''})"
"67","CREATE (:idea{resourceNodeTypeID:11233, resourceNodeSubTypeID:NA, ID:NA, label:'WSP', name:'', description:'Wild Salmon Policy implementation planWild Salmon Policy implementation', status:'active', start_date:'2017-01-24', end_date:''})"
