"","x"
"1","CREATE (:contactService{resourceNodeTypeID:11224, resourceNodeSubTypeID:NA, ID:771, label:'Aaron Burgoyne', name:'Aaron Burgoyne', description:'', status:'active', start_date:'2017-01-24', end_date:'', contactServiceString:'Aaron.Burgoyne@dfo-mpo.gc.ca 250-757-8412'})"
"2","CREATE (:contactService{resourceNodeTypeID:11224, resourceNodeSubTypeID:NA, ID:772, label:'Adam Bruno', name:'Adam Bruno', description:'', status:'active', start_date:'2017-01-24', end_date:'', contactServiceString:'Adam.Bruno@dfo-mpo.gc.ca 250-572-2496'})"
"3","CREATE (:contactService{resourceNodeTypeID:11224, resourceNodeSubTypeID:NA, ID:773, label:'Adam Burns', name:'Adam Burns', description:'', status:'active', start_date:'2017-01-24', end_date:'', contactServiceString:'Adam.Burns@dfo-mpo.gc.ca 613-993-6853'})"
"4","CREATE (:contactService{resourceNodeTypeID:11224, resourceNodeSubTypeID:NA, ID:774, label:'Adam Silverstein', name:'Adam Silverstein', description:'', status:'active', start_date:'2017-01-24', end_date:'', contactServiceString:'Adam.Silverstein@dfo-mpo.gc.ca 250-339-2809'})"
"5","CREATE (:contactService{resourceNodeTypeID:11224, resourceNodeSubTypeID:NA, ID:775, label:'Adena Peters', name:'Adena Peters', description:'', status:'active', start_date:'2017-01-24', end_date:'', contactServiceString:'Adena.Peters@dfo-mpo.gc.ca 506-261-5561'})"
"6","CREATE (:contactService{resourceNodeTypeID:11224, resourceNodeSubTypeID:NA, ID:776, label:'Al Jonsson', name:'Al Jonsson', description:'', status:'active', start_date:'2017-01-24', end_date:'', contactServiceString:'Alan.Jonsson@dfo-mpo.gc.ca 604-666-0226'})"
"7","CREATE (:contactService{resourceNodeTypeID:11224, resourceNodeSubTypeID:NA, ID:777, label:'Alanna MacFarlane', name:'Alanna MacFarlane', description:'', status:'active', start_date:'2017-01-24', end_date:'', contactServiceString:'Alanna.MacFarlane@dfo-mpo.gc.ca 506-639-4721'})"
"8","CREATE (:contactService{resourceNodeTypeID:11224, resourceNodeSubTypeID:NA, ID:778, label:'Aleta Rushton', name:'Aleta Rushton', description:'', status:'active', start_date:'2017-01-24', end_date:'', contactServiceString:'Aleta.Rushton@dfo-mpo.gc.ca 250-949-6788'})"
"9","CREATE (:contactService{resourceNodeTypeID:11224, resourceNodeSubTypeID:NA, ID:779, label:'Alex Levy', name:'Alex Levy', description:'', status:'active', start_date:'2017-01-24', end_date:'', contactServiceString:'Alex.Levy@dfo-mpo.gc.ca 902-478-7837'})"
"10","CREATE (:contactService{resourceNodeTypeID:11224, resourceNodeSubTypeID:NA, ID:780, label:'Alfred Lavallee', name:'Alfred Lavallee', description:'', status:'active', start_date:'2017-01-24', end_date:'', contactServiceString:'Alfred.Lavallee@dfo-mpo.gc.ca 867-393-6722'})"
"11","CREATE (:contactService{resourceNodeTypeID:11224, resourceNodeSubTypeID:NA, ID:781, label:'Allison Webb', name:'Allison Webb', description:'', status:'active', start_date:'2017-01-24', end_date:'', contactServiceString:'Allison.Webb@dfo-mpo.gc.ca 604-666-8118'})"
"12","CREATE (:contactService{resourceNodeTypeID:11224, resourceNodeSubTypeID:NA, ID:782, label:'Amanda Metz', name:'Amanda Metz', description:'', status:'active', start_date:'2017-01-24', end_date:'', contactServiceString:'Amanda.Kelley@dfo-mpo.gc.ca 506-238-4203'})"
"13","CREATE (:contactService{resourceNodeTypeID:11224, resourceNodeSubTypeID:NA, ID:783, label:'Andrea Goruk', name:'Andrea Goruk', description:'', status:'active', start_date:'2017-01-24', end_date:'', contactServiceString:'Andrea.Goruk@dfo-mpo.gc.ca 250-756-7287'})"
"14","CREATE (:contactService{resourceNodeTypeID:11224, resourceNodeSubTypeID:NA, ID:784, label:'Andrew Campbell', name:'Andrew Campbell', description:'', status:'active', start_date:'2017-01-24', end_date:'', contactServiceString:'Andrew.Campbell@dfo-mpo.gc.ca 250-756-7393'})"
"15","CREATE (:contactService{resourceNodeTypeID:11224, resourceNodeSubTypeID:NA, ID:785, label:'Andrew Grant', name:'Andrew Grant', description:'', status:'active', start_date:'2017-01-24', end_date:'', contactServiceString:'Andrew.Grant@dfo-mpo.gc.ca 604-316-7586'})"
"16","CREATE (:contactService{resourceNodeTypeID:11224, resourceNodeSubTypeID:NA, ID:786, label:'Andrew MacDonald', name:'Andrew MacDonald', description:'', status:'active', start_date:'2017-01-24', end_date:'', contactServiceString:'Andrew.MacDonald@dfo-mpo.gc.ca 506-478-0223'})"
"17","CREATE (:contactService{resourceNodeTypeID:11224, resourceNodeSubTypeID:NA, ID:787, label:'Andrew Pereboom', name:'Andrew Pereboom', description:'', status:'active', start_date:'2017-01-24', end_date:'', contactServiceString:'Andrew.Pereboom@dfo-mpo.gc.ca 250-286-5884'})"
"18","CREATE (:contactService{resourceNodeTypeID:11224, resourceNodeSubTypeID:NA, ID:788, label:'Andrew Smith', name:'Andrew Smith', description:'', status:'active', start_date:'2017-01-24', end_date:'', contactServiceString:'Andrew.Smith4@dfo-mpo.gc.ca 418-775-0665'})"
"19","CREATE (:contactService{resourceNodeTypeID:11224, resourceNodeSubTypeID:NA, ID:789, label:'Andrew Thomson', name:'Andrew Thomson', description:'', status:'active', start_date:'2017-01-24', end_date:'', contactServiceString:'Andrew.Thomson@dfo-mpo.gc.ca 604-666-0751'})"
"20","CREATE (:contactService{resourceNodeTypeID:11224, resourceNodeSubTypeID:NA, ID:790, label:'Andy Carlick', name:'Andy Carlick', description:'', status:'active', start_date:'2017-01-24', end_date:'', contactServiceString:'Andy.Carlick@dfo-mpo.gc.ca 867-393-6722'})"
"21","CREATE (:contactService{resourceNodeTypeID:11224, resourceNodeSubTypeID:NA, ID:791, label:'Andy Lewis', name:'Andy Lewis', description:'', status:'active', start_date:'2017-01-24', end_date:'', contactServiceString:'Andy.Lewis@dfo-mpo.gc.ca 250) 615-5361'})"
"22","CREATE (:contactService{resourceNodeTypeID:11224, resourceNodeSubTypeID:NA, ID:792, label:'Angela Bate', name:'Angela Bate', description:'', status:'active', start_date:'2017-01-24', end_date:'', contactServiceString:'Angela.Bate@dfo-mpo.gc.ca 604-666-6478'})"
"23","CREATE (:contactService{resourceNodeTypeID:11224, resourceNodeSubTypeID:NA, ID:793, label:'Angela Stadel', name:'Angela Stadel', description:'', status:'active', start_date:'2017-01-24', end_date:'', contactServiceString:'Angela.Stadel@dfo-mpo.gc.ca 604-666-7013'})"
"24","CREATE (:contactService{resourceNodeTypeID:11224, resourceNodeSubTypeID:NA, ID:794, label:'Ann Susnik', name:'Ann Susnik', description:'', status:'active', start_date:'2017-01-24', end_date:'', contactServiceString:'Ann.Susnik@dfo-mpo.gc.ca 604-363-1647'})"
"25","CREATE (:contactService{resourceNodeTypeID:11224, resourceNodeSubTypeID:NA, ID:795, label:'Ann-Marie Huang', name:'Ann-Marie Huang', description:'', status:'active', start_date:'2017-01-24', end_date:'', contactServiceString:'Ann-Marie.Huang@dfo-mpo.gc.ca 604-666-7112'})"
"26","CREATE (:contactService{resourceNodeTypeID:11224, resourceNodeSubTypeID:NA, ID:796, label:'Anna MacDonnell', name:'Anna MacDonnell', description:'', status:'active', start_date:'2017-01-24', end_date:'', contactServiceString:'Anna.MacDonnell@dfo-mpo.gc.ca 902-679-5627'})"
"27","CREATE (:contactService{resourceNodeTypeID:11224, resourceNodeSubTypeID:NA, ID:797, label:'Antonio Velez-Espino', name:'Antonio Velez-Espino', description:'', status:'active', start_date:'2017-01-24', end_date:'', contactServiceString:'Antonio.Velez-Espino@dfo-mpo.gc.ca 250-756-7119'})"
"28","CREATE (:contactService{resourceNodeTypeID:11224, resourceNodeSubTypeID:NA, ID:798, label:'Art Demsky', name:'Art Demsky', description:'', status:'active', start_date:'2017-01-24', end_date:'', contactServiceString:'Arthur.Demsky@dfo-mpo.gc.ca 604-607-4168'})"
"29","CREATE (:contactService{resourceNodeTypeID:11224, resourceNodeSubTypeID:NA, ID:799, label:'Ashley Uittenbogaard', name:'Ashley Uittenbogaard', description:'', status:'active', start_date:'2017-01-24', end_date:'', contactServiceString:'Ashley.Uittenbogaard@dfo-mpo.gc.ca 604-666-1819'})"
"30","CREATE (:contactService{resourceNodeTypeID:11224, resourceNodeSubTypeID:NA, ID:800, label:'Athena Ogden', name:'Athena Ogden', description:'', status:'active', start_date:'2017-01-24', end_date:'', contactServiceString:'Athena.Ogden@dfo-mpo.gc.ca 250-756-3375'})"
"31","CREATE (:contactService{resourceNodeTypeID:11224, resourceNodeSubTypeID:NA, ID:801, label:'Averil Lamont', name:'Averil Lamont', description:'', status:'active', start_date:'2017-01-24', end_date:'', contactServiceString:'Averil.Lamont@dfo-mpo.gc.ca 604-658-2837'})"
"32","CREATE (:contactService{resourceNodeTypeID:11224, resourceNodeSubTypeID:NA, ID:802, label:'Barbara Mueller', name:'Barbara Mueller', description:'', status:'active', start_date:'2017-01-24', end_date:'', contactServiceString:'Barbara.Mueller@dfo-mpo.gc.ca 604-666-2370'})"
"33","CREATE (:contactService{resourceNodeTypeID:11224, resourceNodeSubTypeID:NA, ID:803, label:'Barry Finnegan', name:'Barry Finnegan', description:'', status:'active', start_date:'2017-01-24', end_date:'', contactServiceString:'Barry.Finnegan@dfo-mpo.gc.ca 250-847-3916'})"
"34","CREATE (:contactService{resourceNodeTypeID:11224, resourceNodeSubTypeID:NA, ID:804, label:'Becky Graham', name:'Becky Graham', description:'', status:'active', start_date:'2017-01-24', end_date:'', contactServiceString:'Becky.Graham@dfo-mpo.gc.ca 506-238-5769'})"
"35","CREATE (:contactService{resourceNodeTypeID:11224, resourceNodeSubTypeID:NA, ID:805, label:'Beth Lenentine', name:'Beth Lenentine', description:'', status:'active', start_date:'2017-01-24', end_date:'', contactServiceString:'Beth.Lenentine@dfo-mpo.gc.ca 902-679-5572'})"
"36","CREATE (:contactService{resourceNodeTypeID:11224, resourceNodeSubTypeID:NA, ID:806, label:'Beth Pechter', name:'Beth Pechter', description:'', status:'active', start_date:'2017-01-24', end_date:'', contactServiceString:'Beth.Pechter@dfo-mpo.gc.ca 250-286-5880'})"
"37","CREATE (:contactService{resourceNodeTypeID:11224, resourceNodeSubTypeID:NA, ID:807, label:'Bhagwant Sandhu', name:'Bhagwant Sandhu', description:'', status:'active', start_date:'2017-01-24', end_date:'', contactServiceString:'Bhagwant.Sandhu@dfo-mpo.gc.ca 613-998-8117'})"
"38","CREATE (:contactService{resourceNodeTypeID:11224, resourceNodeSubTypeID:NA, ID:808, label:'Bill Waugh', name:'Bill Waugh', description:'', status:'active', start_date:'2017-01-24', end_date:'', contactServiceString:'Bill.Waugh@dfo-mpo.gc.ca 867-393-6764'})"
"39","CREATE (:contactService{resourceNodeTypeID:11224, resourceNodeSubTypeID:NA, ID:809, label:'Bob Devlin', name:'Bob Devlin', description:'', status:'active', start_date:'2017-01-24', end_date:'', contactServiceString:'Robert.Devlin@dfo-mpo.gc.ca (604) 666-7926'})"
"40","CREATE (:contactService{resourceNodeTypeID:11224, resourceNodeSubTypeID:NA, ID:810, label:'Bob Stanton', name:'Bob Stanton', description:'', status:'active', start_date:'2017-01-24', end_date:'', contactServiceString:'Robert.Stanton@dfo-mpo.gc.ca 604-858-9305'})"
"41","CREATE (:contactService{resourceNodeTypeID:11224, resourceNodeSubTypeID:NA, ID:811, label:'Bonnie Antcliffe', name:'Bonnie Antcliffe', description:'', status:'active', start_date:'2017-01-24', end_date:'', contactServiceString:'Bonnie.Antcliffe@dfo-mpo.gc.ca 604-666-0920'})"
"42","CREATE (:contactService{resourceNodeTypeID:11224, resourceNodeSubTypeID:NA, ID:812, label:'Brad Beaith', name:'Brad Beaith', description:'', status:'active', start_date:'2017-01-24', end_date:'', contactServiceString:'Brad.Beaith@dfo-mpo.gc.ca 250-713-0437'})"
"43","CREATE (:contactService{resourceNodeTypeID:11224, resourceNodeSubTypeID:NA, ID:813, label:'Brad Fanos', name:'Brad Fanos', description:'', status:'active', start_date:'2017-01-24', end_date:'', contactServiceString:'Brad.Fanos@dfo-mpo.gc.ca 604-666-3909'})"
"44","CREATE (:contactService{resourceNodeTypeID:11224, resourceNodeSubTypeID:NA, ID:814, label:'Brad Wattie', name:'Brad Wattie', description:'', status:'active', start_date:'2017-01-24', end_date:'', contactServiceString:'Brad.Wattie@dfo-mpo.gc.ca 604-814-1061'})"
"45","CREATE (:contactService{resourceNodeTypeID:11224, resourceNodeSubTypeID:NA, ID:815, label:'Bradley Koroluk', name:'Bradley Koroluk', description:'', status:'active', start_date:'2017-01-24', end_date:'', contactServiceString:'Bradley.Koroluk@dfo-mpo.gc.ca 250-799-5729'})"
"46","CREATE (:contactService{resourceNodeTypeID:11224, resourceNodeSubTypeID:NA, ID:816, label:'Brenda Ridgway', name:'Brenda Ridgway', description:'', status:'active', start_date:'2017-01-24', end_date:'', contactServiceString:'Brenda.Ridgway@dfo-mpo.gc.ca 250-756-7094'})"
"47","CREATE (:contactService{resourceNodeTypeID:11224, resourceNodeSubTypeID:NA, ID:817, label:'Brenda Wright', name:'Brenda Wright', description:'', status:'active', start_date:'2017-01-24', end_date:'', contactServiceString:'Brenda.Wright@dfo-mpo.gc.ca 250-756-7151'})"
"48","CREATE (:contactService{resourceNodeTypeID:11224, resourceNodeSubTypeID:NA, ID:818, label:'Brian Dempson', name:'Brian Dempson', description:'', status:'active', start_date:'2017-01-24', end_date:'', contactServiceString:'Brian.Dempson@dfo-mpo.gc.ca 709-772-4475'})"
"49","CREATE (:contactService{resourceNodeTypeID:11224, resourceNodeSubTypeID:NA, ID:819, label:'Brian Leaf', name:'Brian Leaf', description:'', status:'active', start_date:'2017-01-24', end_date:'', contactServiceString:'Brian.Leaf@dfo-mpo.gc.ca 250-851-4988'})"
"50","CREATE (:contactService{resourceNodeTypeID:11224, resourceNodeSubTypeID:NA, ID:820, label:'Brian Matts', name:'Brian Matts', description:'', status:'active', start_date:'2017-01-24', end_date:'', contactServiceString:'Brian.Matts@dfo-mpo.gc.ca 604-666-2096'})"
"51","CREATE (:contactService{resourceNodeTypeID:11224, resourceNodeSubTypeID:NA, ID:821, label:'Brian Polchies', name:'Brian Polchies', description:'', status:'active', start_date:'2017-01-24', end_date:'', contactServiceString:'Brian.Polchies@dfo-mpo.gc.ca 506-594-0361'})"
"52","CREATE (:contactService{resourceNodeTypeID:11224, resourceNodeSubTypeID:NA, ID:822, label:'Brittany Jenewein', name:'Brittany Jenewein', description:'', status:'active', start_date:'2017-01-24', end_date:'', contactServiceString:'Brittany.Jenewein@dfo-mpo.gc.ca 604-666-2417'})"
"53","CREATE (:contactService{resourceNodeTypeID:11224, resourceNodeSubTypeID:NA, ID:823, label:'Bronwyn MacDonald', name:'Bronwyn MacDonald', description:'', status:'active', start_date:'2017-01-24', end_date:'', contactServiceString:'Bronwyn.MacDonald@dfo-mpo.gc.ca 604-666-8496'})"
"54","CREATE (:contactService{resourceNodeTypeID:11224, resourceNodeSubTypeID:NA, ID:824, label:'Brooke Davis', name:'Brooke Davis', description:'', status:'active', start_date:'2017-01-24', end_date:'', contactServiceString:'Brooke.Davis@dfo-mpo.gc.ca 604-666-8713'})"
"55","CREATE (:contactService{resourceNodeTypeID:11224, resourceNodeSubTypeID:NA, ID:825, label:'Bruce Baxter', name:'Bruce Baxter', description:'', status:'active', start_date:'2017-01-24', end_date:'', contactServiceString:'Bruce.Baxter@dfo-mpo.gc.ca 250-756-7063'})"
"56","CREATE (:contactService{resourceNodeTypeID:11224, resourceNodeSubTypeID:NA, ID:826, label:'Bruce Patten', name:'Bruce Patten', description:'', status:'active', start_date:'2017-01-24', end_date:'', contactServiceString:'Bruce.Patten@dfo-mpo.gc.ca 250-756-7303'})"
"57","CREATE (:contactService{resourceNodeTypeID:11224, resourceNodeSubTypeID:NA, ID:827, label:'Bruce Whitehead', name:'Bruce Whitehead', description:'', status:'active', start_date:'2017-01-24', end_date:'', contactServiceString:'Bruce.Whitehead@dfo-mpo.gc.ca 250-851-4850'})"
"58","CREATE (:contactService{resourceNodeTypeID:11224, resourceNodeSubTypeID:NA, ID:828, label:'Bryan Rusch', name:'Bryan Rusch', description:'', status:'active', start_date:'2017-01-24', end_date:'', contactServiceString:'Bryan.Rusch@dfo-mpo.gc.ca 250-756-7294'})"
"59","CREATE (:contactService{resourceNodeTypeID:11224, resourceNodeSubTypeID:NA, ID:829, label:'Carlos Martinez', name:'Carlos Martinez', description:'', status:'active', start_date:'2017-01-24', end_date:'', contactServiceString:'Carlos.Martinez@dfo-mpo.gc.ca 604-666-8833'})"
"60","CREATE (:contactService{resourceNodeTypeID:11224, resourceNodeSubTypeID:NA, ID:830, label:'Carmel Lowe', name:'Carmel Lowe', description:'', status:'active', start_date:'2017-01-24', end_date:'', contactServiceString:'Carmel.Lowe@dfo-mpo.gc.ca '})"
"61","CREATE (:contactService{resourceNodeTypeID:11224, resourceNodeSubTypeID:NA, ID:831, label:'Carmen McConnell', name:'Carmen McConnell', description:'', status:'active', start_date:'2017-01-24', end_date:'', contactServiceString:'Carmen.McConnell@dfo-mpo.gc.ca 250-756=7272'})"
"62","CREATE (:contactService{resourceNodeTypeID:11224, resourceNodeSubTypeID:NA, ID:832, label:'Carole Grant', name:'Carole Grant', description:'', status:'active', start_date:'2017-01-24', end_date:'', contactServiceString:'Carole.Grant@dfo-mpo.gc.ca 709-772-2128'})"
"63","CREATE (:contactService{resourceNodeTypeID:11224, resourceNodeSubTypeID:NA, ID:833, label:'Carolyn Harvie', name:'Carolyn Harvie', description:'', status:'active', start_date:'2017-01-24', end_date:'', contactServiceString:'Carolyn.Harvie@DFo-mpo.gc.ca 902-426-8891'})"
"64","CREATE (:contactService{resourceNodeTypeID:11224, resourceNodeSubTypeID:NA, ID:834, label:'Carrie Holt', name:'Carrie Holt', description:'', status:'active', start_date:'2017-01-24', end_date:'', contactServiceString:'Carrie.Holt@dfo-mpo.gc.ca 250-756-7136'})"
"65","CREATE (:contactService{resourceNodeTypeID:11224, resourceNodeSubTypeID:NA, ID:835, label:'Cathy McClean', name:'Cathy McClean', description:'', status:'active', start_date:'2017-01-24', end_date:'', contactServiceString:'Catherine.McClean@dfo-mpo.gc.ca 604-820-7419'})"
"66","CREATE (:contactService{resourceNodeTypeID:11224, resourceNodeSubTypeID:NA, ID:836, label:'Chad Ridley', name:'Chad Ridley', description:'', status:'active', start_date:'2017-01-24', end_date:'', contactServiceString:'Chad.Ridley@dfo-mpo.gc.ca 250-319-1753'})"
"67","CREATE (:contactService{resourceNodeTypeID:11224, resourceNodeSubTypeID:NA, ID:837, label:'Chantal Nessman', name:'Chantal Nessman', description:'', status:'active', start_date:'2017-01-24', end_date:'', contactServiceString:'Chantal.Nessman@dfo-mpo.gc.ca 250-746-5137'})"
"68","CREATE (:contactService{resourceNodeTypeID:11224, resourceNodeSubTypeID:NA, ID:838, label:'Cheryl Webb', name:'Cheryl Webb', description:'', status:'active', start_date:'2017-01-24', end_date:'', contactServiceString:'Cheryl.Webb@dfo-mpo.bc.ca '})"
"69","CREATE (:contactService{resourceNodeTypeID:11224, resourceNodeSubTypeID:NA, ID:839, label:'Chris Carr', name:'Chris Carr', description:'', status:'active', start_date:'2017-01-24', end_date:'', contactServiceString:'Christopher.Carr@dfo-mpo.gc.ca 506-238-006'})"
"70","CREATE (:contactService{resourceNodeTypeID:11224, resourceNodeSubTypeID:NA, ID:840, label:'Chris McKindsey', name:'Chris McKindsey', description:'', status:'active', start_date:'2017-01-24', end_date:'', contactServiceString:'Chris.Mckindsey@dfo-mpo.gc.ca 418-775-0667'})"
"71","CREATE (:contactService{resourceNodeTypeID:11224, resourceNodeSubTypeID:NA, ID:841, label:'Christine Bukta', name:'Christine Bukta', description:'', status:'active', start_date:'2017-01-24', end_date:'', contactServiceString:'Christine.Bukta@dfo-mpo.gc.ca 250-286-5888'})"
"72","CREATE (:contactService{resourceNodeTypeID:11224, resourceNodeSubTypeID:NA, ID:842, label:'Christine MacWilliams', name:'Christine MacWilliams', description:'', status:'active', start_date:'2017-01-24', end_date:'', contactServiceString:'Christine.MacWilliams@dfo-mpo.gc.ca 250-729-8377'})"
"73","CREATE (:contactService{resourceNodeTypeID:11224, resourceNodeSubTypeID:NA, ID:843, label:'Christy Wilson', name:'Christy Wilson', description:'', status:'active', start_date:'2017-01-24', end_date:'', contactServiceString:'Christy.Wilson2@dfo-mpo.gc.ca 250-754-0330'})"
"74","CREATE (:contactService{resourceNodeTypeID:11224, resourceNodeSubTypeID:NA, ID:844, label:'Chrys Neville', name:'Chrys Neville', description:'', status:'active', start_date:'2017-01-24', end_date:'', contactServiceString:'Chrys.Neville@dfo-mpo.gc.ca 250-756-7185'})"
"75","CREATE (:contactService{resourceNodeTypeID:11224, resourceNodeSubTypeID:NA, ID:845, label:'Chuck Parken', name:'Chuck Parken', description:'', status:'active', start_date:'2017-01-24', end_date:'', contactServiceString:'Chuck.Parken@dfo-mpo.gc.ca 250-851-4948'})"
"76","CREATE (:contactService{resourceNodeTypeID:11224, resourceNodeSubTypeID:NA, ID:846, label:'Cindy Breau', name:'Cindy Breau', description:'', status:'active', start_date:'2017-01-24', end_date:'', contactServiceString:'Cindy.Breau@dfo-mpo.gc.ca 506-851-6238'})"
"77","CREATE (:contactService{resourceNodeTypeID:11224, resourceNodeSubTypeID:NA, ID:847, label:'Cindy Wong', name:'Cindy Wong', description:'', status:'active', start_date:'2017-01-24', end_date:'', contactServiceString:'Cindy.Wong@dfo-mpo.gc.ca 604-666-6622'})"
"78","CREATE (:contactService{resourceNodeTypeID:11224, resourceNodeSubTypeID:NA, ID:848, label:'Claude Fitzherbert', name:'Claude Fitzherbert', description:'', status:'active', start_date:'2017-01-24', end_date:'', contactServiceString:'Claude.Fitzherbert@dfo-mpo.gc.ca 506-477-8678'})"
"79","CREATE (:contactService{resourceNodeTypeID:11224, resourceNodeSubTypeID:NA, ID:849, label:'Colin Masson', name:'Colin Masson', description:'', status:'active', start_date:'2017-01-24', end_date:'', contactServiceString:'Colin.Masson@dfo-mpo.gc.ca 250-627-3416'})"
"80","CREATE (:contactService{resourceNodeTypeID:11224, resourceNodeSubTypeID:NA, ID:850, label:'Colin McGregor', name:'Colin McGregor', description:'', status:'active', start_date:'2017-01-24', end_date:'', contactServiceString:'Colin.Mcgregor@dfo-mpo.gc.ca 250-754-0349'})"
"81","CREATE (:contactService{resourceNodeTypeID:11224, resourceNodeSubTypeID:NA, ID:851, label:'Colin Nettles', name:'Colin Nettles', description:'', status:'active', start_date:'2017-01-24', end_date:'', contactServiceString:'Colin.Nettles@dfo-mpo.gc.ca 250-320-8814'})"
"82","CREATE (:contactService{resourceNodeTypeID:11224, resourceNodeSubTypeID:NA, ID:852, label:'Corey Martens', name:'Corey Martens', description:'', status:'active', start_date:'2017-01-24', end_date:'', contactServiceString:'Corey.Martens@dfo-mpo.gc.ca '})"
"83","CREATE (:contactService{resourceNodeTypeID:11224, resourceNodeSubTypeID:NA, ID:853, label:'Corino Salomi', name:'Corino Salomi', description:'', status:'active', start_date:'2017-01-24', end_date:'', contactServiceString:'Corino.Salomi@dfo-mpo.gc.ca 604-666-8712'})"
"84","CREATE (:contactService{resourceNodeTypeID:11224, resourceNodeSubTypeID:NA, ID:854, label:'Craig Keddy', name:'Craig Keddy', description:'', status:'active', start_date:'2017-01-24', end_date:'', contactServiceString:'Craig.Keddy@dfo-mpo.gc.ca 902-679-5572'})"
"85","CREATE (:contactService{resourceNodeTypeID:11224, resourceNodeSubTypeID:NA, ID:855, label:'Cynthia Hawthorne', name:'Cynthia Hawthorne', description:'', status:'active', start_date:'2017-01-24', end_date:'', contactServiceString:'Cynthia.Hawthorne@dfo-mpo.gc.ca 506-529-5705'})"
"86","CREATE (:contactService{resourceNodeTypeID:11224, resourceNodeSubTypeID:NA, ID:856, label:'Dale Desrochers', name:'Dale Desrochers', description:'', status:'active', start_date:'2017-01-24', end_date:'', contactServiceString:'Dale.Desrochers@dfo-mpo.gc.ca 250-756-7122'})"
"87","CREATE (:contactService{resourceNodeTypeID:11224, resourceNodeSubTypeID:NA, ID:857, label:'Dale Michie', name:'Dale Michie', description:'', status:'active', start_date:'2017-01-24', end_date:'', contactServiceString:'Dale.Michie@dfo-mpo.gc.ca 250-851-4946'})"
"88","CREATE (:contactService{resourceNodeTypeID:11224, resourceNodeSubTypeID:NA, ID:858, label:'Dan Selbie', name:'Dan Selbie', description:'', status:'active', start_date:'2017-01-24', end_date:'', contactServiceString:'Daniel.Selbie@dfo-mpo.gc.ca 604-824-4702'})"
"89","CREATE (:contactService{resourceNodeTypeID:11224, resourceNodeSubTypeID:NA, ID:859, label:'Daniel Caissie', name:'Daniel Caissie', description:'', status:'active', start_date:'2017-01-24', end_date:'', contactServiceString:'Daniel.Caissie@dfo-mpo.gc.ca 506-851-6287'})"
"90","CREATE (:contactService{resourceNodeTypeID:11224, resourceNodeSubTypeID:NA, ID:860, label:'Darcy McNicholl', name:'Darcy McNicholl', description:'', status:'active', start_date:'2017-01-24', end_date:'', contactServiceString:'Darcy.McNicholl@dfo-mpo.gc.ca 204-983-5287'})"
"91","CREATE (:contactService{resourceNodeTypeID:11224, resourceNodeSubTypeID:NA, ID:861, label:'Darren Goetze', name:'Darren Goetze', description:'', status:'active', start_date:'2017-01-24', end_date:'', contactServiceString:'Darren.Goetze@dfo-mpo.gc.ca 613-993-1414'})"
"92","CREATE (:contactService{resourceNodeTypeID:11224, resourceNodeSubTypeID:NA, ID:862, label:'Dave Davies', name:'Dave Davies', description:'', status:'active', start_date:'2017-01-24', end_date:'', contactServiceString:'Dave.Davies@dfo-mpo.gc.ca 250-339-0431'})"
"93","CREATE (:contactService{resourceNodeTypeID:11224, resourceNodeSubTypeID:NA, ID:863, label:'Dave Loop', name:'Dave Loop', description:'', status:'active', start_date:'2017-01-24', end_date:'', contactServiceString:'Dave.Loop@dfo-mpo.gc.ca 604-892-3292'})"
"94","CREATE (:contactService{resourceNodeTypeID:11224, resourceNodeSubTypeID:NA, ID:864, label:'Dave Nanson', name:'Dave Nanson', description:'', status:'active', start_date:'2017-01-24', end_date:'', contactServiceString:'Dave.Nanson@dfo-mpo.gc.ca 604-666-8182'})"
"95","CREATE (:contactService{resourceNodeTypeID:11224, resourceNodeSubTypeID:NA, ID:865, label:'David Cairns', name:'David Cairns', description:'', status:'active', start_date:'2017-01-24', end_date:'', contactServiceString:'David.Cairns@dfo-mpo.gc.ca 902-566-7825'})"
"96","CREATE (:contactService{resourceNodeTypeID:11224, resourceNodeSubTypeID:NA, ID:866, label:'David Hardie', name:'David Hardie', description:'', status:'active', start_date:'2017-01-24', end_date:'', contactServiceString:'David.Hardie@dfo-mpo.gc.ca 902-225-6001'})"
"97","CREATE (:contactService{resourceNodeTypeID:11224, resourceNodeSubTypeID:NA, ID:867, label:'David O'Brien', name:'David O'Brien', description:'', status:'active', start_date:'2017-01-24', end_date:'', contactServiceString:'David.OBrien@dfo-mpo.gc.ca 250-756-7003'})"
"98","CREATE (:contactService{resourceNodeTypeID:11224, resourceNodeSubTypeID:NA, ID:868, label:'David Patterson', name:'David Patterson', description:'', status:'active', start_date:'2017-01-24', end_date:'', contactServiceString:'David.Patterson@dfo-mpo.gc.ca 604-666-5671'})"
"99","CREATE (:contactService{resourceNodeTypeID:11224, resourceNodeSubTypeID:NA, ID:869, label:'David Willis', name:'David Willis', description:'', status:'active', start_date:'2017-01-24', end_date:'', contactServiceString:'David.Willis@dfo-mpo.gc.ca 604-666-2030'})"
"100","CREATE (:contactService{resourceNodeTypeID:11224, resourceNodeSubTypeID:NA, ID:870, label:'Dawn Lewis', name:'Dawn Lewis', description:'', status:'active', start_date:'2017-01-24', end_date:'', contactServiceString:'Dawn.Lewis@dfo-mpo.gc.ca 250-756-7236'})"
"101","CREATE (:contactService{resourceNodeTypeID:11224, resourceNodeSubTypeID:NA, ID:871, label:'Dean Allan', name:'Dean Allan', description:'', status:'active', start_date:'2017-01-24', end_date:'', contactServiceString:'Dean.Allan@dfo-mpo.gc.ca (250) 851-4821'})"
"102","CREATE (:contactService{resourceNodeTypeID:11224, resourceNodeSubTypeID:NA, ID:872, label:'Dennis Klassen', name:'Dennis Klassen', description:'', status:'active', start_date:'2017-01-24', end_date:'', contactServiceString:'Dennis.Klassen@dfo-mpo.gc.ca 250-318-5932'})"
"103","CREATE (:contactService{resourceNodeTypeID:11224, resourceNodeSubTypeID:NA, ID:873, label:'Denver Gilbert', name:'Denver Gilbert', description:'', status:'active', start_date:'2017-01-24', end_date:'', contactServiceString:'Denver.Gilbert@dfo-mpo.gc.ca '})"
"104","CREATE (:contactService{resourceNodeTypeID:11224, resourceNodeSubTypeID:NA, ID:874, label:'Devona Adams', name:'Devona Adams', description:'', status:'active', start_date:'2017-01-24', end_date:'', contactServiceString:'Devona.Adams@dfo-mpo.gc.ca 604-666-3271'})"
"105","CREATE (:contactService{resourceNodeTypeID:11224, resourceNodeSubTypeID:NA, ID:875, label:'Diana Dobson', name:'Diana Dobson', description:'', status:'active', start_date:'2017-01-24', end_date:'', contactServiceString:'Diana.Dobson@dfo-mpo.gc.ca 250-756-7186'})"
"106","CREATE (:contactService{resourceNodeTypeID:11224, resourceNodeSubTypeID:NA, ID:876, label:'Diana McHugh', name:'Diana McHugh', description:'', status:'active', start_date:'2017-01-24', end_date:'', contactServiceString:'Diana.McHugh@dfo-mpo.gc.ca 250-756-7006'})"
"107","CREATE (:contactService{resourceNodeTypeID:11224, resourceNodeSubTypeID:NA, ID:877, label:'Diane Lavoie', name:'Diane Lavoie', description:'', status:'active', start_date:'2017-01-24', end_date:'', contactServiceString:'Diane.Lavoie@dfo-mpo.gc.ca 418-775-0569'})"
"108","CREATE (:contactService{resourceNodeTypeID:11224, resourceNodeSubTypeID:NA, ID:878, label:'Don MacKinlay', name:'Don MacKinlay', description:'', status:'active', start_date:'2017-01-24', end_date:'', contactServiceString:'Don.MacKinlay@dfo-mpo.gc.ca 604-230-5435'})"
"109","CREATE (:contactService{resourceNodeTypeID:11224, resourceNodeSubTypeID:NA, ID:879, label:'Don Radford', name:'Don Radford', description:'', status:'active', start_date:'2017-01-24', end_date:'', contactServiceString:'Don.Radford@dfo-mpo.gc.ca '})"
"110","CREATE (:contactService{resourceNodeTypeID:11224, resourceNodeSubTypeID:NA, ID:880, label:'Doug Bliss', name:'Doug Bliss', description:'', status:'active', start_date:'2017-01-24', end_date:'', contactServiceString:'Doug.Bliss@dfo-mpo.gc.ca 506-851-6206'})"
"111","CREATE (:contactService{resourceNodeTypeID:11224, resourceNodeSubTypeID:NA, ID:881, label:'Doug Clift', name:'Doug Clift', description:'', status:'active', start_date:'2017-01-24', end_date:'', contactServiceString:'Doug.Clift@dfo-mpo.gc.ca 604-824-3315'})"
"112","CREATE (:contactService{resourceNodeTypeID:11224, resourceNodeSubTypeID:NA, ID:882, label:'Doug Herriott', name:'Doug Herriott', description:'', status:'active', start_date:'2017-01-24', end_date:'', contactServiceString:'Doug.Herriott@dfo-mpo.gc.ca 250-756-7383'})"
"113","CREATE (:contactService{resourceNodeTypeID:11224, resourceNodeSubTypeID:NA, ID:883, label:'Eamon Miyagi', name:'Eamon Miyagi', description:'', status:'active', start_date:'2017-01-24', end_date:'', contactServiceString:'Eamon.Miyagi@dfo-mpo.gc.ca 250-286-5896'})"
"114","CREATE (:contactService{resourceNodeTypeID:11224, resourceNodeSubTypeID:NA, ID:884, label:'Ed Walls', name:'Ed Walls', description:'', status:'active', start_date:'2017-01-24', end_date:'', contactServiceString:'Edward.Walls@dfo-mpo.gc.ca 250-287-9564x223'})"
"115","CREATE (:contactService{resourceNodeTypeID:11224, resourceNodeSubTypeID:NA, ID:885, label:'Eddy Kennedy', name:'Eddy Kennedy', description:'', status:'active', start_date:'2017-01-24', end_date:'', contactServiceString:'Eddy.Kennedy@dfo-mpo.gc.ca 250-756-3360'})"
"116","CREATE (:contactService{resourceNodeTypeID:11224, resourceNodeSubTypeID:NA, ID:886, label:'Elan Park', name:'Elan Park', description:'', status:'active', start_date:'2017-01-24', end_date:'', contactServiceString:'Elan.Park@dfo-mpo.gc.ca 604-666-5295'})"
"117","CREATE (:contactService{resourceNodeTypeID:11224, resourceNodeSubTypeID:NA, ID:887, label:'Erica Blake', name:'Erica Blake', description:'', status:'active', start_date:'2017-01-24', end_date:'', contactServiceString:'Erica.Blake@dfo-mpo.gc.ca 250-714-3074'})"
"118","CREATE (:contactService{resourceNodeTypeID:11224, resourceNodeSubTypeID:NA, ID:888, label:'Erik Grundmann', name:'Erik Grundmann', description:'', status:'active', start_date:'2017-01-24', end_date:'', contactServiceString:'Erik.Grundmann@dfo-mpo.gc.ca 250-756-7374'})"
"119","CREATE (:contactService{resourceNodeTypeID:11224, resourceNodeSubTypeID:NA, ID:889, label:'Erin Dunne', name:'Erin Dunne', description:'', status:'active', start_date:'2017-01-24', end_date:'', contactServiceString:'Erin.Dunne@dfo-mpo.gc.ca 709-772-2045'})"
"120","CREATE (:contactService{resourceNodeTypeID:11224, resourceNodeSubTypeID:NA, ID:890, label:'Erin Porszt', name:'Erin Porszt', description:'', status:'active', start_date:'2017-01-24', end_date:'', contactServiceString:'Erin.Porszt@dfo-mpo.gc.ca 250-756-7255'})"
"121","CREATE (:contactService{resourceNodeTypeID:11224, resourceNodeSubTypeID:NA, ID:891, label:'Frank Corbett', name:'Frank Corbett', description:'', status:'active', start_date:'2017-01-24', end_date:'', contactServiceString:'Frank.Corbett@dfo-mpo.gc.ca 709-772-6935'})"
"122","CREATE (:contactService{resourceNodeTypeID:11224, resourceNodeSubTypeID:NA, ID:892, label:'Frank Quinn', name:'Frank Quinn', description:'', status:'active', start_date:'2017-01-24', end_date:'', contactServiceString:'Frank.Quinn@dfo-mpo.gc.ca 506-851-7752'})"
"123","CREATE (:contactService{resourceNodeTypeID:11224, resourceNodeSubTypeID:NA, ID:893, label:'Fred Phelan', name:'Fred Phelan', description:'', status:'active', start_date:'2017-01-24', end_date:'', contactServiceString:'Fred.Phelan@dfo-mpo.gc.ca 709-772-6931'})"
"124","CREATE (:contactService{resourceNodeTypeID:11224, resourceNodeSubTypeID:NA, ID:894, label:'Frederic Butruille', name:'Frederic Butruille', description:'', status:'active', start_date:'2017-01-24', end_date:'', contactServiceString:'Frederic.Butruille@dfo-mpo.gc.ca 506-851-7358'})"
"125","CREATE (:contactService{resourceNodeTypeID:11224, resourceNodeSubTypeID:NA, ID:895, label:'Garrett Lidin', name:'Garrett Lidin', description:'', status:'active', start_date:'2017-01-24', end_date:'', contactServiceString:'Garrett.Lidin@dfo-mpo.gc.ca 604-824-4705'})"
"126","CREATE (:contactService{resourceNodeTypeID:11224, resourceNodeSubTypeID:NA, ID:896, label:'Garry Zwack', name:'Garry Zwack', description:'', status:'active', start_date:'2017-01-24', end_date:'', contactServiceString:'Garry.Zwack@dfo-mpo.gc.ca 250-851-4958'})"
"127","CREATE (:contactService{resourceNodeTypeID:11224, resourceNodeSubTypeID:NA, ID:897, label:'Gary Miller', name:'Gary Miller', description:'', status:'active', start_date:'2017-01-24', end_date:'', contactServiceString:'Gary.Miller@dfo-mpo.gc.ca 604-607-4160'})"
"128","CREATE (:contactService{resourceNodeTypeID:11224, resourceNodeSubTypeID:NA, ID:898, label:'Gary Whitlock', name:'Gary Whitlock', description:'', status:'active', start_date:'2017-01-24', end_date:'', contactServiceString:'Gary.Whitlock@dfo-mpo.gc.ca 506-292-4313'})"
"129","CREATE (:contactService{resourceNodeTypeID:11224, resourceNodeSubTypeID:NA, ID:899, label:'Gayle Brown', name:'Gayle Brown', description:'', status:'active', start_date:'2017-01-24', end_date:'', contactServiceString:'Gayle.Brown@dfo-mpo.gc.ca 250-756-7296'})"
"130","CREATE (:contactService{resourceNodeTypeID:11224, resourceNodeSubTypeID:NA, ID:900, label:'Geoff Perry', name:'Geoff Perry', description:'', status:'active', start_date:'2017-01-24', end_date:'', contactServiceString:'Geoff.Perry@dfo-mpo.gc.ca 709-772-0183'})"
"131","CREATE (:contactService{resourceNodeTypeID:11224, resourceNodeSubTypeID:NA, ID:901, label:'Geoff Veinott', name:'Geoff Veinott', description:'', status:'active', start_date:'2017-01-24', end_date:'', contactServiceString:'Geoff.Veinott@dfo-mpo.gc.ca 709-772-7989'})"
"132","CREATE (:contactService{resourceNodeTypeID:11224, resourceNodeSubTypeID:NA, ID:902, label:'Gerald Chaput', name:'Gerald Chaput', description:'', status:'active', start_date:'2017-01-24', end_date:'', contactServiceString:'Gerald.Chaput@dfo-mpo.gc.ca 506-851-2022'})"
"133","CREATE (:contactService{resourceNodeTypeID:11224, resourceNodeSubTypeID:NA, ID:903, label:'Gilles Paulin', name:'Gilles Paulin', description:'', status:'active', start_date:'2017-01-24', end_date:'', contactServiceString:'Gilles.Paulin@dfo-mpo.gc.ca 506-851-6150'})"
"134","CREATE (:contactService{resourceNodeTypeID:11224, resourceNodeSubTypeID:NA, ID:904, label:'Gilles Verret', name:'Gilles Verret', description:'', status:'active', start_date:'2017-01-24', end_date:'', contactServiceString:'Gilles.Verret@dfo-mpo.gc.ca 604-666-3855'})"
"135","CREATE (:contactService{resourceNodeTypeID:11224, resourceNodeSubTypeID:NA, ID:905, label:'Greg Hornby', name:'Greg Hornby', description:'', status:'active', start_date:'2017-01-24', end_date:'', contactServiceString:'Greg.Hornby@dfo-mpo.gc.ca 250-286-5886'})"
"136","CREATE (:contactService{resourceNodeTypeID:11224, resourceNodeSubTypeID:NA, ID:906, label:'Greg Perley', name:'Greg Perley', description:'', status:'active', start_date:'2017-01-24', end_date:'', contactServiceString:'Greg.Perley@dfo-mpo.gc.ca 506-261-5794'})"
"137","CREATE (:contactService{resourceNodeTypeID:11224, resourceNodeSubTypeID:NA, ID:907, label:'Greg Schuler', name:'Greg Schuler', description:'', status:'active', start_date:'2017-01-24', end_date:'', contactServiceString:'Greg.Schuler@dfo-mpo.gc.ca 250-851-4928'})"
"138","CREATE (:contactService{resourceNodeTypeID:11224, resourceNodeSubTypeID:NA, ID:908, label:'Gregor Reid', name:'Gregor Reid', description:'', status:'active', start_date:'2017-01-24', end_date:'', contactServiceString:'Gregor.Reid@dfo-mpo.gc.ca 506-529-5703'})"
"139","CREATE (:contactService{resourceNodeTypeID:11224, resourceNodeSubTypeID:NA, ID:909, label:'Guy Brown', name:'Guy Brown', description:'', status:'active', start_date:'2017-01-24', end_date:'', contactServiceString:'Guy.Brown@dfo-mpo.gc.ca 604-666-2319'})"
"140","CREATE (:contactService{resourceNodeTypeID:11224, resourceNodeSubTypeID:NA, ID:910, label:'Haakon Hammer', name:'Haakon Hammer', description:'', status:'active', start_date:'2017-01-24', end_date:'', contactServiceString:'Haakon.Hammer@dfo-mpo.gc.ca 250-982-2214'})"
"141","CREATE (:contactService{resourceNodeTypeID:11224, resourceNodeSubTypeID:NA, ID:911, label:'Heather Braun', name:'Heather Braun', description:'', status:'active', start_date:'2017-01-24', end_date:'', contactServiceString:'Heather.Braun@dfo-mpo.gc.ca 250-757-8412'})"
"142","CREATE (:contactService{resourceNodeTypeID:11224, resourceNodeSubTypeID:NA, ID:912, label:'Helen Kerr', name:'Helen Kerr', description:'', status:'active', start_date:'2017-01-24', end_date:'', contactServiceString:'Helen.Kerr@dfo-mpo.gc.ca 902-318-0489'})"
"143","CREATE (:contactService{resourceNodeTypeID:11224, resourceNodeSubTypeID:NA, ID:913, label:'Helen Olynyk', name:'Helen Olynyk', description:'', status:'active', start_date:'2017-01-24', end_date:'', contactServiceString:'Helen.Olynyk@dfo-mpo.gc.ca 250-319-0078'})"
"144","CREATE (:contactService{resourceNodeTypeID:11224, resourceNodeSubTypeID:NA, ID:914, label:'Herb Redekopp', name:'Herb Redekopp', description:'', status:'active', start_date:'2017-01-24', end_date:'', contactServiceString:'Herb.Redekopp@dfo-mpo.gc.ca 604-666-2807'})"
"145","CREATE (:contactService{resourceNodeTypeID:11224, resourceNodeSubTypeID:NA, ID:915, label:'Hunter Atwin', name:'Hunter Atwin', description:'', status:'active', start_date:'2017-01-24', end_date:'', contactServiceString:'Hunter.Atwin@dfo-mpo.gc.ca 506-478-1249'})"
"146","CREATE (:contactService{resourceNodeTypeID:11224, resourceNodeSubTypeID:NA, ID:916, label:'Ian Barnes', name:'Ian Barnes', description:'', status:'active', start_date:'2017-01-24', end_date:'', contactServiceString:'Ian.Barnes@dfo-mpo.gc.ca 250-851-4958'})"
"147","CREATE (:contactService{resourceNodeTypeID:11224, resourceNodeSubTypeID:NA, ID:917, label:'Ian Boyce', name:'Ian Boyce', description:'', status:'active', start_date:'2017-01-24', end_date:'', contactServiceString:'Ian.Boyce@dfo-mpo.gc.ca 867-393-6739'})"
"148","CREATE (:contactService{resourceNodeTypeID:11224, resourceNodeSubTypeID:NA, ID:918, label:'Ian Bradbury', name:'Ian Bradbury', description:'', status:'active', start_date:'2017-01-24', end_date:'', contactServiceString:'Ian.Bradbury@dfo-mpo.gc.ca 709-772-3869'})"
"149","CREATE (:contactService{resourceNodeTypeID:11224, resourceNodeSubTypeID:NA, ID:919, label:'Ian Matthews', name:'Ian Matthews', description:'', status:'active', start_date:'2017-01-24', end_date:'', contactServiceString:'Ian.Matthews@dfo-mpo.gc.ca 250-756-7178'})"
"150","CREATE (:contactService{resourceNodeTypeID:11224, resourceNodeSubTypeID:NA, ID:920, label:'Ian Perry', name:'Ian Perry', description:'', status:'active', start_date:'2017-01-24', end_date:'', contactServiceString:'Ian.Perry@dfo-mpo.gc.ca 250-756-7137'})"
"151","CREATE (:contactService{resourceNodeTypeID:11224, resourceNodeSubTypeID:NA, ID:921, label:'Ivan Benwell', name:'Ivan Benwell', description:'', status:'active', start_date:'2017-01-24', end_date:'', contactServiceString:'Ivan.Benwell@dfo-mpo.gc.ca 506-684-6258'})"
"152","CREATE (:contactService{resourceNodeTypeID:11224, resourceNodeSubTypeID:NA, ID:922, label:'Ivan Winther', name:'Ivan Winther', description:'', status:'active', start_date:'2017-01-24', end_date:'', contactServiceString:'Ivan.Winther@dfo-mpo.gc.ca 250-627-3459'})"
"153","CREATE (:contactService{resourceNodeTypeID:11224, resourceNodeSubTypeID:NA, ID:923, label:'Jackie Kean', name:'Jackie Kean', description:'', status:'active', start_date:'2017-01-24', end_date:'', contactServiceString:'Jackie.Kean@dfo-mpo.gc.ca 709-772-2045'})"
"154","CREATE (:contactService{resourceNodeTypeID:11224, resourceNodeSubTypeID:NA, ID:924, label:'Jackie King', name:'Jackie King', description:'', status:'active', start_date:'2017-01-24', end_date:'', contactServiceString:'Jackie.King@dfo-mpo.gc.ca 250-756-7176'})"
"155","CREATE (:contactService{resourceNodeTypeID:11224, resourceNodeSubTypeID:NA, ID:925, label:'James Bell', name:'James Bell', description:'', status:'active', start_date:'2017-01-24', end_date:'', contactServiceString:'James.Bell@dfo-mpo.gc.ca 506-261-5798'})"
"156","CREATE (:contactService{resourceNodeTypeID:11224, resourceNodeSubTypeID:NA, ID:926, label:'James Weger', name:'James Weger', description:'', status:'active', start_date:'2017-01-24', end_date:'', contactServiceString:'James.Weger@dfo-mpo.gc.ca 604-826-0244'})"
"157","CREATE (:contactService{resourceNodeTypeID:11224, resourceNodeSubTypeID:NA, ID:927, label:'Jamie Scroggie', name:'Jamie Scroggie', description:'', status:'active', start_date:'2017-01-24', end_date:'', contactServiceString:'Jamie.Scroggie@dfo-mpo.gc.ca 250-851-4878'})"
"158","CREATE (:contactService{resourceNodeTypeID:11224, resourceNodeSubTypeID:NA, ID:928, label:'Jason Evans', name:'Jason Evans', description:'', status:'active', start_date:'2017-01-24', end_date:'', contactServiceString:'Jason.Evans@dfo-mpo.gc.ca 604-802-9477'})"
"159","CREATE (:contactService{resourceNodeTypeID:11224, resourceNodeSubTypeID:NA, ID:929, label:'Jason Ladell', name:'Jason Ladell', description:'', status:'active', start_date:'2017-01-24', end_date:'', contactServiceString:'Jason.Ladell@dfo-mpo.gc.ca 613-854-1225'})"
"160","CREATE (:contactService{resourceNodeTypeID:11224, resourceNodeSubTypeID:NA, ID:930, label:'Jason Mahoney', name:'Jason Mahoney', description:'', status:'active', start_date:'2017-01-24', end_date:'', contactServiceString:'Jason.Mahoney@dfo-mpo.gc.ca 604-666-5017'})"
"161","CREATE (:contactService{resourceNodeTypeID:11224, resourceNodeSubTypeID:NA, ID:931, label:'Jayme Hills', name:'Jayme Hills', description:'', status:'active', start_date:'2017-01-24', end_date:'', contactServiceString:'Jayme.Hills@dfo-mpo.gc.ca 604-666-7917'})"
"162","CREATE (:contactService{resourceNodeTypeID:11224, resourceNodeSubTypeID:NA, ID:932, label:'Jeff Grout', name:'Jeff Grout', description:'', status:'active', start_date:'2017-01-24', end_date:'', contactServiceString:'Jeff.Grout@dfo-mpo.gc.ca 604-666-0497'})"
"163","CREATE (:contactService{resourceNodeTypeID:11224, resourceNodeSubTypeID:NA, ID:933, label:'Jeff Jung', name:'Jeff Jung', description:'', status:'active', start_date:'2017-01-24', end_date:'', contactServiceString:'Jeff.Jung@dfo-mpo.gc.ca (604) 666-2948'})"
"164","CREATE (:contactService{resourceNodeTypeID:11224, resourceNodeSubTypeID:NA, ID:934, label:'Jeff Radford', name:'Jeff Radford', description:'', status:'active', start_date:'2017-01-24', end_date:'', contactServiceString:'Jeff.Radford@dfo-mpo.gc.ca '})"
"165","CREATE (:contactService{resourceNodeTypeID:11224, resourceNodeSubTypeID:NA, ID:935, label:'Jeff Till', name:'Jeff Till', description:'', status:'active', start_date:'2017-01-24', end_date:'', contactServiceString:'Jeff.Till@dfo-mpo.gc.ca 250-756-7226'})"
"166","CREATE (:contactService{resourceNodeTypeID:11224, resourceNodeSubTypeID:NA, ID:936, label:'Jeffrey Lemieux', name:'Jeffrey Lemieux', description:'', status:'active', start_date:'2017-01-24', end_date:'', contactServiceString:'Jeffrey.Lemieux@dfo-mpo.gc.ca 604-824-4710'})"
"167","CREATE (:contactService{resourceNodeTypeID:11224, resourceNodeSubTypeID:NA, ID:937, label:'Jennifer Nener', name:'Jennifer Nener', description:'', status:'active', start_date:'2017-01-24', end_date:'', contactServiceString:'Jennifer.Nener@dfo-mpo.gc.ca 604) 666-0789'})"
"168","CREATE (:contactService{resourceNodeTypeID:11224, resourceNodeSubTypeID:NA, ID:938, label:'Jeremy Mothus', name:'Jeremy Mothus', description:'', status:'active', start_date:'2017-01-24', end_date:'', contactServiceString:'Jeremy.Mothus@dfo-mpo.gc.ca 604-858-7227'})"
"169","CREATE (:contactService{resourceNodeTypeID:11224, resourceNodeSubTypeID:NA, ID:939, label:'Jeremy Smith', name:'Jeremy Smith', description:'', status:'active', start_date:'2017-01-24', end_date:'', contactServiceString:'Jeremy.Smith@dfo-mpo.gc.ca 604-666-1819'})"
"170","CREATE (:contactService{resourceNodeTypeID:11224, resourceNodeSubTypeID:NA, ID:940, label:'Jim Echols', name:'Jim Echols', description:'', status:'active', start_date:'2017-01-24', end_date:'', contactServiceString:'James.Echols@dfo-mpo.gc.ca 604-666-2600'})"
"171","CREATE (:contactService{resourceNodeTypeID:11224, resourceNodeSubTypeID:NA, ID:941, label:'Jim Irvine', name:'Jim Irvine', description:'', status:'active', start_date:'2017-01-24', end_date:'', contactServiceString:'James.Irvine@dfo-mpo.gc.ca 250-619-8197'})"
"172","CREATE (:contactService{resourceNodeTypeID:11224, resourceNodeSubTypeID:NA, ID:942, label:'Jim Krivanek', name:'Jim Krivanek', description:'', status:'active', start_date:'2017-01-24', end_date:'', contactServiceString:'Jim.Krivanek@dfo-mpo.gc.ca 250-851-7755'})"
"173","CREATE (:contactService{resourceNodeTypeID:11224, resourceNodeSubTypeID:NA, ID:943, label:'Joan Bennett', name:'Joan Bennett', description:'', status:'active', start_date:'2017-01-24', end_date:'', contactServiceString:'Joan.Bennett@dfo-mpo.gc.ca 250-286-5894'})"
"174","CREATE (:contactService{resourceNodeTypeID:11224, resourceNodeSubTypeID:NA, ID:944, label:'Joanne Lawrence', name:'Joanne Lawrence', description:'', status:'active', start_date:'2017-01-24', end_date:'', contactServiceString:'Joanne.Lawrence@dfo-mpo.gc.ca 604-666-7168'})"
"175","CREATE (:contactService{resourceNodeTypeID:11224, resourceNodeSubTypeID:NA, ID:945, label:'Jody Mackenzie-Grieve', name:'Jody Mackenzie-Grieve', description:'', status:'active', start_date:'2017-01-24', end_date:'', contactServiceString:'Jody.Mackenzie-Grieve@dfo-mpo.gc.ca 867-393-6723'})"
"176","CREATE (:contactService{resourceNodeTypeID:11224, resourceNodeSubTypeID:NA, ID:946, label:'Joe Sheasgreen', name:'Joe Sheasgreen', description:'', status:'active', start_date:'2017-01-24', end_date:'', contactServiceString:'Joe.Sheasgreen@dfo-mpo.gc.ca 506-778-2837'})"
"177","CREATE (:contactService{resourceNodeTypeID:11224, resourceNodeSubTypeID:NA, ID:947, label:'Joe Tadey', name:'Joe Tadey', description:'', status:'active', start_date:'2017-01-24', end_date:'', contactServiceString:'Joe.Tadey@dfo-mpo.gc.ca 604-666-7273'})"
"178","CREATE (:contactService{resourceNodeTypeID:11224, resourceNodeSubTypeID:NA, ID:948, label:'Joel Harding', name:'Joel Harding', description:'', status:'active', start_date:'2017-01-24', end_date:'', contactServiceString:'Joel.Harding@dfo-mpo.gc.ca 867-393-6865'})"
"179","CREATE (:contactService{resourceNodeTypeID:11224, resourceNodeSubTypeID:NA, ID:949, label:'Joel Sawada', name:'Joel Sawada', description:'', status:'active', start_date:'2017-01-24', end_date:'', contactServiceString:'Joel.Sawada@dfo-mpo.gc.ca 250-756-7363'})"
"180","CREATE (:contactService{resourceNodeTypeID:11224, resourceNodeSubTypeID:NA, ID:950, label:'John Candy', name:'John Candy', description:'', status:'active', start_date:'2017-01-24', end_date:'', contactServiceString:'John.Candy@dfo-mpo.gc.ca 250-756-7224'})"
"181","CREATE (:contactService{resourceNodeTypeID:11224, resourceNodeSubTypeID:NA, ID:951, label:'John Hayward', name:'John Hayward', description:'', status:'active', start_date:'2017-01-24', end_date:'', contactServiceString:'John.Hayward@dfo-mpo.gc.ca 506-778-2837'})"
"182","CREATE (:contactService{resourceNodeTypeID:11224, resourceNodeSubTypeID:NA, ID:952, label:'John Holmes', name:'John Holmes', description:'', status:'active', start_date:'2017-01-24', end_date:'', contactServiceString:'John.Holmes@dfo-mpo.gc.ca 250-756-7145'})"
"183","CREATE (:contactService{resourceNodeTypeID:11224, resourceNodeSubTypeID:NA, ID:953, label:'John Mallery', name:'John Mallery', description:'', status:'active', start_date:'2017-01-24', end_date:'', contactServiceString:'John.Mallery@dfo-mpo.gc.ca 506-261-6009'})"
"184","CREATE (:contactService{resourceNodeTypeID:11224, resourceNodeSubTypeID:NA, ID:954, label:'John Morris', name:'John Morris', description:'', status:'active', start_date:'2017-01-24', end_date:'', contactServiceString:'John.Morris@dfo-mpo.gc.ca 250-756-7067'})"
"185","CREATE (:contactService{resourceNodeTypeID:11224, resourceNodeSubTypeID:NA, ID:955, label:'John Webb', name:'John Webb', description:'', status:'active', start_date:'2017-01-24', end_date:'', contactServiceString:'John.Webb@dfo-mpo.gc.ca '})"
"186","CREATE (:contactService{resourceNodeTypeID:11224, resourceNodeSubTypeID:NA, ID:956, label:'John Whitelaw', name:'John Whitelaw', description:'', status:'active', start_date:'2017-01-24', end_date:'', contactServiceString:'John.Whitelaw@dfo-mpo.gc.ca 506-261-5561'})"
"187","CREATE (:contactService{resourceNodeTypeID:11224, resourceNodeSubTypeID:NA, ID:957, label:'John Willis', name:'John Willis', description:'', status:'active', start_date:'2017-01-24', end_date:'', contactServiceString:'John.Willis@dfo-mpo.gc.ca 250-982-2522'})"
"188","CREATE (:contactService{resourceNodeTypeID:11224, resourceNodeSubTypeID:NA, ID:958, label:'Johnny Sembsmoen', name:'Johnny Sembsmoen', description:'', status:'active', start_date:'2017-01-24', end_date:'', contactServiceString:'Johnny.Sembsmoen@dfo-mpo.gc.ca 867-393-6898'})"
"189","CREATE (:contactService{resourceNodeTypeID:11224, resourceNodeSubTypeID:NA, ID:959, label:'Jonathan Bulcock', name:'Jonathan Bulcock', description:'', status:'active', start_date:'2017-01-24', end_date:'', contactServiceString:'Jonathan.Bulcock@dfo-mpo.gc.ca 604-666-6306'})"
"190","CREATE (:contactService{resourceNodeTypeID:11224, resourceNodeSubTypeID:NA, ID:960, label:'Jonathan Fershau', name:'Jonathan Fershau', description:'', status:'active', start_date:'2017-01-24', end_date:'', contactServiceString:'Jonathan.Fershau@dfo-mpo.gc.ca 604-666-2344'})"
"191","CREATE (:contactService{resourceNodeTypeID:11224, resourceNodeSubTypeID:NA, ID:961, label:'Jonathan Joe', name:'Jonathan Joe', description:'', status:'active', start_date:'2017-01-24', end_date:'', contactServiceString:'Jonathan.Joe@dfo-mpo.gc.ca 250-746-5701'})"
"192","CREATE (:contactService{resourceNodeTypeID:11224, resourceNodeSubTypeID:NA, ID:962, label:'Julia Bradshaw', name:'Julia Bradshaw', description:'', status:'active', start_date:'2017-01-24', end_date:'', contactServiceString:'Julia.Bradshaw@dfo-mpo.gc.ca 250-756-7054'})"
"193","CREATE (:contactService{resourceNodeTypeID:11224, resourceNodeSubTypeID:NA, ID:963, label:'Justine Mannion', name:'Justine Mannion', description:'', status:'active', start_date:'2017-01-24', end_date:'', contactServiceString:'Justine.Mannion@dfo-mpo.gc.ca 613-991-1819'})"
"194","CREATE (:contactService{resourceNodeTypeID:11224, resourceNodeSubTypeID:NA, ID:964, label:'Karen Burnett', name:'Karen Burnett', description:'', status:'active', start_date:'2017-01-24', end_date:'', contactServiceString:'Karen.Burnett@dfo-mpo.gc.ca 604-666-4819'})"
"195","CREATE (:contactService{resourceNodeTypeID:11224, resourceNodeSubTypeID:NA, ID:965, label:'Karen Calla', name:'Karen Calla', description:'', status:'active', start_date:'2017-01-24', end_date:'', contactServiceString:'Karen.Calla@dfo-mpo.gc.ca (604) 666-7009'})"
"196","CREATE (:contactService{resourceNodeTypeID:11224, resourceNodeSubTypeID:NA, ID:966, label:'Karen Dunmall', name:'Karen Dunmall', description:'', status:'active', start_date:'2017-01-24', end_date:'', contactServiceString:'Karen.Dunmall@dfo-mpo.gc.ca 204-984-2522'})"
"197","CREATE (:contactService{resourceNodeTypeID:11224, resourceNodeSubTypeID:NA, ID:967, label:'Karen Okahori', name:'Karen Okahori', description:'', status:'active', start_date:'2017-01-24', end_date:'', contactServiceString:'Karen.Okahori@dfo-mpo.gc.ca 604-666-6979'})"
"198","CREATE (:contactService{resourceNodeTypeID:11224, resourceNodeSubTypeID:NA, ID:968, label:'Karen Vaudry', name:'Karen Vaudry', description:'', status:'active', start_date:'2017-01-24', end_date:'', contactServiceString:'Karen.Vaudry@dfo-mpo.gc.ca 604-666-8616'})"
"199","CREATE (:contactService{resourceNodeTypeID:11224, resourceNodeSubTypeID:NA, ID:969, label:'Kari Underhill', name:'Kari Underhill', description:'', status:'active', start_date:'2017-01-24', end_date:'', contactServiceString:'Kari.Underhill@dfo-mpo.gc.ca 506-778-2837'})"
"200","CREATE (:contactService{resourceNodeTypeID:11224, resourceNodeSubTypeID:NA, ID:970, label:'Karin Mathias', name:'Karin Mathias', description:'', status:'active', start_date:'2017-01-24', end_date:'', contactServiceString:'Karin.Mathias@dfo-mpo.gc.ca 250-756-7290'})"
"201","CREATE (:contactService{resourceNodeTypeID:11224, resourceNodeSubTypeID:NA, ID:971, label:'Kathy Fraser', name:'Kathy Fraser', description:'', status:'active', start_date:'2017-01-24', end_date:'', contactServiceString:'Kathryn.Fraser@dfo-mpo.gc.ca 250-756-7371'})"
"202","CREATE (:contactService{resourceNodeTypeID:11224, resourceNodeSubTypeID:NA, ID:972, label:'Keith Clarke', name:'Keith Clarke', description:'', status:'active', start_date:'2017-01-24', end_date:'', contactServiceString:'Keith.Clarke@dfo-mpo.gc.ca 709-772-2907'})"
"203","CREATE (:contactService{resourceNodeTypeID:11224, resourceNodeSubTypeID:NA, ID:973, label:'Kelcy Tousignant', name:'Kelcy Tousignant', description:'', status:'active', start_date:'2017-01-24', end_date:'', contactServiceString:'Kelcy.Tousignant@dfo-mpo.gc.ca 867-332-1354'})"
"204","CREATE (:contactService{resourceNodeTypeID:11224, resourceNodeSubTypeID:NA, ID:974, label:'Kelly Malange', name:'Kelly Malange', description:'', status:'active', start_date:'2017-01-24', end_date:'', contactServiceString:'Kelly.Malange@dfo-mpo.gc.ca 604-824-4706'})"
"205","CREATE (:contactService{resourceNodeTypeID:11224, resourceNodeSubTypeID:NA, ID:975, label:'Ken Green', name:'Ken Green', description:'', status:'active', start_date:'2017-01-24', end_date:'', contactServiceString:'Ken.Green@dfo-mpo.gc.ca 604-664-9251'})"
"206","CREATE (:contactService{resourceNodeTypeID:11224, resourceNodeSubTypeID:NA, ID:976, label:'Kendra Holt', name:'Kendra Holt', description:'', status:'active', start_date:'2017-01-24', end_date:'', contactServiceString:'Kendra.Holt@dfo-mpo.gc.ca 250-756-7165'})"
"207","CREATE (:contactService{resourceNodeTypeID:11224, resourceNodeSubTypeID:NA, ID:977, label:'Kent Smedbol', name:'Kent Smedbol', description:'', status:'active', start_date:'2017-01-24', end_date:'', contactServiceString:'Kent.Smedbol@dfo-mpo.gc.ca 902-426-4721'})"
"208","CREATE (:contactService{resourceNodeTypeID:11224, resourceNodeSubTypeID:NA, ID:978, label:'Kent Spencer', name:'Kent Spencer', description:'', status:'active', start_date:'2017-01-24', end_date:'', contactServiceString:'Kent.Spencer@dfo-mpo.gc.ca 250-286-5885'})"
"209","CREATE (:contactService{resourceNodeTypeID:11224, resourceNodeSubTypeID:NA, ID:979, label:'Keri Benner', name:'Keri Benner', description:'', status:'active', start_date:'2017-01-24', end_date:'', contactServiceString:'Keri.Benner@dfo-mpo.gc.ca 250-851-4864'})"
"210","CREATE (:contactService{resourceNodeTypeID:11224, resourceNodeSubTypeID:NA, ID:980, label:'Kerra Shaw', name:'Kerra Shaw', description:'', status:'active', start_date:'2017-01-24', end_date:'', contactServiceString:'Kerra.Shaw@dfo-mpo.gc.ca 250-286-5831'})"
"211","CREATE (:contactService{resourceNodeTypeID:11224, resourceNodeSubTypeID:NA, ID:981, label:'Kevin Conley', name:'Kevin Conley', description:'', status:'active', start_date:'2017-01-24', end_date:'', contactServiceString:'Kevin.Conley@dfo-mpo.gc.ca 250-756-7196'})"
"212","CREATE (:contactService{resourceNodeTypeID:11224, resourceNodeSubTypeID:NA, ID:982, label:'Kevin Pellett', name:'Kevin Pellett', description:'', status:'active', start_date:'2017-01-24', end_date:'', contactServiceString:'Kevin.Pellett@dfo-mpo.gc.ca 250-756-7273'})"
"213","CREATE (:contactService{resourceNodeTypeID:11224, resourceNodeSubTypeID:NA, ID:983, label:'Kim Houston', name:'Kim Houston', description:'', status:'active', start_date:'2017-01-24', end_date:'', contactServiceString:'Kim.Houston@dfo-mpo.gc.ca 250-363-6378'})"
"214","CREATE (:contactService{resourceNodeTypeID:11224, resourceNodeSubTypeID:NA, ID:984, label:'Kim Hyatt', name:'Kim Hyatt', description:'', status:'active', start_date:'2017-01-24', end_date:'', contactServiceString:'Kim.Hyatt@dfo-mpo.gc.ca 250-756-7217'})"
"215","CREATE (:contactService{resourceNodeTypeID:11224, resourceNodeSubTypeID:NA, ID:985, label:'Kirby Rietze', name:'Kirby Rietze', description:'', status:'active', start_date:'2017-01-24', end_date:'', contactServiceString:'Kirby.Rietze@dfo-mpo.gc.ca 250-754-0340'})"
"216","CREATE (:contactService{resourceNodeTypeID:11224, resourceNodeSubTypeID:NA, ID:986, label:'Kris Hein', name:'Kris Hein', description:'', status:'active', start_date:'2017-01-24', end_date:'', contactServiceString:'Kris.Hein@dfo-mpo.gc.ca 250-756-7028'})"
"217","CREATE (:contactService{resourceNodeTypeID:11224, resourceNodeSubTypeID:NA, ID:987, label:'Kris Hunter', name:'Kris Hunter', description:'', status:'active', start_date:'2017-01-24', end_date:'', contactServiceString:'Kristopher.Hunter@dfo-mpo.gc.ca '})"
"218","CREATE (:contactService{resourceNodeTypeID:11224, resourceNodeSubTypeID:NA, ID:988, label:'Kristi Miller-Saunders', name:'Kristi Miller-Saunders', description:'', status:'active', start_date:'2017-01-24', end_date:'', contactServiceString:'Kristi.Saunders@dfo-mpo.gc.ca 250-756-7155'})"
"219","CREATE (:contactService{resourceNodeTypeID:11224, resourceNodeSubTypeID:NA, ID:989, label:'Laura Brown', name:'Laura Brown', description:'', status:'active', start_date:'2017-01-24', end_date:'', contactServiceString:'Laura.Brown@dfo-mpo.gc.ca 250-756-7280'})"
"220","CREATE (:contactService{resourceNodeTypeID:11224, resourceNodeSubTypeID:NA, ID:990, label:'Laura Chase', name:'Laura Chase', description:'', status:'active', start_date:'2017-01-24', end_date:'', contactServiceString:'Laura.Chase@dfo-mpo.gc.ca 506-238-4203'})"
"221","CREATE (:contactService{resourceNodeTypeID:11224, resourceNodeSubTypeID:NA, ID:991, label:'Laura Terry', name:'Laura Terry', description:'', status:'active', start_date:'2017-01-24', end_date:'', contactServiceString:'Laura.Terry@dfo-mpo.gc.ca 250-703-0909'})"
"222","CREATE (:contactService{resourceNodeTypeID:11224, resourceNodeSubTypeID:NA, ID:992, label:'Lee Kearey', name:'Lee Kearey', description:'', status:'active', start_date:'2017-01-24', end_date:'', contactServiceString:'Lee.Kearey@dfo-mpo.gc.ca 250-756-7116'})"
"223","CREATE (:contactService{resourceNodeTypeID:11224, resourceNodeSubTypeID:NA, ID:993, label:'Lei Harris', name:'Lei Harris', description:'', status:'active', start_date:'2017-01-24', end_date:'', contactServiceString:'Lei.Harris@dfo-mpo.gc.ca 902-426-3520'})"
"224","CREATE (:contactService{resourceNodeTypeID:11224, resourceNodeSubTypeID:NA, ID:994, label:'Leroy Anderson', name:'Leroy Anderson', description:'', status:'active', start_date:'2017-01-24', end_date:'', contactServiceString:'Leroy.Anderson@dfo-mpo.gc.ca 506-447-7701'})"
"225","CREATE (:contactService{resourceNodeTypeID:11224, resourceNodeSubTypeID:NA, ID:995, label:'Les Clint', name:'Les Clint', description:'', status:'active', start_date:'2017-01-24', end_date:'', contactServiceString:'Les.Clint@dfo-mpo.gc.ca 250-757-8412'})"
"226","CREATE (:contactService{resourceNodeTypeID:11224, resourceNodeSubTypeID:NA, ID:996, label:'Lesley MacDougall', name:'Lesley MacDougall', description:'', status:'active', start_date:'2017-01-24', end_date:'', contactServiceString:'Lesley.MacDougall@dfo-mpo.gc.ca 250-756-7088'})"
"227","CREATE (:contactService{resourceNodeTypeID:11224, resourceNodeSubTypeID:NA, ID:997, label:'Linda Stevens', name:'Linda Stevens', description:'', status:'active', start_date:'2017-01-24', end_date:'', contactServiceString:'Linda.Stevens@dfo-mpo.gc.ca 250-305-4004'})"
"228","CREATE (:contactService{resourceNodeTypeID:11224, resourceNodeSubTypeID:NA, ID:998, label:'Lisa Kerr', name:'Lisa Kerr', description:'', status:'active', start_date:'2017-01-24', end_date:'', contactServiceString:'Lisa.Kerr@dfo-mpo.gc.ca 604-666-0208'})"
"229","CREATE (:contactService{resourceNodeTypeID:11224, resourceNodeSubTypeID:NA, ID:999, label:'Lorne Frisson', name:'Lorne Frisson', description:'', status:'active', start_date:'2017-01-24', end_date:'', contactServiceString:'Laurent.Frisson@dfo-mpo.gc.ca 250-703-0908'})"
"230","CREATE (:contactService{resourceNodeTypeID:11224, resourceNodeSubTypeID:NA, ID:1000, label:'Lother Kunze', name:'Lother Kunze', description:'', status:'active', start_date:'2017-01-24', end_date:'', contactServiceString:'Lother.Kunze@dfo-mpo.gc.ca 604-302-8528'})"
"231","CREATE (:contactService{resourceNodeTypeID:11224, resourceNodeSubTypeID:NA, ID:1001, label:'Louise de Mestral', name:'Louise de Mestral', description:'', status:'active', start_date:'2017-01-24', end_date:'', contactServiceString:'Louise.deMestral@dfo-mpo.gc.ca 902-401-8163'})"
"232","CREATE (:contactService{resourceNodeTypeID:11224, resourceNodeSubTypeID:NA, ID:1002, label:'Louise Naylor', name:'Louise Naylor', description:'', status:'active', start_date:'2017-01-24', end_date:'', contactServiceString:'Louise.Naylor@dfo-mpo.gc.ca 867-393-6765'})"
"233","CREATE (:contactService{resourceNodeTypeID:11224, resourceNodeSubTypeID:NA, ID:1003, label:'Louvi Whyte', name:'Louvi Whyte', description:'', status:'active', start_date:'2017-01-24', end_date:'', contactServiceString:'Lourdes.Whyte@dfo-mpo.gc.ca 604-666-8614'})"
"234","CREATE (:contactService{resourceNodeTypeID:11224, resourceNodeSubTypeID:NA, ID:1004, label:'Lucas Pon', name:'Lucas Pon', description:'', status:'active', start_date:'2017-01-24', end_date:'', contactServiceString:'Lucas.Pon@dfo-mpo.gc.ca 604-824-4707'})"
"235","CREATE (:contactService{resourceNodeTypeID:11224, resourceNodeSubTypeID:NA, ID:1005, label:'Lynda Ritchie', name:'Lynda Ritchie', description:'', status:'active', start_date:'2017-01-24', end_date:'', contactServiceString:'Lynda.Ritchie@dfo-mpo.gc.ca 250-318-0531'})"
"236","CREATE (:contactService{resourceNodeTypeID:11224, resourceNodeSubTypeID:NA, ID:1006, label:'Lyse Godbout', name:'Lyse Godbout', description:'', status:'active', start_date:'2017-01-24', end_date:'', contactServiceString:'Lyse.Godbout@dfo-mpo.gc.ca 250-756-7193'})"
"237","CREATE (:contactService{resourceNodeTypeID:11224, resourceNodeSubTypeID:NA, ID:1007, label:'Marc Lecouffe', name:'Marc Lecouffe', description:'', status:'active', start_date:'2017-01-24', end_date:'', contactServiceString:'Marc.Lecouffe@dfo-mpo.gc.ca 506-851-7790'})"
"238","CREATE (:contactService{resourceNodeTypeID:11224, resourceNodeSubTypeID:NA, ID:1008, label:'Marc Trudel', name:'Marc Trudel', description:'', status:'active', start_date:'2017-01-24', end_date:'', contactServiceString:'Marc.Trudel@dfo-mpo.gc.ca 506-529-5844'})"
"239","CREATE (:contactService{resourceNodeTypeID:11224, resourceNodeSubTypeID:NA, ID:1009, label:'Margaret Wright', name:'Margaret Wright', description:'', status:'active', start_date:'2017-01-24', end_date:'', contactServiceString:'Margaret.Wright@dfo-mpo.gc.ca 250-754-0355'})"
"240","CREATE (:contactService{resourceNodeTypeID:11224, resourceNodeSubTypeID:NA, ID:1010, label:'Margot Stockwell', name:'Margot Stockwell', description:'', status:'active', start_date:'2017-01-24', end_date:'', contactServiceString:'Margot.Stockwell@dfo-mpo.gc.ca 250-756-7314'})"
"241","CREATE (:contactService{resourceNodeTypeID:11224, resourceNodeSubTypeID:NA, ID:1011, label:'Marilyn Helin', name:'Marilyn Helin', description:'', status:'active', start_date:'2017-01-24', end_date:'', contactServiceString:'Marilyn.Helin@dfo-mpo.gc.ca 250-627-3448'})"
"242","CREATE (:contactService{resourceNodeTypeID:11224, resourceNodeSubTypeID:NA, ID:1012, label:'Marina Milligan', name:'Marina Milligan', description:'', status:'active', start_date:'2017-01-24', end_date:'', contactServiceString:'Marina.Milligan@dfo-mpo.gc.ca 867-336-8802'})"
"243","CREATE (:contactService{resourceNodeTypeID:11224, resourceNodeSubTypeID:NA, ID:1013, label:'Mark McFarland', name:'Mark McFarland', description:'', status:'active', start_date:'2017-01-24', end_date:'', contactServiceString:'Mark.McFarland@dfo-mpo.gc.ca 867-393-6722'})"
"244","CREATE (:contactService{resourceNodeTypeID:11224, resourceNodeSubTypeID:NA, ID:1014, label:'Mark Potyrala', name:'Mark Potyrala', description:'', status:'active', start_date:'2017-01-24', end_date:'', contactServiceString:'Mark.Potyrala@dfo-mpo.gc.ca '})"
"245","CREATE (:contactService{resourceNodeTypeID:11224, resourceNodeSubTypeID:NA, ID:1015, label:'Markus Feldhoff', name:'Markus Feldhoff', description:'', status:'active', start_date:'2017-01-24', end_date:'', contactServiceString:'Markus.Feldhoff@dfo-mpo.gc.ca 250-639-9888'})"
"246","CREATE (:contactService{resourceNodeTypeID:11224, resourceNodeSubTypeID:NA, ID:1016, label:'Marla Maxwell', name:'Marla Maxwell', description:'', status:'active', start_date:'2017-01-24', end_date:'', contactServiceString:'Marla.Maxwell@dfo-mpo.gc.ca 604-666-2417'})"
"247","CREATE (:contactService{resourceNodeTypeID:11224, resourceNodeSubTypeID:NA, ID:1017, label:'Martha Robertson', name:'Martha Robertson', description:'', status:'active', start_date:'2017-01-24', end_date:'', contactServiceString:'Martha.Robertson@dfo-mpo.gc.ca 709-772-4553'})"
"248","CREATE (:contactService{resourceNodeTypeID:11224, resourceNodeSubTypeID:NA, ID:1018, label:'Marthe Berube', name:'Marthe Berube', description:'', status:'active', start_date:'2017-01-24', end_date:'', contactServiceString:'Marthe.Berube@dfo-mpo.gc.ca 418-775-0586'})"
"249","CREATE (:contactService{resourceNodeTypeID:11224, resourceNodeSubTypeID:NA, ID:1019, label:'Martin Castonguay', name:'Martin Castonguay', description:'', status:'active', start_date:'2017-01-24', end_date:'', contactServiceString:'Martin.Castonguay@dfo-mpo.gc.ca 418-775-0634'})"
"250","CREATE (:contactService{resourceNodeTypeID:11224, resourceNodeSubTypeID:NA, ID:1020, label:'Mary Ellen Jarvis', name:'Mary Ellen Jarvis', description:'', status:'active', start_date:'2017-01-24', end_date:'', contactServiceString:'MaryEllen.Jarvis@dfo-mpo.gc.ca 867-393-6815'})"
"251","CREATE (:contactService{resourceNodeTypeID:11224, resourceNodeSubTypeID:NA, ID:1021, label:'Mary Thiess', name:'Mary Thiess', description:'', status:'active', start_date:'2017-01-24', end_date:'', contactServiceString:'Mary.Thiess@dfo-mpo.gc.ca 250-756-7018'})"
"252","CREATE (:contactService{resourceNodeTypeID:11224, resourceNodeSubTypeID:NA, ID:1022, label:'Matt Mortimer', name:'Matt Mortimer', description:'', status:'active', start_date:'2017-01-24', end_date:'', contactServiceString:'Matt.Mortimer@dfo-mpo.gc.ca 250-286-5814'})"
"253","CREATE (:contactService{resourceNodeTypeID:11224, resourceNodeSubTypeID:NA, ID:1023, label:'Matthew Novak', name:'Matthew Novak', description:'', status:'active', start_date:'2017-01-24', end_date:'', contactServiceString:'Matthew.Novak@dfo-mpo.gc.ca 506-639-9631'})"
"254","CREATE (:contactService{resourceNodeTypeID:11224, resourceNodeSubTypeID:NA, ID:1024, label:'Matthew Parslow', name:'Matthew Parslow', description:'', status:'active', start_date:'2017-01-24', end_date:'', contactServiceString:'Matthew.Parslow @dfo-mpo.gc.ca 604-666-6608'})"
"255","CREATE (:contactService{resourceNodeTypeID:11224, resourceNodeSubTypeID:NA, ID:1025, label:'Matthew Townsend', name:'Matthew Townsend', description:'', status:'active', start_date:'2017-01-24', end_date:'', contactServiceString:'Matthew.Townsend@dfo-mpo.gc.ca 604-666-2453'})"
"256","CREATE (:contactService{resourceNodeTypeID:11224, resourceNodeSubTypeID:NA, ID:1026, label:'Megan Wilson', name:'Megan Wilson', description:'', status:'active', start_date:'2017-01-24', end_date:'', contactServiceString:'Megan.Wilson@dfo-mpo.gc.ca 902-426-6042'})"
"257","CREATE (:contactService{resourceNodeTypeID:11224, resourceNodeSubTypeID:NA, ID:1027, label:'Mel Kotyk', name:'Mel Kotyk', description:'', status:'active', start_date:'2017-01-24', end_date:'', contactServiceString:'Mel.Kotyk@dfo-mpo.gc.ca 604-666-6784'})"
"258","CREATE (:contactService{resourceNodeTypeID:11224, resourceNodeSubTypeID:NA, ID:1028, label:'Merv Mochizuki', name:'Merv Mochizuki', description:'', status:'active', start_date:'2017-01-24', end_date:'', contactServiceString:'Merv.Mochizuki@dfo-mpo.gc.ca 250-851-4952'})"
"259","CREATE (:contactService{resourceNodeTypeID:11224, resourceNodeSubTypeID:NA, ID:1029, label:'Michael Folkes', name:'Michael Folkes', description:'', status:'active', start_date:'2017-01-24', end_date:'', contactServiceString:'Michael.Folkes@dfo-mpo.gc.ca 250-756-7264'})"
"260","CREATE (:contactService{resourceNodeTypeID:11224, resourceNodeSubTypeID:NA, ID:1030, label:'Michael O'Brien', name:'Michael O'Brien', description:'', status:'active', start_date:'2017-01-24', end_date:'', contactServiceString:'Michael.O'Brien@dfo-mpo.gc.ca 250-756-7008'})"
"261","CREATE (:contactService{resourceNodeTypeID:11224, resourceNodeSubTypeID:NA, ID:1031, label:'Michael Scarratt', name:'Michael Scarratt', description:'', status:'active', start_date:'2017-01-24', end_date:'', contactServiceString:'Michael.Scarratt@dfo-mpo.gc.ca 418-775-0508'})"
"262","CREATE (:contactService{resourceNodeTypeID:11224, resourceNodeSubTypeID:NA, ID:1032, label:'Michel Arsenault', name:'Michel Arsenault', description:'', status:'active', start_date:'2017-01-24', end_date:'', contactServiceString:'Michel.Arsenault@dfo-mpo.gc.ca 506-684-6258'})"
"263","CREATE (:contactService{resourceNodeTypeID:11224, resourceNodeSubTypeID:NA, ID:1033, label:'Michel Biron', name:'Michel Biron', description:'', status:'active', start_date:'2017-01-24', end_date:'', contactServiceString:'Michel.Biron@dfo-mpo.gc.ca 506-851-2618'})"
"264","CREATE (:contactService{resourceNodeTypeID:11224, resourceNodeSubTypeID:NA, ID:1034, label:'Mike Austin', name:'Mike Austin', description:'', status:'active', start_date:'2017-01-24', end_date:'', contactServiceString:'Mike.Austin@dfo-mpo.gc.ca 250-283-7171'})"
"265","CREATE (:contactService{resourceNodeTypeID:11224, resourceNodeSubTypeID:NA, ID:1035, label:'Mike Bradford', name:'Mike Bradford', description:'', status:'active', start_date:'2017-01-24', end_date:'', contactServiceString:'Mike.Bradford@dfo-mpo.gc.ca 604-666-7912'})"
"266","CREATE (:contactService{resourceNodeTypeID:11224, resourceNodeSubTypeID:NA, ID:1036, label:'Mike Carlson', name:'Mike Carlson', description:'', status:'active', start_date:'2017-01-24', end_date:'', contactServiceString:'Mike.Carlson@dfo-mpo.gc.ca 604-666-0604'})"
"267","CREATE (:contactService{resourceNodeTypeID:11224, resourceNodeSubTypeID:NA, ID:1037, label:'Mike Crowe', name:'Mike Crowe', description:'', status:'active', start_date:'2017-01-24', end_date:'', contactServiceString:'Michael.Crowe@dfo-mpo.gc.ca 604-666-8712'})"
"268","CREATE (:contactService{resourceNodeTypeID:11224, resourceNodeSubTypeID:NA, ID:1038, label:'Mike Goguen', name:'Mike Goguen', description:'', status:'active', start_date:'2017-01-24', end_date:'', contactServiceString:'Michael.Goguen@dfo-mpo.gc.ca 902-679-5627'})"
"269","CREATE (:contactService{resourceNodeTypeID:11224, resourceNodeSubTypeID:NA, ID:1039, label:'Mike Hawkshaw', name:'Mike Hawkshaw', description:'', status:'active', start_date:'2017-01-24', end_date:'', contactServiceString:'Mike.Hawkshaw@dfo-mpo.gc.ca 604-666-6390'})"
"270","CREATE (:contactService{resourceNodeTypeID:11224, resourceNodeSubTypeID:NA, ID:1040, label:'Mike Jakubowski', name:'Mike Jakubowski', description:'', status:'active', start_date:'2017-01-24', end_date:'', contactServiceString:'Mike.Jakubowski@dfo-mpo.gc.ca 250-627-3469'})"
"271","CREATE (:contactService{resourceNodeTypeID:11224, resourceNodeSubTypeID:NA, ID:1041, label:'Mike Spence', name:'Mike Spence', description:'', status:'active', start_date:'2017-01-24', end_date:'', contactServiceString:'Michael.Spence@dfo-mpo.gc.ca 250-720-4448'})"
"272","CREATE (:contactService{resourceNodeTypeID:11224, resourceNodeSubTypeID:NA, ID:1042, label:'Mike Thorburne', name:'Mike Thorburne', description:'', status:'active', start_date:'2017-01-24', end_date:'', contactServiceString:'Mike.Thorburne@dfo-mpo.gc.ca 902-644-3333'})"
"273","CREATE (:contactService{resourceNodeTypeID:11224, resourceNodeSubTypeID:NA, ID:1043, label:'Mitchell Harborne', name:'Mitchell Harborne', description:'', status:'active', start_date:'2017-01-24', end_date:'', contactServiceString:'Mitchell.Harborne@dfo-mpo.gc.ca 250-697-2314'})"
"274","CREATE (:contactService{resourceNodeTypeID:11224, resourceNodeSubTypeID:NA, ID:1044, label:'Murray Manson', name:'Murray Manson', description:'', status:'active', start_date:'2017-01-24', end_date:'', contactServiceString:'Murray.Manson@dfo-mpo.gc.ca 604-666-8327'})"
"275","CREATE (:contactService{resourceNodeTypeID:11224, resourceNodeSubTypeID:NA, ID:1045, label:'Nathan Millar', name:'Nathan Millar', description:'', status:'active', start_date:'2017-01-24', end_date:'', contactServiceString:'Nathan.Millar@dfo-mpo.gc.ca 867-393-6840'})"
"276","CREATE (:contactService{resourceNodeTypeID:11224, resourceNodeSubTypeID:NA, ID:1046, label:'Nathan Taylor', name:'Nathan Taylor', description:'', status:'active', start_date:'2017-01-24', end_date:'', contactServiceString:'Nathan.Taylor@dfo-mpo.gc.ca 250-756-7395'})"
"277","CREATE (:contactService{resourceNodeTypeID:11224, resourceNodeSubTypeID:NA, ID:1047, label:'Neil Jantz', name:'Neil Jantz', description:'', status:'active', start_date:'2017-01-24', end_date:'', contactServiceString:'Neil.Jantz@dfo-mpo.gc.ca 250-378-2992'})"
"278","CREATE (:contactService{resourceNodeTypeID:11224, resourceNodeSubTypeID:NA, ID:1048, label:'Nicholas Komick', name:'Nicholas Komick', description:'', status:'active', start_date:'2017-01-24', end_date:'', contactServiceString:'Nicholas.Komick@dfo-mpo.gc.ca 250-756-7182'})"
"279","CREATE (:contactService{resourceNodeTypeID:11224, resourceNodeSubTypeID:NA, ID:1049, label:'Nick Leone', name:'Nick Leone', description:'', status:'active', start_date:'2017-01-24', end_date:'', contactServiceString:'Nick.Leone@dfo-mpo.gc.ca 250-754-0357'})"
"280","CREATE (:contactService{resourceNodeTypeID:11224, resourceNodeSubTypeID:NA, ID:1050, label:'Nicki Watson', name:'Nicki Watson', description:'', status:'active', start_date:'2017-01-24', end_date:'', contactServiceString:'Nicolette.Watson@dfo-mpo.gc.ca 250-713-5711'})"
"281","CREATE (:contactService{resourceNodeTypeID:11224, resourceNodeSubTypeID:NA, ID:1051, label:'Nicole Gallant', name:'Nicole Gallant', description:'', status:'active', start_date:'2017-01-24', end_date:'', contactServiceString:'Nicole.Gallant@dfo-mpo.gc.ca 604-607-4169'})"
"282","CREATE (:contactService{resourceNodeTypeID:11224, resourceNodeSubTypeID:NA, ID:1052, label:'Nicole Trouton', name:'Nicole Trouton', description:'', status:'active', start_date:'2017-01-24', end_date:'', contactServiceString:'Nicole.Trouton@dfo-mpo.gc.ca 250-320-4505'})"
"283","CREATE (:contactService{resourceNodeTypeID:11224, resourceNodeSubTypeID:NA, ID:1053, label:'Paige Ackerman', name:'Paige Ackerman', description:'', status:'active', start_date:'2017-01-24', end_date:'', contactServiceString:'Paige.Ackerman@dfo-mpo.gc.ca 604-666-2879'})"
"284","CREATE (:contactService{resourceNodeTypeID:11224, resourceNodeSubTypeID:NA, ID:1054, label:'Patricia Edwards', name:'Patricia Edwards', description:'', status:'active', start_date:'2017-01-24', end_date:'', contactServiceString:'Patricia.Edwards@dfo-mpo.gc.ca 506-851-4793'})"
"285","CREATE (:contactService{resourceNodeTypeID:11224, resourceNodeSubTypeID:NA, ID:1055, label:'Patrick OReilly', name:'Patrick OReilly', description:'', status:'active', start_date:'2017-01-24', end_date:'', contactServiceString:'Patrick.OReilly@dfo-mpo.gc.ca 613-820-3142'})"
"286","CREATE (:contactService{resourceNodeTypeID:11224, resourceNodeSubTypeID:NA, ID:1056, label:'Patrik Zetterberg', name:'Patrik Zetterberg', description:'', status:'active', start_date:'2017-01-24', end_date:'', contactServiceString:'Patrik.Zetterberg@dfo-mpo.gc.ca 250-756-7304'})"
"287","CREATE (:contactService{resourceNodeTypeID:11224, resourceNodeSubTypeID:NA, ID:1057, label:'Paul Chamberland', name:'Paul Chamberland', description:'', status:'active', start_date:'2017-01-24', end_date:'', contactServiceString:'Paul.Chamberland@dfo-mpo.gc.ca 506-851-2363'})"
"288","CREATE (:contactService{resourceNodeTypeID:11224, resourceNodeSubTypeID:NA, ID:1058, label:'Paul Preston', name:'Paul Preston', description:'', status:'active', start_date:'2017-01-24', end_date:'', contactServiceString:'Paul.Preston@dfo-mpo.gc.ca 250-756-7243'})"
"289","CREATE (:contactService{resourceNodeTypeID:11224, resourceNodeSubTypeID:NA, ID:1059, label:'Paul Welch', name:'Paul Welch', description:'', status:'active', start_date:'2017-01-24', end_date:'', contactServiceString:'Paul.Welch@dfo-mpo.gc.ca 250-320-8122'})"
"290","CREATE (:contactService{resourceNodeTypeID:11224, resourceNodeSubTypeID:NA, ID:1060, label:'Pedro Nilo', name:'Pedro Nilo', description:'', status:'active', start_date:'2017-01-24', end_date:'', contactServiceString:'Pedro.Nilo@dfo-mpo.gc.ca 418-775-0675'})"
"291","CREATE (:contactService{resourceNodeTypeID:11224, resourceNodeSubTypeID:NA, ID:1061, label:'Pete Campbell', name:'Pete Campbell', description:'', status:'active', start_date:'2017-01-24', end_date:'', contactServiceString:'Pete.Campbell@dfo-mpo.gc.ca 604-666-1943'})"
"292","CREATE (:contactService{resourceNodeTypeID:11224, resourceNodeSubTypeID:NA, ID:1062, label:'Pete Etherton', name:'Pete Etherton', description:'', status:'active', start_date:'2017-01-24', end_date:'', contactServiceString:'Pete.Etherton@dfo-mpo.gc.ca 867-393-6726'})"
"293","CREATE (:contactService{resourceNodeTypeID:11224, resourceNodeSubTypeID:NA, ID:1063, label:'Peter Hall', name:'Peter Hall', description:'', status:'active', start_date:'2017-01-24', end_date:'', contactServiceString:'Peter.Hall@dfo-mpo.gc.ca 250-720-4445'})"
"294","CREATE (:contactService{resourceNodeTypeID:11224, resourceNodeSubTypeID:NA, ID:1064, label:'Peter Katinic', name:'Peter Katinic', description:'', status:'active', start_date:'2017-01-24', end_date:'', contactServiceString:'Peter.Katinic@dfo-mpo.gc.ca '})"
"295","CREATE (:contactService{resourceNodeTypeID:11224, resourceNodeSubTypeID:NA, ID:1065, label:'Philippe Beaulieu', name:'Philippe Beaulieu', description:'', status:'active', start_date:'2017-01-24', end_date:'', contactServiceString:'Philippe.Beaulieu@dfo-mpo.gc.ca 867-393-6722'})"
"296","CREATE (:contactService{resourceNodeTypeID:11224, resourceNodeSubTypeID:NA, ID:1066, label:'Pieter Van Will', name:'Pieter Van Will', description:'', status:'active', start_date:'2017-01-24', end_date:'', contactServiceString:'Pieter.VanWill@dfo-mpo.gc.ca 250-949-9273'})"
"297","CREATE (:contactService{resourceNodeTypeID:11224, resourceNodeSubTypeID:NA, ID:1067, label:'Rebecca Reid', name:'Rebecca Reid', description:'', status:'active', start_date:'2017-01-24', end_date:'', contactServiceString:'Rebecca.Reid@dfo-mpo.gc.ca 604-666-6098'})"
"298","CREATE (:contactService{resourceNodeTypeID:11224, resourceNodeSubTypeID:NA, ID:1068, label:'Reid Schrul', name:'Reid Schrul', description:'', status:'active', start_date:'2017-01-24', end_date:'', contactServiceString:'Reid.Schrul@dfo-mpo.gc.ca 604-796-2281'})"
"299","CREATE (:contactService{resourceNodeTypeID:11224, resourceNodeSubTypeID:NA, ID:1069, label:'Renelle Doucette', name:'Renelle Doucette', description:'', status:'active', start_date:'2017-01-24', end_date:'', contactServiceString:'Renelle.Doucette@dfo-mpo.gc.ca 506-851-3577'})"
"300","CREATE (:contactService{resourceNodeTypeID:11224, resourceNodeSubTypeID:NA, ID:1070, label:'Richard Bailey', name:'Richard Bailey', description:'', status:'active', start_date:'2017-01-24', end_date:'', contactServiceString:'Richard.Bailey2@dfo-mpo.gc.ca 250-851-4873'})"
"301","CREATE (:contactService{resourceNodeTypeID:11224, resourceNodeSubTypeID:NA, ID:1071, label:'Richard Gerard', name:'Richard Gerard', description:'', status:'active', start_date:'2017-01-24', end_date:'', contactServiceString:'Richard.Gerard@dfo-mpo.gc.ca 604-666-2319'})"
"302","CREATE (:contactService{resourceNodeTypeID:11224, resourceNodeSubTypeID:NA, ID:1072, label:'Rick Rempel', name:'Rick Rempel', description:'', status:'active', start_date:'2017-01-24', end_date:'', contactServiceString:'Rick.Rempel@dfo-mpo.gc.ca 604-666-0691'})"
"303","CREATE (:contactService{resourceNodeTypeID:11224, resourceNodeSubTypeID:NA, ID:1073, label:'Rob Bell-Irving', name:'Rob Bell-Irving', description:'', status:'active', start_date:'2017-01-24', end_date:'', contactServiceString:'Rob.Bell-Irving@dfo-mpo.gc.ca 604-892-6395'})"
"304","CREATE (:contactService{resourceNodeTypeID:11224, resourceNodeSubTypeID:NA, ID:1074, label:'Rob Bemister', name:'Rob Bemister', description:'', status:'active', start_date:'2017-01-24', end_date:'', contactServiceString:'Rob.Bemister@dfo-mpo.gc.ca 250-851-4950'})"
"305","CREATE (:contactService{resourceNodeTypeID:11224, resourceNodeSubTypeID:NA, ID:1075, label:'Rob Brouwer', name:'Rob Brouwer', description:'', status:'active', start_date:'2017-01-24', end_date:'', contactServiceString:'Robert.Brouwer@dfo-mpo.gc.ca 250-745-3321'})"
"306","CREATE (:contactService{resourceNodeTypeID:11224, resourceNodeSubTypeID:NA, ID:1076, label:'Rob Houtman', name:'Rob Houtman', description:'', status:'active', start_date:'2017-01-24', end_date:'', contactServiceString:'Rob.Houtman@dfo-mpo.gc.ca 250-729-8385'})"
"307","CREATE (:contactService{resourceNodeTypeID:11224, resourceNodeSubTypeID:NA, ID:1077, label:'Rob Schaefer', name:'Rob Schaefer', description:'', status:'active', start_date:'2017-01-24', end_date:'', contactServiceString:'Robert.Schaefer@dfo-mpo.gc.ca 604-814-1070'})"
"308","CREATE (:contactService{resourceNodeTypeID:11224, resourceNodeSubTypeID:NA, ID:1078, label:'Robert Beaumaster', name:'Robert Beaumaster', description:'', status:'active', start_date:'2017-01-24', end_date:'', contactServiceString:'Robert.Beaumaster@dfo-mpo.gc.ca 506-478-2764'})"
"309","CREATE (:contactService{resourceNodeTypeID:11224, resourceNodeSubTypeID:NA, ID:1079, label:'Robyn Forrest', name:'Robyn Forrest', description:'', status:'active', start_date:'2017-01-24', end_date:'', contactServiceString:'Robyn.Forrest@dfo-mpo.gc.ca 250-756-7205'})"
"310","CREATE (:contactService{resourceNodeTypeID:11224, resourceNodeSubTypeID:NA, ID:1080, label:'Roger Wysocki', name:'Roger Wysocki', description:'', status:'active', start_date:'2017-01-24', end_date:'', contactServiceString:'Roger.Wysocki@dfo-mpo.gc.ca 613-990-0704'})"
"311","CREATE (:contactService{resourceNodeTypeID:11224, resourceNodeSubTypeID:NA, ID:1081, label:'Ron Goruk', name:'Ron Goruk', description:'', status:'active', start_date:'2017-01-24', end_date:'', contactServiceString:'Ron.Goruk@dfo-mpo.gc.ca 250-756-7392'})"
"312","CREATE (:contactService{resourceNodeTypeID:11224, resourceNodeSubTypeID:NA, ID:1082, label:'Ross Jones', name:'Ross Jones', description:'', status:'active', start_date:'2017-01-24', end_date:'', contactServiceString:'Ross.Jones@dfo-mpo.gc.ca 506-851-6441'})"
"313","CREATE (:contactService{resourceNodeTypeID:11224, resourceNodeSubTypeID:NA, ID:1083, label:'Ruth Withler', name:'Ruth Withler', description:'', status:'active', start_date:'2017-01-24', end_date:'', contactServiceString:'Ruth.Withler@dfo-mpo.gc.ca 250-756-7148'})"
"314","CREATE (:contactService{resourceNodeTypeID:11224, resourceNodeSubTypeID:NA, ID:1084, label:'Ryan Galbraith', name:'Ryan Galbraith', description:'', status:'active', start_date:'2017-01-24', end_date:'', contactServiceString:'Ryan.Galbraith@dfo-mpo.gc.ca 604-666-0179'})"
"315","CREATE (:contactService{resourceNodeTypeID:11224, resourceNodeSubTypeID:NA, ID:1085, label:'Sandra Davies', name:'Sandra Davies', description:'', status:'active', start_date:'2017-01-24', end_date:'', contactServiceString:'Sandra.Davies@dfo-mpo.gc.ca 250-627-3426'})"
"316","CREATE (:contactService{resourceNodeTypeID:11224, resourceNodeSubTypeID:NA, ID:1086, label:'Sandy Devcic', name:'Sandy Devcic', description:'', status:'active', start_date:'2017-01-24', end_date:'', contactServiceString:'Sandra.Devcic@dfo-mpo.gc.ca 250-615-5353'})"
"317","CREATE (:contactService{resourceNodeTypeID:11224, resourceNodeSubTypeID:NA, ID:1087, label:'Sarah Hawkshaw', name:'Sarah Hawkshaw', description:'', status:'active', start_date:'2017-01-24', end_date:'', contactServiceString:'Sarah.Hawkshaw@dfo-mpo.gc.ca 250-363-6519'})"
"318","CREATE (:contactService{resourceNodeTypeID:11224, resourceNodeSubTypeID:NA, ID:1088, label:'Sarah Murdoch', name:'Sarah Murdoch', description:'', status:'active', start_date:'2017-01-24', end_date:'', contactServiceString:'Sarah.Murdoch@dfo-mpo.gc.ca 604-666-7963'})"
"319","CREATE (:contactService{resourceNodeTypeID:11224, resourceNodeSubTypeID:NA, ID:1089, label:'Sarah Tuziak', name:'Sarah Tuziak', description:'', status:'active', start_date:'2017-01-24', end_date:'', contactServiceString:'Sarah.Tuziak@dfo-mpo.gc.ca 506-238-5769'})"
"320","CREATE (:contactService{resourceNodeTypeID:11224, resourceNodeSubTypeID:NA, ID:1090, label:'Scott Akenhead', name:'Scott Akenhead', description:'', status:'active', start_date:'2017-01-24', end_date:'', contactServiceString:'Scott.Akenhead@dfo-mpo.gc.ca 250-210-4410'})"
"321","CREATE (:contactService{resourceNodeTypeID:11224, resourceNodeSubTypeID:NA, ID:1091, label:'Scott Decker', name:'Scott Decker', description:'', status:'active', start_date:'2017-01-24', end_date:'', contactServiceString:'Scott.Decker@dfo-mpo.gc.ca 250-572-3593'})"
"322","CREATE (:contactService{resourceNodeTypeID:11224, resourceNodeSubTypeID:NA, ID:1092, label:'Scott Douglas', name:'Scott Douglas', description:'', status:'active', start_date:'2017-01-24', end_date:'', contactServiceString:'Scott.Douglas@dfo-mpo.gc.ca 506-851-3218'})"
"323","CREATE (:contactService{resourceNodeTypeID:11224, resourceNodeSubTypeID:NA, ID:1093, label:'Scott Ducharme', name:'Scott Ducharme', description:'', status:'active', start_date:'2017-01-24', end_date:'', contactServiceString:'Scott.Ducharme@dfo-mpo.gc.ca 604-666-2821'})"
"324","CREATE (:contactService{resourceNodeTypeID:11224, resourceNodeSubTypeID:NA, ID:1094, label:'Scott Melville', name:'Scott Melville', description:'', status:'active', start_date:'2017-01-24', end_date:'', contactServiceString:'Scott.Melville@dfo-mpo.gc.ca 604-898-3657'})"
"325","CREATE (:contactService{resourceNodeTypeID:11224, resourceNodeSubTypeID:NA, ID:1095, label:'Sean Collins', name:'Sean Collins', description:'', status:'active', start_date:'2017-01-24', end_date:'', contactServiceString:'Sean.Collins@dfo-mpo.gc.ca 867-393-6785'})"
"326","CREATE (:contactService{resourceNodeTypeID:11224, resourceNodeSubTypeID:NA, ID:1096, label:'Sean Dolan', name:'Sean Dolan', description:'', status:'active', start_date:'2017-01-24', end_date:'', contactServiceString:'Sean.Dolan@dfo-mpo.gc.ca 506-261-1624'})"
"327","CREATE (:contactService{resourceNodeTypeID:11224, resourceNodeSubTypeID:NA, ID:1097, label:'Sean Stark', name:'Sean Stark', description:'', status:'active', start_date:'2017-01-24', end_date:'', contactServiceString:'Sean.Stark@dfo-mpo.gc.ca 867-393-6813'})"
"328","CREATE (:contactService{resourceNodeTypeID:11224, resourceNodeSubTypeID:NA, ID:1098, label:'Serge Doucet', name:'Serge Doucet', description:'', status:'active', start_date:'2017-01-24', end_date:'', contactServiceString:'Serge.Doucet@dfo-mpo.gc.ca 506-851-7750'})"
"329","CREATE (:contactService{resourceNodeTypeID:11224, resourceNodeSubTypeID:NA, ID:1099, label:'Shane Kalyn', name:'Shane Kalyn', description:'', status:'active', start_date:'2017-01-24', end_date:'', contactServiceString:'Shane.Kalyn@dfo-mpo.gc.ca 604-666-7271'})"
"330","CREATE (:contactService{resourceNodeTypeID:11224, resourceNodeSubTypeID:NA, ID:1100, label:'Shannon Anderson', name:'Shannon Anderson', description:'', status:'active', start_date:'2017-01-24', end_date:'', contactServiceString:'Shannon.Anderson@dfo-mpo.gc.ca 250-287-9564x253'})"
"331","CREATE (:contactService{resourceNodeTypeID:11224, resourceNodeSubTypeID:NA, ID:1101, label:'Sharan Johal', name:'Sharan Johal', description:'', status:'active', start_date:'2017-01-24', end_date:'', contactServiceString:'Sharan.Johal@dfo-mpo.gc.ca 604-666-1376'})"
"332","CREATE (:contactService{resourceNodeTypeID:11224, resourceNodeSubTypeID:NA, ID:1102, label:'Shaun Davies', name:'Shaun Davies', description:'', status:'active', start_date:'2017-01-24', end_date:'', contactServiceString:'Shaun.Davies@dfo-mpo.gc.ca 250-627-3472'})"
"333","CREATE (:contactService{resourceNodeTypeID:11224, resourceNodeSubTypeID:NA, ID:1103, label:'Shaun Spenard', name:'Shaun Spenard', description:'', status:'active', start_date:'2017-01-24', end_date:'', contactServiceString:'Shaun.Spenard@dfo-mpo.gc.ca 604-796-2281'})"
"334","CREATE (:contactService{resourceNodeTypeID:11224, resourceNodeSubTypeID:NA, ID:1104, label:'Shawn McFarland', name:'Shawn McFarland', description:'', status:'active', start_date:'2017-01-24', end_date:'', contactServiceString:'Shawn.McFarland@dfo-mpo.gc.ca 867-393-6722'})"
"335","CREATE (:contactService{resourceNodeTypeID:11224, resourceNodeSubTypeID:NA, ID:1105, label:'Sheldon Evers', name:'Sheldon Evers', description:'', status:'active', start_date:'2017-01-24', end_date:'', contactServiceString:'Sheldon.Evers@dfo-mpo.gc.ca 604-666-8049'})"
"336","CREATE (:contactService{resourceNodeTypeID:11224, resourceNodeSubTypeID:NA, ID:1106, label:'Shelee Hamilton', name:'Shelee Hamilton', description:'', status:'active', start_date:'2017-01-24', end_date:'', contactServiceString:'Shelee.Hamilton@dfo-mpo.gc.ca 250-756-7279'})"
"337","CREATE (:contactService{resourceNodeTypeID:11224, resourceNodeSubTypeID:NA, ID:1107, label:'Sherisse McWilliam', name:'Sherisse McWilliam', description:'', status:'active', start_date:'2017-01-24', end_date:'', contactServiceString:'Sherisse.McWilliam-Hughes@dfo-mpo.gc.ca '})"
"338","CREATE (:contactService{resourceNodeTypeID:11224, resourceNodeSubTypeID:NA, ID:1108, label:'Sherri Schmidt', name:'Sherri Schmidt', description:'', status:'active', start_date:'2017-01-24', end_date:'', contactServiceString:'Sherri.Schmidt@dfo-mpo.gc.ca 250-319-8225'})"
"339","CREATE (:contactService{resourceNodeTypeID:11224, resourceNodeSubTypeID:NA, ID:1109, label:'Sophie Leblanc', name:'Sophie Leblanc', description:'', status:'active', start_date:'2017-01-24', end_date:'', contactServiceString:'Sophie.Leblanc2@dfo-mpo.gc.ca 506-851-3211'})"
"340","CREATE (:contactService{resourceNodeTypeID:11224, resourceNodeSubTypeID:NA, ID:1110, label:'Stacey Larsen', name:'Stacey Larsen', description:'', status:'active', start_date:'2017-01-24', end_date:'', contactServiceString:'Stacey.Larsen@dfo-mpo.gc.ca 250-286-5883'})"
"341","CREATE (:contactService{resourceNodeTypeID:11224, resourceNodeSubTypeID:NA, ID:1111, label:'Stefan Howarth', name:'Stefan Howarth', description:'', status:'active', start_date:'2017-01-24', end_date:'', contactServiceString:'Stefan.Howarth@dfo-mpo.gc.ca 867-393-6722'})"
"342","CREATE (:contactService{resourceNodeTypeID:11224, resourceNodeSubTypeID:NA, ID:1112, label:'Steve Cox-Rogers', name:'Steve Cox-Rogers', description:'', status:'active', start_date:'2017-01-24', end_date:'', contactServiceString:'Steve.CoxRogers@dfo-mpo.gc.ca 250-627-3490'})"
"343","CREATE (:contactService{resourceNodeTypeID:11224, resourceNodeSubTypeID:NA, ID:1113, label:'Steve Emmonds', name:'Steve Emmonds', description:'', status:'active', start_date:'2017-01-24', end_date:'', contactServiceString:'Steven.Emmonds@dfo-mpo.gc.ca 250-724-6521'})"
"344","CREATE (:contactService{resourceNodeTypeID:11224, resourceNodeSubTypeID:NA, ID:1114, label:'Steve Gotch', name:'Steve Gotch', description:'', status:'active', start_date:'2017-01-24', end_date:'', contactServiceString:'Steve.Gotch@dfo-mpo.gc.ca 867-393-6719'})"
"345","CREATE (:contactService{resourceNodeTypeID:11224, resourceNodeSubTypeID:NA, ID:1115, label:'Steve MacDonald', name:'Steve MacDonald', description:'', status:'active', start_date:'2017-01-24', end_date:'', contactServiceString:'Steve.MacDonald@dfo-mpo.gc.ca 604-666-6286'})"
"346","CREATE (:contactService{resourceNodeTypeID:11224, resourceNodeSubTypeID:NA, ID:1116, label:'Steve Smith', name:'Steve Smith', description:'', status:'active', start_date:'2017-01-24', end_date:'', contactServiceString:'Steve.JSmith@dfo-mpo.gc.ca 867-393-6724'})"
"347","CREATE (:contactService{resourceNodeTypeID:11224, resourceNodeSubTypeID:NA, ID:1117, label:'Steven Leadbeater', name:'Steven Leadbeater', description:'', status:'active', start_date:'2017-01-24', end_date:'', contactServiceString:'Steven.Leadbeater@dfo-mpo.gc.ca 506-529-5960'})"
"348","CREATE (:contactService{resourceNodeTypeID:11224, resourceNodeSubTypeID:NA, ID:1118, label:'Stewart Johnson', name:'Stewart Johnson', description:'', status:'active', start_date:'2017-01-24', end_date:'', contactServiceString:'Stewart.Johnson@dfo-mpo.gc.ca 250-756-7077'})"
"349","CREATE (:contactService{resourceNodeTypeID:11224, resourceNodeSubTypeID:NA, ID:1119, label:'Strahan Tucker', name:'Strahan Tucker', description:'', status:'active', start_date:'2017-01-24', end_date:'', contactServiceString:'Strahan.Tucker@dfo-mpo.gc.ca 250-756-7092'})"
"350","CREATE (:contactService{resourceNodeTypeID:11224, resourceNodeSubTypeID:NA, ID:1120, label:'Stuart LePage', name:'Stuart LePage', description:'', status:'active', start_date:'2017-01-24', end_date:'', contactServiceString:'Stuart.LePage@dfo-mpo.gc.ca 250-320-4178'})"
"351","CREATE (:contactService{resourceNodeTypeID:11224, resourceNodeSubTypeID:NA, ID:1121, label:'Sue Grant', name:'Sue Grant', description:'', status:'active', start_date:'2017-01-24', end_date:'', contactServiceString:'Sue.Grant@dfo-mpo.gc.ca 604-666-7270'})"
"352","CREATE (:contactService{resourceNodeTypeID:11224, resourceNodeSubTypeID:NA, ID:1122, label:'Sue Lemke', name:'Sue Lemke', description:'', status:'active', start_date:'2017-01-24', end_date:'', contactServiceString:'Sue.Lemke@dfo-mpo.gc.ca 250-851-7741'})"
"353","CREATE (:contactService{resourceNodeTypeID:11224, resourceNodeSubTypeID:NA, ID:1123, label:'Tanya Vivian', name:'Tanya Vivian', description:'', status:'active', start_date:'2017-01-24', end_date:'', contactServiceString:'Tanya.Vivian@dfo-mpo.gc.ca 250-851-6882'})"
"354","CREATE (:contactService{resourceNodeTypeID:11224, resourceNodeSubTypeID:NA, ID:1124, label:'Terry Beacham', name:'Terry Beacham', description:'', status:'active', start_date:'2017-01-24', end_date:'', contactServiceString:'Terry.Beacham@dfo-mpo.gc.ca 250-756-7149'})"
"355","CREATE (:contactService{resourceNodeTypeID:11224, resourceNodeSubTypeID:NA, ID:1125, label:'Tim Pankratz', name:'Tim Pankratz', description:'', status:'active', start_date:'2017-01-24', end_date:'', contactServiceString:'Tim.Pankratz@dfo-mpo.gc.ca 250-318-7728'})"
"356","CREATE (:contactService{resourceNodeTypeID:11224, resourceNodeSubTypeID:NA, ID:1126, label:'Timber Whitehouse', name:'Timber Whitehouse', description:'', status:'active', start_date:'2017-01-24', end_date:'', contactServiceString:'Timber.Whitehouse@dfo-mpo.gc.ca 250-851-4833'})"
"357","CREATE (:contactService{resourceNodeTypeID:11224, resourceNodeSubTypeID:NA, ID:1127, label:'Tony Rathbone', name:'Tony Rathbone', description:'', status:'active', start_date:'2017-01-24', end_date:'', contactServiceString:'Tony.Rathbone@dfo-mpo.gc.ca 250-319-1498'})"
"358","CREATE (:contactService{resourceNodeTypeID:11224, resourceNodeSubTypeID:NA, ID:1128, label:'Tracy Cone', name:'Tracy Cone', description:'', status:'active', start_date:'2017-01-24', end_date:'', contactServiceString:'Tracy.Cone@dfo-mpo.gc.ca 604-666-7269'})"
"359","CREATE (:contactService{resourceNodeTypeID:11224, resourceNodeSubTypeID:NA, ID:1129, label:'Travis Desy', name:'Travis Desy', description:'', status:'active', start_date:'2017-01-24', end_date:'', contactServiceString:'Travis.Desy@dfo-mpo.gc.ca 778-220-5453'})"
"360","CREATE (:contactService{resourceNodeTypeID:11224, resourceNodeSubTypeID:NA, ID:1130, label:'Tyler Collie', name:'Tyler Collie', description:'', status:'active', start_date:'2017-01-24', end_date:'', contactServiceString:'Tyler.Collie@dfo-mpo.gc.ca 604-666-7478'})"
"361","CREATE (:contactService{resourceNodeTypeID:11224, resourceNodeSubTypeID:NA, ID:1131, label:'Tyler Zubkowski', name:'Tyler Zubkowski', description:'', status:'active', start_date:'2017-01-24', end_date:'', contactServiceString:'Tyler.Zubkowski@dfo-mpo.gc.ca 250-756-7106'})"
"362","CREATE (:contactService{resourceNodeTypeID:11224, resourceNodeSubTypeID:NA, ID:1132, label:'Vesta Mather', name:'Vesta Mather', description:'', status:'active', start_date:'2017-01-24', end_date:'', contactServiceString:'Vesta.Mather@dfo-mpo.gc.ca 867-393-6789'})"
"363","CREATE (:contactService{resourceNodeTypeID:11224, resourceNodeSubTypeID:NA, ID:1133, label:'Vince Sealy', name:'Vince Sealy', description:'', status:'active', start_date:'2017-01-24', end_date:'', contactServiceString:'Vince.Sealy@dfo-mpo.gc.ca 250-639-9888'})"
"364","CREATE (:contactService{resourceNodeTypeID:11224, resourceNodeSubTypeID:NA, ID:1134, label:'Wayne Fairchild', name:'Wayne Fairchild', description:'', status:'active', start_date:'2017-01-24', end_date:'', contactServiceString:'Wayne.Fairchild@dfo-mpo.gc.ca 506-851-2056'})"
"365","CREATE (:contactService{resourceNodeTypeID:11224, resourceNodeSubTypeID:NA, ID:1135, label:'Wilf Luedke', name:'Wilf Luedke', description:'', status:'active', start_date:'2017-01-24', end_date:'', contactServiceString:'Wilf.Luedke@dfo-mpo.gc.ca 250-756-7222'})"
"366","CREATE (:contactService{resourceNodeTypeID:11224, resourceNodeSubTypeID:NA, ID:1136, label:'Zach Trefry', name:'Zach Trefry', description:'', status:'active', start_date:'2017-01-24', end_date:'', contactServiceString:'Zach.Trefry@dfo-mpo.gc.ca '})"
