"","x"
"1","CREATE (:idea{resourceNodeTypeID:11233, resourceNodeSubTypeID:NA, ID:728, label:'Field data', name:'', description:'IYS.1.1 Field data collection: tagging, surveys, sampling,.', status:'active', start_date:'2017-01-24', end_date:''})"
"2","CREATE (:idea{resourceNodeTypeID:11233, resourceNodeSubTypeID:NA, ID:729, label:'Data analysis', name:'', description:'IYS.1.2 Analysis/interpretation of field data', status:'active', start_date:'2017-01-24', end_date:''})"
"3","CREATE (:idea{resourceNodeTypeID:11233, resourceNodeSubTypeID:NA, ID:730, label:'Fisheries: manage, assess', name:'', description:'IYS.1.3 Fishery management and assessment', status:'active', start_date:'2017-01-24', end_date:''})"
"4","CREATE (:idea{resourceNodeTypeID:11233, resourceNodeSubTypeID:NA, ID:731, label:'Stock status assessment', name:'', description:'IYS.1.4 Stock status assessment and documentation: CSAS, COSEWIC, IUCN,.', status:'active', start_date:'2017-01-24', end_date:''})"
"5","CREATE (:idea{resourceNodeTypeID:11233, resourceNodeSubTypeID:NA, ID:732, label:'Habitat assessment', name:'', description:'IYS.1.5 Habitat assessment', status:'active', start_date:'2017-01-24', end_date:''})"
"6","CREATE (:idea{resourceNodeTypeID:11233, resourceNodeSubTypeID:NA, ID:733, label:'Population identification', name:'', description:'IYS.1.6 Population identification: genetics, genomics,.', status:'active', start_date:'2017-01-24', end_date:''})"
"7","CREATE (:idea{resourceNodeTypeID:11233, resourceNodeSubTypeID:NA, ID:734, label:'Marine survival, growth, migration', name:'', description:'IYS.1.7 Marine survival, growth, and migrations', status:'active', start_date:'2017-01-24', end_date:''})"
"8","CREATE (:idea{resourceNodeTypeID:11233, resourceNodeSubTypeID:NA, ID:735, label:'Interactions: wild, hatchery, farmed', name:'', description:'IYS.1.8 Interactions among wild, hatchery, and farmed salmon', status:'active', start_date:'2017-01-24', end_date:''})"
"9","CREATE (:idea{resourceNodeTypeID:11233, resourceNodeSubTypeID:NA, ID:736, label:'Toxicology', name:'', description:'IYS.1.9 Toxicology: from algae, industry, and spills', status:'active', start_date:'2017-01-24', end_date:''})"
"10","CREATE (:idea{resourceNodeTypeID:11233, resourceNodeSubTypeID:NA, ID:737, label:'Freshwater habitats', name:'', description:'IYS.2.1 Freshwater habitat changes', status:'active', start_date:'2017-01-24', end_date:''})"
"11","CREATE (:idea{resourceNodeTypeID:11233, resourceNodeSubTypeID:NA, ID:738, label:'Marine and estuarine habitats', name:'', description:'IYS.2.2 Marine/estuarine habitat changes', status:'active', start_date:'2017-01-24', end_date:''})"
"12","CREATE (:idea{resourceNodeTypeID:11233, resourceNodeSubTypeID:NA, ID:739, label:'Climate and ecosystem models', name:'', description:'IYS.2.3 Climate and ecosystem modeling', status:'active', start_date:'2017-01-24', end_date:''})"
"13","CREATE (:idea{resourceNodeTypeID:11233, resourceNodeSubTypeID:NA, ID:740, label:'Adaptation', name:'', description:'IYS.2.4 Adaptation (natural selection) by salmon to ecosystem changes', status:'active', start_date:'2017-01-24', end_date:''})"
"14","CREATE (:idea{resourceNodeTypeID:11233, resourceNodeSubTypeID:NA, ID:741, label:'Policy and management', name:'', description:'IYS.2.5 Policy and management in a changing salmosphere', status:'active', start_date:'2017-01-24', end_date:''})"
"15","CREATE (:idea{resourceNodeTypeID:11233, resourceNodeSubTypeID:NA, ID:742, label:'Field methods', name:'', description:'IYS.3.1 New field methods: surveys, tags, hydroacoustics, drones,.', status:'active', start_date:'2017-01-24', end_date:''})"
"16","CREATE (:idea{resourceNodeTypeID:11233, resourceNodeSubTypeID:NA, ID:743, label:'Individual fish data', name:'', description:'IYS.3.2 New data collections from individual fish: image analysis, tissue analyses, pathogens,.', status:'active', start_date:'2017-01-24', end_date:''})"
"17","CREATE (:idea{resourceNodeTypeID:11233, resourceNodeSubTypeID:NA, ID:744, label:'New management process', name:'', description:'IYS.3.3 New processes for fisheries management: decision fora, policy analysis, adaptive management,.', status:'active', start_date:'2017-01-24', end_date:''})"
"18","CREATE (:idea{resourceNodeTypeID:11233, resourceNodeSubTypeID:NA, ID:745, label:'New analyses', name:'', description:'IYS.3.4 New analyses: models, AI, big data,.', status:'active', start_date:'2017-01-24', end_date:''})"
"19","CREATE (:idea{resourceNodeTypeID:11233, resourceNodeSubTypeID:NA, ID:746, label:'Advances genetics, genomics', name:'', description:'IYS.3.5 Advances in genetics and genomics', status:'active', start_date:'2017-01-24', end_date:''})"
"20","CREATE (:idea{resourceNodeTypeID:11233, resourceNodeSubTypeID:NA, ID:747, label:'Science management', name:'', description:'IYS.3.6 Science management: priorities, funding, review,.', status:'active', start_date:'2017-01-24', end_date:''})"
"21","CREATE (:idea{resourceNodeTypeID:11233, resourceNodeSubTypeID:NA, ID:748, label:'Implementation', name:'', description:'IYS.3.7 Implementation of new methods', status:'active', start_date:'2017-01-24', end_date:''})"
"22","CREATE (:idea{resourceNodeTypeID:11233, resourceNodeSubTypeID:NA, ID:749, label:'First Nations opportunities', name:'', description:'IYS.4.1 First Nations: cultural and economic opportunities, co-management,.', status:'active', start_date:'2017-01-24', end_date:''})"
"23","CREATE (:idea{resourceNodeTypeID:11233, resourceNodeSubTypeID:NA, ID:750, label:'Benefits from salmon', name:'', description:'IYS.4.2 Stakeholder benefits from salmon: cultural, economic, social, environmental, ideological,.', status:'active', start_date:'2017-01-24', end_date:''})"
"24","CREATE (:idea{resourceNodeTypeID:11233, resourceNodeSubTypeID:NA, ID:751, label:'Community engagement', name:'', description:'IYS.4.3 Community engagement: salmon stewards, citizen science,.', status:'active', start_date:'2017-01-24', end_date:''})"
"25","CREATE (:idea{resourceNodeTypeID:11233, resourceNodeSubTypeID:NA, ID:752, label:'Better science communication', name:'', description:'IYS.4.4 Effective scientific communication: informed stakeholders, public education, improved links between science and policy,.', status:'active', start_date:'2017-01-24', end_date:''})"
"26","CREATE (:idea{resourceNodeTypeID:11233, resourceNodeSubTypeID:NA, ID:753, label:'Traditional ecological knowledge', name:'', description:'IYS.4.5 Gathering and applying traditional ecological knowledge: First Nations, fishers, naturalists,.', status:'active', start_date:'2017-01-24', end_date:''})"
"27","CREATE (:idea{resourceNodeTypeID:11233, resourceNodeSubTypeID:NA, ID:754, label:'Young scientists', name:'', description:'IYS.4.6 Young scientists: instilling a passion to understand and protect wild salmon and their habitats.', status:'active', start_date:'2017-01-24', end_date:''})"
"28","CREATE (:idea{resourceNodeTypeID:11233, resourceNodeSubTypeID:NA, ID:755, label:'Changing role of salmon', name:'', description:'IYS.4.7 The changing role of salmon in human societies: politics, anthropology, sociology, economics,.', status:'active', start_date:'2017-01-24', end_date:''})"
"29","CREATE (:idea{resourceNodeTypeID:11233, resourceNodeSubTypeID:NA, ID:756, label:'Database integration', name:'', description:'IYS.5.1 Database Integration', status:'active', start_date:'2017-01-24', end_date:''})"
"30","CREATE (:idea{resourceNodeTypeID:11233, resourceNodeSubTypeID:NA, ID:757, label:'Knowledge management', name:'', description:'IYS.5.2 Knowledge management and mobilization', status:'active', start_date:'2017-01-24', end_date:''})"
"31","CREATE (:idea{resourceNodeTypeID:11233, resourceNodeSubTypeID:NA, ID:758, label:'Data sharing arrangements', name:'', description:'IYS.5.3 Data sharing arrangements', status:'active', start_date:'2017-01-24', end_date:''})"
"32","CREATE (:idea{resourceNodeTypeID:11233, resourceNodeSubTypeID:NA, ID:759, label:'Data visualization', name:'', description:'IYS.5.4 Data visualization', status:'active', start_date:'2017-01-24', end_date:''})"
"33","CREATE (:idea{resourceNodeTypeID:11233, resourceNodeSubTypeID:NA, ID:760, label:'International projects', name:'', description:'IYS.6.1 IYS Implementation: international projects, Canada Salmon Net.', status:'active', start_date:'2017-01-24', end_date:''})"
"34","CREATE (:idea{resourceNodeTypeID:11233, resourceNodeSubTypeID:NA, ID:761, label:'Celebrating success', name:'', description:'IYS.6.2 Celebrating success stories about salmon and people', status:'active', start_date:'2017-01-24', end_date:''})"
"35","CREATE (:idea{resourceNodeTypeID:11233, resourceNodeSubTypeID:NA, ID:762, label:'Outreach methods, awareness', name:'', description:'IYS.6.3 Outreach methods: raising awareness of benefits from salmon', status:'active', start_date:'2017-01-24', end_date:''})"
"36","CREATE (:idea{resourceNodeTypeID:11233, resourceNodeSubTypeID:NA, ID:763, label:'Link management and science', name:'', description:'IYS.6.4 Proactive engagement: fisheries management to science and vice versa', status:'active', start_date:'2017-01-24', end_date:''})"
"37","CREATE (:idea{resourceNodeTypeID:11233, resourceNodeSubTypeID:NA, ID:764, label:'Link salmon to climate change', name:'', description:'IYS.6.5 The canary in the coal mine: linking salmon to climate change, Help Salmon Help Us', status:'active', start_date:'2017-01-24', end_date:''})"
"38","CREATE (:idea{resourceNodeTypeID:11233, resourceNodeSubTypeID:NA, ID:765, label:'IYS.1 Status: salmon, habitats', name:'', description:'IYS 1. Status of Salmon. Understand the present status of salmon and their environments.', status:'active', start_date:'2017-01-24', end_date:''})"
"39","CREATE (:idea{resourceNodeTypeID:11233, resourceNodeSubTypeID:NA, ID:766, label:'IYS.2 Changes in habitats', name:'', description:'IYS 2. Salmon in a Changing Salmosphere. Understand and quantify the effects of natural environmental variability and man-made factors affecting salmon distribution and abundance and make projections of their future changes.', status:'active', start_date:'2017-01-24', end_date:''})"
"40","CREATE (:idea{resourceNodeTypeID:11233, resourceNodeSubTypeID:NA, ID:767, label:'IYS.3 New tech, methods', name:'', description:'IYS 3. New Frontiers. Develop new technologies and analytical methods advance salmon science and explore the uncharted regions of the Salmosphere.', status:'active', start_date:'2017-01-24', end_date:''})"
"41","CREATE (:idea{resourceNodeTypeID:11233, resourceNodeSubTypeID:NA, ID:768, label:'IYS.4 Connecting salmon to people', name:'', description:'IYS 4. Human Dimension. Improve the resilience of people and salmon through the connection and collaboration of salmon-dependent communities, indigenous peoples, youth, harvesters and resource managers across the Salmosphere.', status:'active', start_date:'2017-01-24', end_date:''})"
"42","CREATE (:idea{resourceNodeTypeID:11233, resourceNodeSubTypeID:NA, ID:769, label:'IYS.5 Information systems', name:'', description:'IYS 5. Information Systems. Develop an integrated archive of accessible electronic data collected during the IYS andols support future research.', status:'active', start_date:'2017-01-24', end_date:''})"
"43","CREATE (:idea{resourceNodeTypeID:11233, resourceNodeSubTypeID:NA, ID:770, label:'IYS.6 Outreach and communication', name:'', description:'IYS 6. Outreach and Communication. Raise awareness of the values of salmon, the uncertainties and challenges facing salmon, and the measures being taken conserve, restore, and rationally manage them. Support fund-raising for new research to better understand the future of salmon in a rapidly changing salmosphere.', status:'active', start_date:'2017-01-24', end_date:''})"
