"","x"
"1","CREATE (:organization{resourceNodeTypeID:11211, resourceNodeSubTypeID:NA, ID:1227, label:'Pacific', name:'', description:'', status:'active', start_date:'2017-01-24', end_date:'', acronym:''})"
"2","CREATE (:organization{resourceNodeTypeID:11211, resourceNodeSubTypeID:NA, ID:1228, label:'HQ', name:'', description:'', status:'active', start_date:'2017-01-24', end_date:'', acronym:''})"
"3","CREATE (:organization{resourceNodeTypeID:11211, resourceNodeSubTypeID:NA, ID:1229, label:'Fisheries and Aquaculture Management Branch, Salmonid Enhancement Program', name:'', description:'', status:'active', start_date:'2017-01-24', end_date:'', acronym:''})"
"4","CREATE (:organization{resourceNodeTypeID:11211, resourceNodeSubTypeID:NA, ID:1230, label:'Maritimes', name:'', description:'', status:'active', start_date:'2017-01-24', end_date:'', acronym:''})"
"5","CREATE (:organization{resourceNodeTypeID:11211, resourceNodeSubTypeID:NA, ID:1231, label:'Fisheries and Aquaculture Management Branch, Salmonid Enhancement Program,  RRU', name:'', description:'', status:'active', start_date:'2017-01-24', end_date:'', acronym:''})"
"6","CREATE (:organization{resourceNodeTypeID:11211, resourceNodeSubTypeID:NA, ID:1232, label:'Fisheries and Aquaculture Management, South Coast Division, Stock Assessmenet', name:'', description:'', status:'active', start_date:'2017-01-24', end_date:'', acronym:''})"
"7","CREATE (:organization{resourceNodeTypeID:11211, resourceNodeSubTypeID:NA, ID:1233, label:'Science Branch/Population Ecology Division/Salmon Section', name:'', description:'', status:'active', start_date:'2017-01-24', end_date:'', acronym:''})"
"8","CREATE (:organization{resourceNodeTypeID:11211, resourceNodeSubTypeID:NA, ID:1234, label:'Resource Management, South Coast', name:'', description:'', status:'active', start_date:'2017-01-24', end_date:'', acronym:''})"
"9","CREATE (:organization{resourceNodeTypeID:11211, resourceNodeSubTypeID:NA, ID:1235, label:'Stock Assessment', name:'', description:'', status:'active', start_date:'2017-01-24', end_date:'', acronym:''})"
"10","CREATE (:organization{resourceNodeTypeID:11211, resourceNodeSubTypeID:NA, ID:1236, label:'Science Branch', name:'', description:'', status:'active', start_date:'2017-01-24', end_date:'', acronym:''})"
"11","CREATE (:organization{resourceNodeTypeID:11211, resourceNodeSubTypeID:NA, ID:1237, label:'Quebec', name:'', description:'', status:'active', start_date:'2017-01-24', end_date:'', acronym:''})"
"12","CREATE (:organization{resourceNodeTypeID:11211, resourceNodeSubTypeID:NA, ID:1238, label:'Fisheries and Aquaculture Management Branch, Fraser and Interior', name:'', description:'', status:'active', start_date:'2017-01-24', end_date:'', acronym:''})"
"13","CREATE (:organization{resourceNodeTypeID:11211, resourceNodeSubTypeID:NA, ID:1239, label:'Policy Branch', name:'', description:'', status:'active', start_date:'2017-01-24', end_date:'', acronym:''})"
"14","CREATE (:organization{resourceNodeTypeID:11211, resourceNodeSubTypeID:NA, ID:1240, label:'Fisheries and Aquaculture Management Branch, Aboriginal Programs Division', name:'', description:'', status:'active', start_date:'2017-01-24', end_date:'', acronym:''})"
"15","CREATE (:organization{resourceNodeTypeID:11211, resourceNodeSubTypeID:NA, ID:1241, label:'Science Branch,""Aquatic Resources, Research, and Assessment Division"", Salmon Assessment', name:'', description:'', status:'active', start_date:'2017-01-24', end_date:'', acronym:''})"
"16","CREATE (:organization{resourceNodeTypeID:11211, resourceNodeSubTypeID:NA, ID:1242, label:'Fisheries and Aquaculture Management Branch, Conservation and Protection', name:'', description:'', status:'active', start_date:'2017-01-24', end_date:'', acronym:''})"
"17","CREATE (:organization{resourceNodeTypeID:11211, resourceNodeSubTypeID:NA, ID:1243, label:'Science Branch, Ecosystem Science Division, Regional Ecosystem Effects on Fish and Fisheries Section', name:'', description:'', status:'active', start_date:'2017-01-24', end_date:'', acronym:''})"
"18","CREATE (:organization{resourceNodeTypeID:11211, resourceNodeSubTypeID:NA, ID:1244, label:'Science Branch, Ecosystem Science Division, Population Ecology', name:'', description:'', status:'active', start_date:'2017-01-24', end_date:'', acronym:''})"
"19","CREATE (:organization{resourceNodeTypeID:11211, resourceNodeSubTypeID:NA, ID:1245, label:'Fisheries and Aquaculture Management Branch', name:'', description:'', status:'active', start_date:'2017-01-24', end_date:'', acronym:''})"
"20","CREATE (:organization{resourceNodeTypeID:11211, resourceNodeSubTypeID:NA, ID:1246, label:'Science Branch, Applied Diagnostics and Genetics Division', name:'', description:'', status:'active', start_date:'2017-01-24', end_date:'', acronym:''})"
"21","CREATE (:organization{resourceNodeTypeID:11211, resourceNodeSubTypeID:NA, ID:1247, label:'Newfoundland', name:'', description:'', status:'active', start_date:'2017-01-24', end_date:'', acronym:''})"
"22","CREATE (:organization{resourceNodeTypeID:11211, resourceNodeSubTypeID:NA, ID:1248, label:'Fisheries and Aquaculture Management, Interior Fraser, Stock Assessment', name:'', description:'', status:'active', start_date:'2017-01-24', end_date:'', acronym:''})"
"23","CREATE (:organization{resourceNodeTypeID:11211, resourceNodeSubTypeID:NA, ID:1249, label:'Ecosystems and Fisheries Management', name:'', description:'', status:'active', start_date:'2017-01-24', end_date:'', acronym:''})"
"24","CREATE (:organization{resourceNodeTypeID:11211, resourceNodeSubTypeID:NA, ID:1250, label:'Science Branch/Ecosystems/REEF', name:'', description:'', status:'active', start_date:'2017-01-24', end_date:'', acronym:''})"
"25","CREATE (:organization{resourceNodeTypeID:11211, resourceNodeSubTypeID:NA, ID:1251, label:'Science Branch, ""Aquatic Resources, Research, and Assessment Division"", Quantitative Assessment Methods Section', name:'', description:'', status:'active', start_date:'2017-01-24', end_date:'', acronym:''})"
"26","CREATE (:organization{resourceNodeTypeID:11211, resourceNodeSubTypeID:NA, ID:1252, label:'Science Branch, Fishery and Assessment Data Section', name:'', description:'', status:'active', start_date:'2017-01-24', end_date:'', acronym:''})"
"27","CREATE (:organization{resourceNodeTypeID:11211, resourceNodeSubTypeID:NA, ID:1253, label:'Science Branch, ""Aquatic Resources, Research, and Assessment Division""', name:'', description:'', status:'active', start_date:'2017-01-24', end_date:'', acronym:''})"
"28","CREATE (:organization{resourceNodeTypeID:11211, resourceNodeSubTypeID:NA, ID:1254, label:'Fisheries and Aquaculture Management,  South Coast Area, Stock Assessment', name:'', description:'', status:'active', start_date:'2017-01-24', end_date:'', acronym:''})"
"29","CREATE (:organization{resourceNodeTypeID:11211, resourceNodeSubTypeID:NA, ID:1255, label:'Fisheries and Aquaculture Management Branch, Salmonid Enhancement Program, Lower Fraser', name:'', description:'', status:'active', start_date:'2017-01-24', end_date:'', acronym:''})"
"30","CREATE (:organization{resourceNodeTypeID:11211, resourceNodeSubTypeID:NA, ID:1256, label:'Fisheries and Aquaculture Management Branch, Salmonid Enhancement Program, CIP, South Coast Area', name:'', description:'', status:'active', start_date:'2017-01-24', end_date:'', acronym:''})"
"31","CREATE (:organization{resourceNodeTypeID:11211, resourceNodeSubTypeID:NA, ID:1257, label:'Science Branch, Demersal and Benthic Science Branchs', name:'', description:'', status:'active', start_date:'2017-01-24', end_date:'', acronym:''})"
"32","CREATE (:organization{resourceNodeTypeID:11211, resourceNodeSubTypeID:NA, ID:1258, label:'Gulf', name:'', description:'', status:'active', start_date:'2017-01-24', end_date:'', acronym:''})"
"33","CREATE (:organization{resourceNodeTypeID:11211, resourceNodeSubTypeID:NA, ID:1259, label:'Fisheries and Aquaculture Management, Aboriginal Programs Division', name:'', description:'', status:'active', start_date:'2017-01-24', end_date:'', acronym:''})"
"34","CREATE (:organization{resourceNodeTypeID:11211, resourceNodeSubTypeID:NA, ID:1260, label:'Science Branch, Fraser StAD, Sockeye', name:'', description:'', status:'active', start_date:'2017-01-24', end_date:'', acronym:''})"
"35","CREATE (:organization{resourceNodeTypeID:11211, resourceNodeSubTypeID:NA, ID:1261, label:'Science Branch,', name:'', description:'', status:'active', start_date:'2017-01-24', end_date:'', acronym:''})"
"36","CREATE (:organization{resourceNodeTypeID:11211, resourceNodeSubTypeID:NA, ID:1262, label:'Ecosystems Management Branch, Salmonid Enhancement', name:'', description:'', status:'active', start_date:'2017-01-24', end_date:'', acronym:''})"
"37","CREATE (:organization{resourceNodeTypeID:11211, resourceNodeSubTypeID:NA, ID:1263, label:'Central and Arctic', name:'', description:'', status:'active', start_date:'2017-01-24', end_date:'', acronym:''})"
"38","CREATE (:organization{resourceNodeTypeID:11211, resourceNodeSubTypeID:NA, ID:1264, label:'Fisheries and Aquaculture Management Branch, Salmonid Enhancement Program, Community Involvement', name:'', description:'', status:'active', start_date:'2017-01-24', end_date:'', acronym:''})"
"39","CREATE (:organization{resourceNodeTypeID:11211, resourceNodeSubTypeID:NA, ID:1265, label:'Science Branch, Aquatic Resources Division, Diadromous Section', name:'', description:'', status:'active', start_date:'2017-01-24', end_date:'', acronym:''})"
"40","CREATE (:organization{resourceNodeTypeID:11211, resourceNodeSubTypeID:NA, ID:1266, label:'Science Branch, Population Ecology', name:'', description:'', status:'active', start_date:'2017-01-24', end_date:'', acronym:''})"
"41","CREATE (:organization{resourceNodeTypeID:11211, resourceNodeSubTypeID:NA, ID:1267, label:'Fisheries and Aquaculture Management Branch; Salmonid Enhancement Program', name:'', description:'', status:'active', start_date:'2017-01-24', end_date:'', acronym:''})"
"42","CREATE (:organization{resourceNodeTypeID:11211, resourceNodeSubTypeID:NA, ID:1268, label:'Science Branch, Fraser Sockeye, Stock Assessment', name:'', description:'', status:'active', start_date:'2017-01-24', end_date:'', acronym:''})"
"43","CREATE (:organization{resourceNodeTypeID:11211, resourceNodeSubTypeID:NA, ID:1269, label:'Fisheries Management,  Recreational', name:'', description:'', status:'active', start_date:'2017-01-24', end_date:'', acronym:''})"
"44","CREATE (:organization{resourceNodeTypeID:11211, resourceNodeSubTypeID:NA, ID:1270, label:'Science Branch, Salmon Stock Assessment', name:'', description:'', status:'active', start_date:'2017-01-24', end_date:'', acronym:''})"
"45","CREATE (:organization{resourceNodeTypeID:11211, resourceNodeSubTypeID:NA, ID:1271, label:'Fisheries and Aquaculture Management Branch; Salmonid Enhancement Program, Enhancement Operations Division', name:'', description:'', status:'active', start_date:'2017-01-24', end_date:'', acronym:''})"
"46","CREATE (:organization{resourceNodeTypeID:11211, resourceNodeSubTypeID:NA, ID:1272, label:'Fisheries and Aquaculture Management Branch, Salmonid Enhancement Program, South Coast', name:'', description:'', status:'active', start_date:'2017-01-24', end_date:'', acronym:''})"
"47","CREATE (:organization{resourceNodeTypeID:11211, resourceNodeSubTypeID:NA, ID:1273, label:'Science Branch, Oceans and Ecosystems Science Division', name:'', description:'', status:'active', start_date:'2017-01-24', end_date:'', acronym:''})"
"48","CREATE (:organization{resourceNodeTypeID:11211, resourceNodeSubTypeID:NA, ID:1274, label:'RDG office in partnership with Science sector.', name:'', description:'', status:'active', start_date:'2017-01-24', end_date:'', acronym:''})"
"49","CREATE (:organization{resourceNodeTypeID:11211, resourceNodeSubTypeID:NA, ID:1275, label:'Fisheries and Aquaculture Management Branch, South Coast, Stock Assessment', name:'', description:'', status:'active', start_date:'2017-01-24', end_date:'', acronym:''})"
"50","CREATE (:organization{resourceNodeTypeID:11211, resourceNodeSubTypeID:NA, ID:1276, label:'Fisheries Management, Resource Management', name:'', description:'', status:'active', start_date:'2017-01-24', end_date:'', acronym:''})"
"51","CREATE (:organization{resourceNodeTypeID:11211, resourceNodeSubTypeID:NA, ID:1277, label:'Freshwater Ecosystems', name:'', description:'', status:'active', start_date:'2017-01-24', end_date:'', acronym:''})"
"52","CREATE (:organization{resourceNodeTypeID:11211, resourceNodeSubTypeID:NA, ID:1278, label:'Ecosystems Management', name:'', description:'', status:'active', start_date:'2017-01-24', end_date:'', acronym:''})"
"53","CREATE (:organization{resourceNodeTypeID:11211, resourceNodeSubTypeID:NA, ID:1279, label:'Fisheries and Aquaculture Management Branch, Salmonid Enhancement Program,', name:'', description:'', status:'active', start_date:'2017-01-24', end_date:'', acronym:''})"
"54","CREATE (:organization{resourceNodeTypeID:11211, resourceNodeSubTypeID:NA, ID:1280, label:'Ecosystem Management Branch, Salmonid Enhancement Program', name:'', description:'', status:'active', start_date:'2017-01-24', end_date:'', acronym:''})"
"55","CREATE (:organization{resourceNodeTypeID:11211, resourceNodeSubTypeID:NA, ID:1281, label:'Science Branch, Ecosystems', name:'', description:'', status:'active', start_date:'2017-01-24', end_date:'', acronym:''})"
"56","CREATE (:organization{resourceNodeTypeID:11211, resourceNodeSubTypeID:NA, ID:1282, label:'Resource Management, Fisheries and Aquaculture Management Branch', name:'', description:'', status:'active', start_date:'2017-01-24', end_date:'', acronym:''})"
"57","CREATE (:organization{resourceNodeTypeID:11211, resourceNodeSubTypeID:NA, ID:1283, label:'Science Branch, Salmon Section', name:'', description:'', status:'active', start_date:'2017-01-24', end_date:'', acronym:''})"
"58","CREATE (:organization{resourceNodeTypeID:11211, resourceNodeSubTypeID:NA, ID:1284, label:'Fisheries and Aquaculture Management Branch, Salmonid Enhancement Program, Operations', name:'', description:'', status:'active', start_date:'2017-01-24', end_date:'', acronym:''})"
"59","CREATE (:organization{resourceNodeTypeID:11211, resourceNodeSubTypeID:NA, ID:1285, label:'Ecosystems and Oceans Science, Ecosystems Science, Fish Population Science', name:'', description:'', status:'active', start_date:'2017-01-24', end_date:'', acronym:''})"
"60","CREATE (:organization{resourceNodeTypeID:11211, resourceNodeSubTypeID:NA, ID:1286, label:'Fisheries and Aquaculture Management Branch, Salmonid Enhancement Program, Planning and Assessment Unit', name:'', description:'', status:'active', start_date:'2017-01-24', end_date:'', acronym:''})"
"61","CREATE (:organization{resourceNodeTypeID:11211, resourceNodeSubTypeID:NA, ID:1287, label:'Fisheries and Aquaculture Management Branch, Salmonid Enhancement Program, Lower Fraser Area', name:'', description:'', status:'active', start_date:'2017-01-24', end_date:'', acronym:''})"
"62","CREATE (:organization{resourceNodeTypeID:11211, resourceNodeSubTypeID:NA, ID:1288, label:'Fisheries and Aquaculture Management Branch, Aboriginal Negotiations Division, Policy Analysis and Treaty Support', name:'', description:'', status:'active', start_date:'2017-01-24', end_date:'', acronym:''})"
"63","CREATE (:organization{resourceNodeTypeID:11211, resourceNodeSubTypeID:NA, ID:1289, label:'Science Branch, Ecosystems Science Branch Division, Regional Ecosystem Effects on Fish and Fisheries', name:'', description:'', status:'active', start_date:'2017-01-24', end_date:'', acronym:''})"
"64","CREATE (:organization{resourceNodeTypeID:11211, resourceNodeSubTypeID:NA, ID:1290, label:'FPP, FCSAP', name:'', description:'', status:'active', start_date:'2017-01-24', end_date:'', acronym:''})"
"65","CREATE (:organization{resourceNodeTypeID:11211, resourceNodeSubTypeID:NA, ID:1291, label:'Fisheries and Aquaculture Management Branch, Yukon-Transboundary Rivers Area', name:'', description:'', status:'active', start_date:'2017-01-24', end_date:'', acronym:''})"
"66","CREATE (:organization{resourceNodeTypeID:11211, resourceNodeSubTypeID:NA, ID:1292, label:'Science Branch, ""Aquatic Resources, Research, and Assessment Division"", Ecosystems and Oceans Science', name:'', description:'', status:'active', start_date:'2017-01-24', end_date:'', acronym:''})"
"67","CREATE (:organization{resourceNodeTypeID:11211, resourceNodeSubTypeID:NA, ID:1293, label:'Science Branch, Ecosystems and Oceans Science', name:'', description:'', status:'active', start_date:'2017-01-24', end_date:'', acronym:''})"
"68","CREATE (:organization{resourceNodeTypeID:11211, resourceNodeSubTypeID:NA, ID:1294, label:'Fisheries and Aquaculture Management Branch  Salmon Enhancement Program', name:'', description:'', status:'active', start_date:'2017-01-24', end_date:'', acronym:''})"
"69","CREATE (:organization{resourceNodeTypeID:11211, resourceNodeSubTypeID:NA, ID:1295, label:'Fisheries and Aquaculture Management Branch, Species at Risk Program', name:'', description:'', status:'active', start_date:'2017-01-24', end_date:'', acronym:''})"
"70","CREATE (:organization{resourceNodeTypeID:11211, resourceNodeSubTypeID:NA, ID:1296, label:'Science Branch, Ecosystems Sciences Division, Ecosystem Interactions', name:'', description:'', status:'active', start_date:'2017-01-24', end_date:'', acronym:''})"
"71","CREATE (:organization{resourceNodeTypeID:11211, resourceNodeSubTypeID:NA, ID:1297, label:'Fish Population Science/Ecosystems Science Directorate/Ecosystems and Oceans Science Sector', name:'', description:'', status:'active', start_date:'2017-01-24', end_date:'', acronym:''})"
"72","CREATE (:organization{resourceNodeTypeID:11211, resourceNodeSubTypeID:NA, ID:1298, label:'Science Branch, Arctic Aquatic Research Division', name:'', description:'', status:'active', start_date:'2017-01-24', end_date:'', acronym:''})"
"73","CREATE (:organization{resourceNodeTypeID:11211, resourceNodeSubTypeID:NA, ID:1299, label:'Science Branch, Environmental Sciences Division', name:'', description:'', status:'active', start_date:'2017-01-24', end_date:'', acronym:''})"
"74","CREATE (:organization{resourceNodeTypeID:11211, resourceNodeSubTypeID:NA, ID:1300, label:'Fisheries and Aquaculture Management Branch, Yukon Transboundary River Area', name:'', description:'', status:'active', start_date:'2017-01-24', end_date:'', acronym:''})"
"75","CREATE (:organization{resourceNodeTypeID:11211, resourceNodeSubTypeID:NA, ID:1301, label:'Fisheries and Aquaculture Management, Aquaculture Management Division,  Aquaculture Environmental Operations', name:'', description:'', status:'active', start_date:'2017-01-24', end_date:'', acronym:''})"
"76","CREATE (:organization{resourceNodeTypeID:11211, resourceNodeSubTypeID:NA, ID:1302, label:'Fisheries and Aquaculture Management, South Coast, Resource Management', name:'', description:'', status:'active', start_date:'2017-01-24', end_date:'', acronym:''})"
"77","CREATE (:organization{resourceNodeTypeID:11211, resourceNodeSubTypeID:NA, ID:1303, label:'Fisheries and Aquaculture Management Branch, Salmonid Enhancement Program, RRU', name:'', description:'', status:'active', start_date:'2017-01-24', end_date:'', acronym:''})"
"78","CREATE (:organization{resourceNodeTypeID:11211, resourceNodeSubTypeID:NA, ID:1304, label:'Science Branch, Applied Diagnostics and Genomics Technology Division, Genetics and Genomics Section', name:'', description:'', status:'active', start_date:'2017-01-24', end_date:'', acronym:''})"
"79","CREATE (:organization{resourceNodeTypeID:11211, resourceNodeSubTypeID:NA, ID:1305, label:'Fisheries and Aquaculture Management Division', name:'', description:'', status:'active', start_date:'2017-01-24', end_date:'', acronym:''})"
"80","CREATE (:organization{resourceNodeTypeID:11211, resourceNodeSubTypeID:NA, ID:1306, label:'Science Branch, Ecosystems and Oceans Sector', name:'', description:'', status:'active', start_date:'2017-01-24', end_date:'', acronym:''})"
"81","CREATE (:organization{resourceNodeTypeID:11211, resourceNodeSubTypeID:NA, ID:1307, label:'Science Branch, Population Ecology Division', name:'', description:'', status:'active', start_date:'2017-01-24', end_date:'', acronym:''})"
"82","CREATE (:organization{resourceNodeTypeID:11211, resourceNodeSubTypeID:NA, ID:1308, label:'Fisheries and Aquaculture Management Branch, Salmonid Enhancement Program, South Coast Area', name:'', description:'', status:'active', start_date:'2017-01-24', end_date:'', acronym:''})"
"83","CREATE (:organization{resourceNodeTypeID:11211, resourceNodeSubTypeID:NA, ID:1309, label:'TAPD, FIA', name:'', description:'', status:'active', start_date:'2017-01-24', end_date:'', acronym:''})"
"84","CREATE (:organization{resourceNodeTypeID:11211, resourceNodeSubTypeID:NA, ID:1310, label:'Fisheries and Aquaculture Management Branch, Coastal Operations', name:'', description:'', status:'active', start_date:'2017-01-24', end_date:'', acronym:''})"
"85","CREATE (:organization{resourceNodeTypeID:11211, resourceNodeSubTypeID:NA, ID:1311, label:'Yukon Transboundary River Area', name:'', description:'', status:'active', start_date:'2017-01-24', end_date:'', acronym:''})"
"86","CREATE (:organization{resourceNodeTypeID:11211, resourceNodeSubTypeID:NA, ID:1312, label:'Science Branch,""Aquatic Resources, Research, and Assessment Division"", Quantitative Assessment Methods Section', name:'', description:'', status:'active', start_date:'2017-01-24', end_date:'', acronym:''})"
"87","CREATE (:organization{resourceNodeTypeID:11211, resourceNodeSubTypeID:NA, ID:1313, label:'North Coast Stock Assessment', name:'', description:'', status:'active', start_date:'2017-01-24', end_date:'', acronym:''})"
"88","CREATE (:organization{resourceNodeTypeID:11211, resourceNodeSubTypeID:NA, ID:1314, label:'Stock assessment', name:'', description:'', status:'active', start_date:'2017-01-24', end_date:'', acronym:''})"
"89","CREATE (:organization{resourceNodeTypeID:11211, resourceNodeSubTypeID:NA, ID:1315, label:'Science Branch, Ecosystem and Ocean Science Division', name:'', description:'', status:'active', start_date:'2017-01-24', end_date:'', acronym:''})"
"90","CREATE (:organization{resourceNodeTypeID:11211, resourceNodeSubTypeID:NA, ID:1316, label:'Gestion des ecosystèmes de la division de la gestion des espèces en péril', name:'', description:'', status:'active', start_date:'2017-01-24', end_date:'', acronym:''})"
"91","CREATE (:organization{resourceNodeTypeID:11211, resourceNodeSubTypeID:NA, ID:1317, label:'Direction des Sciences pélagiques et écosystémiques / Sciences / Région du Québec', name:'', description:'', status:'active', start_date:'2017-01-24', end_date:'', acronym:''})"
"92","CREATE (:organization{resourceNodeTypeID:11211, resourceNodeSubTypeID:NA, ID:1318, label:'Fisheries and Aquaculture Management Branch, Yukon and Transboundary Rivers Area', name:'', description:'', status:'active', start_date:'2017-01-24', end_date:'', acronym:''})"
"93","CREATE (:organization{resourceNodeTypeID:11211, resourceNodeSubTypeID:NA, ID:1319, label:'Science Branch, ""Aquatic Resources, Research, and Assessment Division"", Salmon Assessment', name:'', description:'', status:'active', start_date:'2017-01-24', end_date:'', acronym:''})"
"94","CREATE (:organization{resourceNodeTypeID:11211, resourceNodeSubTypeID:NA, ID:1320, label:'Fisheries and Aquaculture Management Branch, South Coast Area', name:'', description:'', status:'active', start_date:'2017-01-24', end_date:'', acronym:''})"
"95","CREATE (:organization{resourceNodeTypeID:11211, resourceNodeSubTypeID:NA, ID:1321, label:'Science Branch, ""Aquatic Resources, Research, and Assessment Division"",  Stock Assessment, Fraser and Interior Area', name:'', description:'', status:'active', start_date:'2017-01-24', end_date:'', acronym:''})"
"96","CREATE (:organization{resourceNodeTypeID:11211, resourceNodeSubTypeID:NA, ID:1322, label:'Science Branch, Aquatic Resources, Diadromous', name:'', description:'', status:'active', start_date:'2017-01-24', end_date:'', acronym:''})"
"97","CREATE (:organization{resourceNodeTypeID:11211, resourceNodeSubTypeID:NA, ID:1323, label:'Fisheries and Aquaculture Management Branch, Salmonid Enhancement Program, Coastal Ops', name:'', description:'', status:'active', start_date:'2017-01-24', end_date:'', acronym:''})"
"98","CREATE (:organization{resourceNodeTypeID:11211, resourceNodeSubTypeID:NA, ID:1324, label:'Science Branch, Ecosystem, Freshwater', name:'', description:'', status:'active', start_date:'2017-01-24', end_date:'', acronym:''})"
"99","CREATE (:organization{resourceNodeTypeID:11211, resourceNodeSubTypeID:NA, ID:1325, label:'Resource Management', name:'', description:'', status:'active', start_date:'2017-01-24', end_date:'', acronym:''})"
"100","CREATE (:organization{resourceNodeTypeID:11211, resourceNodeSubTypeID:NA, ID:1326, label:'Science Branch, Ocean and Ecosystems Division, Salmon', name:'', description:'', status:'active', start_date:'2017-01-24', end_date:'', acronym:''})"
"101","CREATE (:organization{resourceNodeTypeID:11211, resourceNodeSubTypeID:NA, ID:1327, label:'Science Branch, Aquatic Resources Division, Diadromous Fish Section', name:'', description:'', status:'active', start_date:'2017-01-24', end_date:'', acronym:''})"
"102","CREATE (:organization{resourceNodeTypeID:11211, resourceNodeSubTypeID:NA, ID:1328, label:'Sciences Directorate, ""Demersal, Pelagic and Ecosystem Division""', name:'', description:'', status:'active', start_date:'2017-01-24', end_date:'', acronym:''})"
"103","CREATE (:organization{resourceNodeTypeID:11211, resourceNodeSubTypeID:NA, ID:1329, label:'Fisheries and Aquaculture Management, South Coast Area', name:'', description:'', status:'active', start_date:'2017-01-24', end_date:'', acronym:''})"
"104","CREATE (:organization{resourceNodeTypeID:11211, resourceNodeSubTypeID:NA, ID:1330, label:'Fisheries and Aquaculture Management, North Coast', name:'', description:'', status:'active', start_date:'2017-01-24', end_date:'', acronym:''})"
"105","CREATE (:organization{resourceNodeTypeID:11211, resourceNodeSubTypeID:NA, ID:1331, label:'Fisheries and Aquaculture Management Branch, Stock Assessment Division, Yukon Transboundary Rivers Area', name:'', description:'', status:'active', start_date:'2017-01-24', end_date:'', acronym:''})"
"106","CREATE (:organization{resourceNodeTypeID:11211, resourceNodeSubTypeID:NA, ID:1332, label:'Science Branch, Fraser and Interior Area Stock Assessment', name:'', description:'', status:'active', start_date:'2017-01-24', end_date:'', acronym:''})"
"107","CREATE (:organization{resourceNodeTypeID:11211, resourceNodeSubTypeID:NA, ID:1333, label:'Science Branch, ""Aquatic Resources, Research, and Assessment Division"", Salmon Stock Assessment', name:'', description:'', status:'active', start_date:'2017-01-24', end_date:'', acronym:''})"
"108","CREATE (:organization{resourceNodeTypeID:11211, resourceNodeSubTypeID:NA, ID:1334, label:'Fish Population Science Branch,  Ecosystem Science Directorate,  Ecosystems and Oceans Science Sector', name:'', description:'', status:'active', start_date:'2017-01-24', end_date:'', acronym:''})"
"109","CREATE (:organization{resourceNodeTypeID:11211, resourceNodeSubTypeID:NA, ID:1335, label:'Ecosystems and Fisheries Management, Resource Management', name:'', description:'', status:'active', start_date:'2017-01-24', end_date:'', acronym:''})"
"110","CREATE (:organization{resourceNodeTypeID:11211, resourceNodeSubTypeID:NA, ID:1336, label:'Science Branch, Population Ecology Division, Salmon Section', name:'', description:'', status:'active', start_date:'2017-01-24', end_date:'', acronym:''})"
"111","CREATE (:organization{resourceNodeTypeID:11211, resourceNodeSubTypeID:NA, ID:1337, label:'Regional Director General', name:'', description:'', status:'active', start_date:'2017-01-24', end_date:'', acronym:''})"
"112","CREATE (:organization{resourceNodeTypeID:11211, resourceNodeSubTypeID:NA, ID:1338, label:'Science Branch, Ecosystem Science Division', name:'', description:'', status:'active', start_date:'2017-01-24', end_date:'', acronym:''})"
"113","CREATE (:organization{resourceNodeTypeID:11211, resourceNodeSubTypeID:NA, ID:1339, label:'Science Branch, Diadromous', name:'', description:'', status:'active', start_date:'2017-01-24', end_date:'', acronym:''})"
"114","CREATE (:organization{resourceNodeTypeID:11211, resourceNodeSubTypeID:NA, ID:1340, label:'Fisheries and Aquaculture Management Branch, Yukon Transboundary Rivers Area, Stock Assessment Division', name:'', description:'', status:'active', start_date:'2017-01-24', end_date:'', acronym:''})"
"115","CREATE (:organization{resourceNodeTypeID:11211, resourceNodeSubTypeID:NA, ID:1341, label:'Fisheries and Aquaculture Management Branch, Yukon Transboundary Rivers Area', name:'', description:'', status:'active', start_date:'2017-01-24', end_date:'', acronym:''})"
"116","CREATE (:organization{resourceNodeTypeID:11211, resourceNodeSubTypeID:NA, ID:1342, label:'Science Branch, Coastal Ecosystem Science Division', name:'', description:'', status:'active', start_date:'2017-01-24', end_date:'', acronym:''})"
"117","CREATE (:organization{resourceNodeTypeID:11211, resourceNodeSubTypeID:NA, ID:1343, label:'Science Branch, Basin and Coastal Scale Interactions group at Nanaimo', name:'', description:'', status:'active', start_date:'2017-01-24', end_date:'', acronym:''})"
"118","CREATE (:organization{resourceNodeTypeID:11211, resourceNodeSubTypeID:NA, ID:1344, label:'Science Branch, Ecosystem Division', name:'', description:'', status:'active', start_date:'2017-01-24', end_date:'', acronym:''})"
"119","CREATE (:organization{resourceNodeTypeID:11211, resourceNodeSubTypeID:NA, ID:1345, label:'Science Branch, Stock Assessment, Sockeye', name:'', description:'', status:'active', start_date:'2017-01-24', end_date:'', acronym:''})"
"120","CREATE (:organization{resourceNodeTypeID:11211, resourceNodeSubTypeID:NA, ID:1346, label:'Science Branch, ""Aquatic Resources, Research, and Assessment Division"",  Fraser and Interior Area', name:'', description:'', status:'active', start_date:'2017-01-24', end_date:'', acronym:''})"
"121","CREATE (:organization{resourceNodeTypeID:11211, resourceNodeSubTypeID:NA, ID:1347, label:'Science Branch, Ecosystem and Fisheries Management, Yukon Transboundary Rivers Area', name:'', description:'', status:'active', start_date:'2017-01-24', end_date:'', acronym:''})"
