"","x"
"1","CREATE (:webpage{resourceNodeTypeID:11217, resourceNodeSubTypeID:NA, ID:1348, label:'Wild Salmon Policy', name:'', description:'', status:'active', start_date:'2017-01-24', end_date:'', URL:'http://www.pac.dfo-mpo.gc.ca/consultation/wsp-pss/index-eng.html', accessedDate:''})"
"2","CREATE (:webpage{resourceNodeTypeID:11217, resourceNodeSubTypeID:NA, ID:1349, label:'Fraser Sockeye Spawning Initiative', name:'', description:'', status:'active', start_date:'2017-01-24', end_date:'', URL:'http://www.dfo-mpo.gc.ca/csas-sccs/Publications/ResDocs-DocRech/2011/2011_133-eng.html', accessedDate:''})"
"3","CREATE (:webpage{resourceNodeTypeID:11217, resourceNodeSubTypeID:NA, ID:1350, label:'Fraser Sockeye Spawning Initiative', name:'', description:'', status:'active', start_date:'2017-01-24', end_date:'', URL:'http://publications.gc.ca/collections/collection_2014/mpo-dfo/Fs97-4-2855-eng.pdf', accessedDate:''})"
"4","CREATE (:webpage{resourceNodeTypeID:11217, resourceNodeSubTypeID:NA, ID:1351, label:'Novel Organisms', name:'', description:'', status:'active', start_date:'2017-01-24', end_date:'', URL:'http://dfo-mpo.gc.ca/science/coe-cde/cabrr-crrba/index-eng.html', accessedDate:''})"
"5","CREATE (:webpage{resourceNodeTypeID:11217, resourceNodeSubTypeID:NA, ID:1352, label:'Open Data', name:'', description:'', status:'active', start_date:'2017-01-24', end_date:'', URL:'http://open.canada.ca/data/en/dataset/c48669a3-045b-400d-b730-48aafe8c5ee6  http://www.iobis.org/', accessedDate:''})"
"6","CREATE (:webpage{resourceNodeTypeID:11217, resourceNodeSubTypeID:NA, ID:1353, label:'Open Data', name:'', description:'', status:'active', start_date:'2017-01-24', end_date:'', URL:'http://meetings.pices.int/members/committees/TCODE', accessedDate:''})"
"7","CREATE (:webpage{resourceNodeTypeID:11217, resourceNodeSubTypeID:NA, ID:1354, label:'Smolt predation studies', name:'', description:'', status:'active', start_date:'2017-01-24', end_date:'', URL:'https://vemco.com/using-vemco-tags-to-identify-predation-events/', accessedDate:''})"
"8","CREATE (:webpage{resourceNodeTypeID:11217, resourceNodeSubTypeID:NA, ID:1355, label:'Smolt predation studies', name:'', description:'', status:'active', start_date:'2017-01-24', end_date:'', URL:'https://vemco.com/products/v5-predation-transmitter/', accessedDate:''})"
"9","CREATE (:webpage{resourceNodeTypeID:11217, resourceNodeSubTypeID:NA, ID:1356, label:'Chinook Escapement Estimation', name:'', description:'', status:'active', start_date:'2017-01-24', end_date:'', URL:'http://waves-vagues.dfo-mpo.gc.ca/Library/40567771.pdf', accessedDate:''})"
"10","CREATE (:webpage{resourceNodeTypeID:11217, resourceNodeSubTypeID:NA, ID:1357, label:'Commercial Catch Monitoring', name:'', description:'', status:'active', start_date:'2017-01-24', end_date:'', URL:'http://www.pac.dfo-mpo.gc.ca/fm-gp/docs/framework_monitoring-cadre_surveillance/page-1-eng.html', accessedDate:''})"
"11","CREATE (:webpage{resourceNodeTypeID:11217, resourceNodeSubTypeID:NA, ID:1358, label:'Salmonid Enhancement Production Planning', name:'', description:'', status:'active', start_date:'2017-01-24', end_date:'', URL:'http://publications.gc.ca/collections/collection_2016/mpo-dfo/Fs144-39-2012-eng.pdf', accessedDate:''})"
"12","CREATE (:webpage{resourceNodeTypeID:11217, resourceNodeSubTypeID:NA, ID:1359, label:'Salmonid Enhancement Production Planning', name:'', description:'', status:'active', start_date:'2017-01-24', end_date:'', URL:'http://waves-vagues.dfo-mpo.gc.ca/Library/366032.pdf', accessedDate:''})"
"13","CREATE (:webpage{resourceNodeTypeID:11217, resourceNodeSubTypeID:NA, ID:1360, label:'Salmonid Enhancement Production Planning', name:'', description:'', status:'active', start_date:'2017-01-24', end_date:'', URL:'http://waves-vagues.dfo-mpo.gc.ca/Library/361269.pdf', accessedDate:''})"
"14","CREATE (:webpage{resourceNodeTypeID:11217, resourceNodeSubTypeID:NA, ID:1361, label:'International Year of the Salmon', name:'', description:'', status:'active', start_date:'2017-01-24', end_date:'', URL:'npafc.org/new/science_IYS.html  nasco.int/iys.html', accessedDate:''})"
"15","CREATE (:webpage{resourceNodeTypeID:11217, resourceNodeSubTypeID:NA, ID:1362, label:'Chinook and Chum Population Assessments', name:'', description:'', status:'active', start_date:'2017-01-24', end_date:'', URL:'http://www.yukonriverpanel.com/publications/yukon-river-joint-technical-committee-reports/', accessedDate:''})"
"16","CREATE (:webpage{resourceNodeTypeID:11217, resourceNodeSubTypeID:NA, ID:1363, label:'Arctic Salmon', name:'', description:'', status:'active', start_date:'2017-01-24', end_date:'', URL:'www.facebook.coom/arcticsalmon', accessedDate:''})"
"17","CREATE (:webpage{resourceNodeTypeID:11217, resourceNodeSubTypeID:NA, ID:1364, label:'Arctic Salmon', name:'', description:'', status:'active', start_date:'2017-01-24', end_date:'', URL:'https://www.researchgate.net/publication/305333786_Using_thermal_limits_to_assess_establishment_of_fish_dispersing_to_high-latitude_and_high-elevation_watersheds', accessedDate:''})"
"18","CREATE (:webpage{resourceNodeTypeID:11217, resourceNodeSubTypeID:NA, ID:1365, label:'Arctic Salmon', name:'', description:'', status:'active', start_date:'2017-01-24', end_date:'', URL:'https://www.researchgate.net/publication/272567234_Pacific_Salmon_in_the_Arctic_Harbingers_of_Change', accessedDate:''})"
"19","CREATE (:webpage{resourceNodeTypeID:11217, resourceNodeSubTypeID:NA, ID:1366, label:'Loi sur les espèces en péril (LEP)', name:'', description:'', status:'active', start_date:'2017-01-24', end_date:'', URL:'https://intranet.ent.dfo-mpo.ca/?q=fr/node/578', accessedDate:''})"
"20","CREATE (:webpage{resourceNodeTypeID:11217, resourceNodeSubTypeID:NA, ID:1367, label:'Loi sur les espèces en péril (LEP)', name:'', description:'', status:'active', start_date:'2017-01-24', end_date:'', URL:'http://www.registrelep.gc.ca/document/default_f.cfm?documentID=1917', accessedDate:''})"
"21","CREATE (:webpage{resourceNodeTypeID:11217, resourceNodeSubTypeID:NA, ID:1368, label:'Pathogen Risk', name:'', description:'', status:'active', start_date:'2017-01-24', end_date:'', URL:'http://www.dfo-mpo.gc.ca/aquaculture/parr-prra/index-eng.html', accessedDate:''})"
"22","CREATE (:webpage{resourceNodeTypeID:11217, resourceNodeSubTypeID:NA, ID:1369, label:'ARIS Sonar', name:'', description:'', status:'active', start_date:'2017-01-24', end_date:'', URL:'http://www.soundmetrics.com/Products/ARIS-Sonars', accessedDate:''})"
"23","CREATE (:webpage{resourceNodeTypeID:11217, resourceNodeSubTypeID:NA, ID:1370, label:'Area 25 Roundtable', name:'', description:'', status:'active', start_date:'2017-01-24', end_date:'', URL:'https://www.roundtables.westcoastaquatic.ca/area-25-nootka', accessedDate:''})"
"24","CREATE (:webpage{resourceNodeTypeID:11217, resourceNodeSubTypeID:NA, ID:1371, label:'International Governance', name:'', description:'', status:'active', start_date:'2017-01-24', end_date:'', URL:'http://www.dfo-mpo.gc.ca/science/collaboration/asjv-eng.html', accessedDate:''})"
"25","CREATE (:webpage{resourceNodeTypeID:11217, resourceNodeSubTypeID:NA, ID:1372, label:'Enhancement program planning', name:'', description:'', status:'active', start_date:'2017-01-24', end_date:'', URL:'http://waves-vagues.dfo-mpo.gc.ca/Library/361270.pdf', accessedDate:''})"
"26","CREATE (:webpage{resourceNodeTypeID:11217, resourceNodeSubTypeID:NA, ID:1373, label:'Stock-Habitat-Recruit Models', name:'', description:'', status:'active', start_date:'2017-01-24', end_date:'', URL:'https://sites.google.com/a/s4s.com/sockeye-cumulative-impacts/home/documents-and-figures', accessedDate:''})"
"27","CREATE (:webpage{resourceNodeTypeID:11217, resourceNodeSubTypeID:NA, ID:1374, label:'Salmon Data Lifecycle', name:'', description:'', status:'active', start_date:'2017-01-24', end_date:'', URL:'https://pubs.usgs.gov/of/2013/1265/pdf/of2013-1265.pdf', accessedDate:''})"
"28","CREATE (:webpage{resourceNodeTypeID:11217, resourceNodeSubTypeID:NA, ID:1375, label:'NuSEDS', name:'', description:'', status:'active', start_date:'2017-01-24', end_date:'', URL:'http://open.canada.ca/data/en/dataset/c48669a3-045b-400d-b730-48aafe8c5ee6', accessedDate:''})"
"29","CREATE (:webpage{resourceNodeTypeID:11217, resourceNodeSubTypeID:NA, ID:1376, label:'Roundtables and Treaty Groups', name:'', description:'', status:'active', start_date:'2017-01-24', end_date:'', URL:'http://westcoastaquatic.ca/roundtables', accessedDate:''})"
"30","CREATE (:webpage{resourceNodeTypeID:11217, resourceNodeSubTypeID:NA, ID:1377, label:'Roundtables and Treaty Groups', name:'', description:'', status:'active', start_date:'2017-01-24', end_date:'', URL:'http://www.maanulth.ca', accessedDate:''})"
"31","CREATE (:webpage{resourceNodeTypeID:11217, resourceNodeSubTypeID:NA, ID:1378, label:'Marine Salmon: Climate and Competition', name:'', description:'', status:'active', start_date:'2017-01-24', end_date:'', URL:'https://alaskasalmonandpeople.org/sasap-round-2/#R2Group3', accessedDate:''})"
"32","CREATE (:webpage{resourceNodeTypeID:11217, resourceNodeSubTypeID:NA, ID:1379, label:'Bilateral Chinook/Chum Forecasts', name:'', description:'', status:'active', start_date:'2017-01-24', end_date:'', URL:'http://www.yukonriverpanel.com/publications/yukon-river-joint-technical-committee-reports/', accessedDate:''})"
"33","CREATE (:webpage{resourceNodeTypeID:11217, resourceNodeSubTypeID:NA, ID:1380, label:'Salish Sea Marine Survival', name:'', description:'', status:'active', start_date:'2017-01-24', end_date:'', URL:'http://marinesurvivalproject.com/', accessedDate:''})"
"34","CREATE (:webpage{resourceNodeTypeID:11217, resourceNodeSubTypeID:NA, ID:1381, label:'Enhancement Business Practices', name:'', description:'', status:'active', start_date:'2017-01-24', end_date:'', URL:'http://waves-vagues.dfo-mpo.gc.ca/Library/361269.pdf', accessedDate:''})"
"35","CREATE (:webpage{resourceNodeTypeID:11217, resourceNodeSubTypeID:NA, ID:1382, label:'Enhancement Business Practices', name:'', description:'', status:'active', start_date:'2017-01-24', end_date:'', URL:'http://waves-vagues.dfo-mpo.gc.ca/Library/366032.pdf', accessedDate:''})"
"36","CREATE (:webpage{resourceNodeTypeID:11217, resourceNodeSubTypeID:NA, ID:1383, label:'Columbia River Sockeye Smolts', name:'', description:'', status:'active', start_date:'2017-01-24', end_date:'', URL:'https://sites.google.com/a/s4s.com/sockeye-cumulative-impacts/home/documents-and-figures/SLAM%20talk%202017%20April%2010.pdf', accessedDate:''})"
"37","CREATE (:webpage{resourceNodeTypeID:11217, resourceNodeSubTypeID:NA, ID:1384, label:'Columbia River Sockeye Smolts', name:'', description:'', status:'active', start_date:'2017-01-24', end_date:'', URL:'https://sites.google.com/a/s4s.com/sockeye-cumulative-impacts/home/documents-and-figures/Transit%2010%20–%20a%20status%20report.pdf', accessedDate:''})"
"38","CREATE (:webpage{resourceNodeTypeID:11217, resourceNodeSubTypeID:NA, ID:1385, label:'SEP Integration', name:'', description:'', status:'active', start_date:'2017-01-24', end_date:'', URL:'http://waves-vagues.dfo-mpo.gc.ca/Library/361270.pdf', accessedDate:''})"
"39","CREATE (:webpage{resourceNodeTypeID:11217, resourceNodeSubTypeID:NA, ID:1386, label:'Steelhead and Cutthroat Production', name:'', description:'', status:'active', start_date:'2017-01-24', end_date:'', URL:'www.gofishbc.com', accessedDate:''})"
