"","x"
"1","CREATE (:place{resourceNodeTypeID:11215, resourceNodeSubTypeID:NA, ID:1396, label:'Big Qualicum River Hatchery', name:'', description:'', status:'active', start_date:'2017-01-24', end_date:'', abbreviation:'', alpha2code:'', alpha3code:'', numeric:'', altPlaceType:'', geoJSONStringType:'', geoJSONString:'49.393583, -124.609955', source:'', sourceurl:'NA'})"
"2","CREATE (:place{resourceNodeTypeID:11215, resourceNodeSubTypeID:NA, ID:1397, label:'Bella Coola Field Office', name:'', description:'', status:'active', start_date:'2017-01-24', end_date:'', abbreviation:'', alpha2code:'', alpha3code:'', numeric:'', altPlaceType:'', geoJSONStringType:'', geoJSONString:'NA', source:'', sourceurl:'NA'})"
"3","CREATE (:place{resourceNodeTypeID:11215, resourceNodeSubTypeID:NA, ID:1398, label:'Campbell River (Tamarac)', name:'', description:'', status:'active', start_date:'2017-01-24', end_date:'', abbreviation:'', alpha2code:'', alpha3code:'', numeric:'', altPlaceType:'', geoJSONStringType:'', geoJSONString:'50.030083, -125.273104', source:'', sourceurl:'NA'})"
"4","CREATE (:place{resourceNodeTypeID:11215, resourceNodeSubTypeID:NA, ID:1399, label:'Campbell River Field Office', name:'', description:'', status:'active', start_date:'2017-01-24', end_date:'', abbreviation:'', alpha2code:'', alpha3code:'', numeric:'', altPlaceType:'', geoJSONStringType:'', geoJSONString:'50.024405, -125.243603', source:'', sourceurl:'NA'})"
"5","CREATE (:place{resourceNodeTypeID:11215, resourceNodeSubTypeID:NA, ID:1400, label:'Capilano Salmon Hatchery', name:'', description:'', status:'active', start_date:'2017-01-24', end_date:'', abbreviation:'', alpha2code:'', alpha3code:'', numeric:'', altPlaceType:'', geoJSONStringType:'', geoJSONString:'NA', source:'', sourceurl:'NA'})"
"6","CREATE (:place{resourceNodeTypeID:11215, resourceNodeSubTypeID:NA, ID:1401, label:'Charlottetown (Diadromous)', name:'', description:'', status:'active', start_date:'2017-01-24', end_date:'', abbreviation:'', alpha2code:'', alpha3code:'', numeric:'', altPlaceType:'', geoJSONStringType:'', geoJSONString:'46.236051, -63.127942', source:'', sourceurl:'NA'})"
"7","CREATE (:place{resourceNodeTypeID:11215, resourceNodeSubTypeID:NA, ID:1402, label:'Chehalis River Hatchery', name:'', description:'', status:'active', start_date:'2017-01-24', end_date:'', abbreviation:'', alpha2code:'', alpha3code:'', numeric:'', altPlaceType:'', geoJSONStringType:'', geoJSONString:'49.292882, -121.943626', source:'', sourceurl:'NA'})"
"8","CREATE (:place{resourceNodeTypeID:11215, resourceNodeSubTypeID:NA, ID:1403, label:'Chilliwack Fish Hatchery', name:'', description:'', status:'active', start_date:'2017-01-24', end_date:'', abbreviation:'', alpha2code:'', alpha3code:'', numeric:'', altPlaceType:'', geoJSONStringType:'', geoJSONString:'49.079804, -121.703395', source:'', sourceurl:'NA'})"
"9","CREATE (:place{resourceNodeTypeID:11215, resourceNodeSubTypeID:NA, ID:1404, label:'Chilliwack Field Office', name:'', description:'', status:'active', start_date:'2017-01-24', end_date:'', abbreviation:'', alpha2code:'', alpha3code:'', numeric:'', altPlaceType:'', geoJSONStringType:'', geoJSONString:'NA', source:'', sourceurl:'NA'})"
"10","CREATE (:place{resourceNodeTypeID:11215, resourceNodeSubTypeID:NA, ID:1405, label:'Comox Valley Field Office', name:'', description:'', status:'active', start_date:'2017-01-24', end_date:'', abbreviation:'', alpha2code:'', alpha3code:'', numeric:'', altPlaceType:'', geoJSONStringType:'', geoJSONString:'49.672777, -124.925488', source:'', sourceurl:'NA'})"
"11","CREATE (:place{resourceNodeTypeID:11215, resourceNodeSubTypeID:NA, ID:1406, label:'Conuma River Hatchery', name:'', description:'', status:'active', start_date:'2017-01-24', end_date:'', abbreviation:'', alpha2code:'', alpha3code:'', numeric:'', altPlaceType:'', geoJSONStringType:'', geoJSONString:'NA', source:'', sourceurl:'NA'})"
"12","CREATE (:place{resourceNodeTypeID:11215, resourceNodeSubTypeID:NA, ID:1407, label:'Dewdney Field Office', name:'', description:'', status:'active', start_date:'2017-01-24', end_date:'', abbreviation:'', alpha2code:'', alpha3code:'', numeric:'', altPlaceType:'', geoJSONStringType:'', geoJSONString:'NA', source:'', sourceurl:'NA'})"
"13","CREATE (:place{resourceNodeTypeID:11215, resourceNodeSubTypeID:NA, ID:1408, label:'DFO Gulf Nova Scotia Area Office', name:'', description:'', status:'active', start_date:'2017-01-24', end_date:'', abbreviation:'', alpha2code:'', alpha3code:'', numeric:'', altPlaceType:'', geoJSONStringType:'', geoJSONString:'NA', source:'', sourceurl:'NA'})"
"14","CREATE (:place{resourceNodeTypeID:11215, resourceNodeSubTypeID:NA, ID:1409, label:'Duncan Field Office', name:'', description:'', status:'active', start_date:'2017-01-24', end_date:'', abbreviation:'', alpha2code:'', alpha3code:'', numeric:'', altPlaceType:'', geoJSONStringType:'', geoJSONString:'NA', source:'', sourceurl:'NA'})"
"15","CREATE (:place{resourceNodeTypeID:11215, resourceNodeSubTypeID:NA, ID:1410, label:'Fulton River Spawning Channel', name:'', description:'', status:'active', start_date:'2017-01-24', end_date:'', abbreviation:'', alpha2code:'', alpha3code:'', numeric:'', altPlaceType:'', geoJSONStringType:'', geoJSONString:'NA', source:'', sourceurl:'NA'})"
"16","CREATE (:place{resourceNodeTypeID:11215, resourceNodeSubTypeID:NA, ID:1411, label:'Inch Creek Hatchery', name:'', description:'', status:'active', start_date:'2017-01-24', end_date:'', abbreviation:'', alpha2code:'', alpha3code:'', numeric:'', altPlaceType:'', geoJSONStringType:'', geoJSONString:'NA', source:'', sourceurl:'NA'})"
"17","CREATE (:place{resourceNodeTypeID:11215, resourceNodeSubTypeID:NA, ID:1412, label:'Kitimat River Hatchery', name:'', description:'', status:'active', start_date:'2017-01-24', end_date:'', abbreviation:'', alpha2code:'', alpha3code:'', numeric:'', altPlaceType:'', geoJSONStringType:'', geoJSONString:'NA', source:'', sourceurl:'NA'})"
"18","CREATE (:place{resourceNodeTypeID:11215, resourceNodeSubTypeID:NA, ID:1413, label:'Langley Field Office', name:'', description:'', status:'active', start_date:'2017-01-24', end_date:'', abbreviation:'', alpha2code:'', alpha3code:'', numeric:'', altPlaceType:'', geoJSONStringType:'', geoJSONString:'NA', source:'', sourceurl:'NA'})"
"19","CREATE (:place{resourceNodeTypeID:11215, resourceNodeSubTypeID:NA, ID:1414, label:'Miramichi Salmon Conservation Centre', name:'', description:'', status:'active', start_date:'2017-01-24', end_date:'', abbreviation:'', alpha2code:'', alpha3code:'', numeric:'', altPlaceType:'', geoJSONStringType:'', geoJSONString:'NA', source:'', sourceurl:'NA'})"
"20","CREATE (:place{resourceNodeTypeID:11215, resourceNodeSubTypeID:NA, ID:1415, label:'Marine House', name:'', description:'', status:'active', start_date:'2017-01-24', end_date:'', abbreviation:'', alpha2code:'', alpha3code:'', numeric:'', altPlaceType:'', geoJSONStringType:'', geoJSONString:'NA', source:'', sourceurl:'NA'})"
"21","CREATE (:place{resourceNodeTypeID:11215, resourceNodeSubTypeID:NA, ID:1416, label:'Mission Field Office', name:'', description:'', status:'active', start_date:'2017-01-24', end_date:'', abbreviation:'', alpha2code:'', alpha3code:'', numeric:'', altPlaceType:'', geoJSONStringType:'', geoJSONString:'NA', source:'', sourceurl:'NA'})"
"22","CREATE (:place{resourceNodeTypeID:11215, resourceNodeSubTypeID:NA, ID:1417, label:'Morgan Falls Fishway', name:'', description:'', status:'active', start_date:'2017-01-24', end_date:'', abbreviation:'', alpha2code:'', alpha3code:'', numeric:'', altPlaceType:'', geoJSONStringType:'', geoJSONString:'NA', source:'', sourceurl:'NA'})"
"23","CREATE (:place{resourceNodeTypeID:11215, resourceNodeSubTypeID:NA, ID:1418, label:'Nanaimo (SEP)', name:'', description:'', status:'active', start_date:'2017-01-24', end_date:'', abbreviation:'', alpha2code:'', alpha3code:'', numeric:'', altPlaceType:'', geoJSONStringType:'', geoJSONString:'NA', source:'', sourceurl:'NA'})"
"24","CREATE (:place{resourceNodeTypeID:11215, resourceNodeSubTypeID:NA, ID:1419, label:'Nitinat River Hatchery', name:'', description:'', status:'active', start_date:'2017-01-24', end_date:'', abbreviation:'', alpha2code:'', alpha3code:'', numeric:'', altPlaceType:'', geoJSONStringType:'', geoJSONString:'NA', source:'', sourceurl:'NA'})"
"25","CREATE (:place{resourceNodeTypeID:11215, resourceNodeSubTypeID:NA, ID:1420, label:'PEI Area Office', name:'', description:'', status:'active', start_date:'2017-01-24', end_date:'', abbreviation:'', alpha2code:'', alpha3code:'', numeric:'', altPlaceType:'', geoJSONStringType:'', geoJSONString:'46.277431, -63.149997', source:'', sourceurl:'NA'})"
"26","CREATE (:place{resourceNodeTypeID:11215, resourceNodeSubTypeID:NA, ID:1421, label:'Port Alberni Field Office', name:'', description:'', status:'active', start_date:'2017-01-24', end_date:'', abbreviation:'', alpha2code:'', alpha3code:'', numeric:'', altPlaceType:'', geoJSONStringType:'', geoJSONString:'NA', source:'', sourceurl:'NA'})"
"27","CREATE (:place{resourceNodeTypeID:11215, resourceNodeSubTypeID:NA, ID:1422, label:'Port Hardy Field Office', name:'', description:'', status:'active', start_date:'2017-01-24', end_date:'', abbreviation:'', alpha2code:'', alpha3code:'', numeric:'', altPlaceType:'', geoJSONStringType:'', geoJSONString:'NA', source:'', sourceurl:'NA'})"
"28","CREATE (:place{resourceNodeTypeID:11215, resourceNodeSubTypeID:NA, ID:1423, label:'Puntledge River Hatchery', name:'', description:'', status:'active', start_date:'2017-01-24', end_date:'', abbreviation:'', alpha2code:'', alpha3code:'', numeric:'', altPlaceType:'', geoJSONStringType:'', geoJSONString:'NA', source:'', sourceurl:'NA'})"
"29","CREATE (:place{resourceNodeTypeID:11215, resourceNodeSubTypeID:NA, ID:1424, label:'Queen Charlotte City Field Office', name:'', description:'', status:'active', start_date:'2017-01-24', end_date:'', abbreviation:'', alpha2code:'', alpha3code:'', numeric:'', altPlaceType:'', geoJSONStringType:'', geoJSONString:'NA', source:'', sourceurl:'NA'})"
"30","CREATE (:place{resourceNodeTypeID:11215, resourceNodeSubTypeID:NA, ID:1425, label:'Quinsam River Hatchery', name:'', description:'', status:'active', start_date:'2017-01-24', end_date:'', abbreviation:'', alpha2code:'', alpha3code:'', numeric:'', altPlaceType:'', geoJSONStringType:'', geoJSONString:'NA', source:'', sourceurl:'NA'})"
"31","CREATE (:place{resourceNodeTypeID:11215, resourceNodeSubTypeID:NA, ID:1426, label:'Robertson Creek Hatchery', name:'', description:'', status:'active', start_date:'2017-01-24', end_date:'', abbreviation:'', alpha2code:'', alpha3code:'', numeric:'', altPlaceType:'', geoJSONStringType:'', geoJSONString:'NA', source:'', sourceurl:'NA'})"
"32","CREATE (:place{resourceNodeTypeID:11215, resourceNodeSubTypeID:NA, ID:1427, label:'Smithers Field Office', name:'', description:'', status:'active', start_date:'2017-01-24', end_date:'', abbreviation:'', alpha2code:'', alpha3code:'', numeric:'', altPlaceType:'', geoJSONStringType:'', geoJSONString:'NA', source:'', sourceurl:'NA'})"
"33","CREATE (:place{resourceNodeTypeID:11215, resourceNodeSubTypeID:NA, ID:1428, label:'Snootli Creek Hatchery', name:'', description:'', status:'active', start_date:'2017-01-24', end_date:'', abbreviation:'', alpha2code:'', alpha3code:'', numeric:'', altPlaceType:'', geoJSONStringType:'', geoJSONString:'52.403988, -126.499070', source:'', sourceurl:'NA'})"
"34","CREATE (:place{resourceNodeTypeID:11215, resourceNodeSubTypeID:NA, ID:1429, label:'Spius Creek Hatchery', name:'', description:'', status:'active', start_date:'2017-01-24', end_date:'', abbreviation:'', alpha2code:'', alpha3code:'', numeric:'', altPlaceType:'', geoJSONStringType:'', geoJSONString:'NA', source:'', sourceurl:'NA'})"
"35","CREATE (:place{resourceNodeTypeID:11215, resourceNodeSubTypeID:NA, ID:1430, label:'Squamish Field Office', name:'', description:'', status:'active', start_date:'2017-01-24', end_date:'', abbreviation:'', alpha2code:'', alpha3code:'', numeric:'', altPlaceType:'', geoJSONStringType:'', geoJSONString:'NA', source:'', sourceurl:'NA'})"
"36","CREATE (:place{resourceNodeTypeID:11215, resourceNodeSubTypeID:NA, ID:1431, label:'Steveston Field Office', name:'', description:'', status:'active', start_date:'2017-01-24', end_date:'', abbreviation:'', alpha2code:'', alpha3code:'', numeric:'', altPlaceType:'', geoJSONStringType:'', geoJSONString:'NA', source:'', sourceurl:'NA'})"
"37","CREATE (:place{resourceNodeTypeID:11215, resourceNodeSubTypeID:NA, ID:1432, label:'Tenderfoot Creek Hatchery', name:'', description:'', status:'active', start_date:'2017-01-24', end_date:'', abbreviation:'', alpha2code:'', alpha3code:'', numeric:'', altPlaceType:'', geoJSONStringType:'', geoJSONString:'NA', source:'', sourceurl:'NA'})"
"38","CREATE (:place{resourceNodeTypeID:11215, resourceNodeSubTypeID:NA, ID:1433, label:'Terrace Field Office', name:'', description:'', status:'active', start_date:'2017-01-24', end_date:'', abbreviation:'', alpha2code:'', alpha3code:'', numeric:'', altPlaceType:'', geoJSONStringType:'', geoJSONString:'NA', source:'', sourceurl:'NA'})"
"39","CREATE (:place{resourceNodeTypeID:11215, resourceNodeSubTypeID:NA, ID:1434, label:'Vancouver (SEP)', name:'', description:'', status:'active', start_date:'2017-01-24', end_date:'', abbreviation:'', alpha2code:'', alpha3code:'', numeric:'', altPlaceType:'', geoJSONStringType:'', geoJSONString:'NA', source:'', sourceurl:'NA'})"
"40","CREATE (:place{resourceNodeTypeID:11215, resourceNodeSubTypeID:NA, ID:1435, label:'Williams Lake Field Office', name:'', description:'', status:'active', start_date:'2017-01-24', end_date:'', abbreviation:'', alpha2code:'', alpha3code:'', numeric:'', altPlaceType:'', geoJSONStringType:'', geoJSONString:'NA', source:'', sourceurl:'NA'})"
"41","CREATE (:place{resourceNodeTypeID:11215, resourceNodeSubTypeID:NA, ID:1436, label:'Canada Centre for Insland Waters (Bayfield Institute)', name:'', description:'', status:'active', start_date:'2017-01-24', end_date:'', abbreviation:'', alpha2code:'', alpha3code:'', numeric:'', altPlaceType:'', geoJSONStringType:'', geoJSONString:'43.299472, -79.801421', source:'', sourceurl:'NA'})"
"42","CREATE (:place{resourceNodeTypeID:11215, resourceNodeSubTypeID:NA, ID:1437, label:'Freshwater Institute', name:'', description:'', status:'active', start_date:'2017-01-24', end_date:'', abbreviation:'', alpha2code:'', alpha3code:'', numeric:'', altPlaceType:'', geoJSONStringType:'', geoJSONString:'49.804895, -97.139547', source:'', sourceurl:'NA'})"
"43","CREATE (:place{resourceNodeTypeID:11215, resourceNodeSubTypeID:NA, ID:1438, label:'Sea Lamprey Control Centre', name:'', description:'', status:'active', start_date:'2017-01-24', end_date:'', abbreviation:'', alpha2code:'', alpha3code:'', numeric:'', altPlaceType:'', geoJSONStringType:'', geoJSONString:'46.504060, -84.303345', source:'', sourceurl:'NA'})"
"44","CREATE (:place{resourceNodeTypeID:11215, resourceNodeSubTypeID:NA, ID:1439, label:'HQ', name:'', description:'', status:'active', start_date:'2017-01-24', end_date:'', abbreviation:'', alpha2code:'', alpha3code:'', numeric:'', altPlaceType:'', geoJSONStringType:'', geoJSONString:'45.417170, -75.701199', source:'', sourceurl:'NA'})"
"45","CREATE (:place{resourceNodeTypeID:11215, resourceNodeSubTypeID:NA, ID:1440, label:'Gulf Fisheries Centre', name:'', description:'', status:'active', start_date:'2017-01-24', end_date:'', abbreviation:'', alpha2code:'', alpha3code:'', numeric:'', altPlaceType:'', geoJSONStringType:'', geoJSONString:'46.098059, -64.785095', source:'', sourceurl:'NA'})"
"46","CREATE (:place{resourceNodeTypeID:11215, resourceNodeSubTypeID:NA, ID:1441, label:'Bedford Institute of Oceanography', name:'', description:'', status:'active', start_date:'2017-01-24', end_date:'', abbreviation:'', alpha2code:'', alpha3code:'', numeric:'', altPlaceType:'', geoJSONStringType:'', geoJSONString:'44.682988, -63.611398', source:'', sourceurl:'NA'})"
"47","CREATE (:place{resourceNodeTypeID:11215, resourceNodeSubTypeID:NA, ID:1442, label:'Coldbrook Biodiversity Facility', name:'', description:'', status:'active', start_date:'2017-01-24', end_date:'', abbreviation:'', alpha2code:'', alpha3code:'', numeric:'', altPlaceType:'', geoJSONStringType:'', geoJSONString:'45.060542, -64.600959', source:'', sourceurl:'http://www.inter.dfo-mpo.gc.ca/Maritimes/Biodiversity-Facilities'})"
"48","CREATE (:place{resourceNodeTypeID:11215, resourceNodeSubTypeID:NA, ID:1443, label:'Mactaquac Biodiversity Facility', name:'', description:'', status:'active', start_date:'2017-01-24', end_date:'', abbreviation:'', alpha2code:'', alpha3code:'', numeric:'', altPlaceType:'', geoJSONStringType:'', geoJSONString:'45.958506, -66.841565', source:'', sourceurl:'http://www.inter.dfo-mpo.gc.ca/Maritimes/Biodiversity-Facilities#details-panel2'})"
"49","CREATE (:place{resourceNodeTypeID:11215, resourceNodeSubTypeID:NA, ID:1444, label:'St. Andrews Biological Station', name:'', description:'', status:'active', start_date:'2017-01-24', end_date:'', abbreviation:'', alpha2code:'', alpha3code:'', numeric:'', altPlaceType:'', geoJSONStringType:'', geoJSONString:'45.081951, -67.083831', source:'', sourceurl:'NA'})"
"50","CREATE (:place{resourceNodeTypeID:11215, resourceNodeSubTypeID:NA, ID:1445, label:'Northwest Atlantic Fisheries Centre', name:'', description:'', status:'active', start_date:'2017-01-24', end_date:'', abbreviation:'', alpha2code:'', alpha3code:'', numeric:'', altPlaceType:'', geoJSONStringType:'', geoJSONString:'47.587768, -52.678628', source:'', sourceurl:'NA'})"
"51","CREATE (:place{resourceNodeTypeID:11215, resourceNodeSubTypeID:NA, ID:1446, label:'Institute Maurice Lamontagne', name:'', description:'', status:'active', start_date:'2017-01-24', end_date:'', abbreviation:'', alpha2code:'', alpha3code:'', numeric:'', altPlaceType:'', geoJSONStringType:'', geoJSONString:'48.640212, -68.155200', source:'', sourceurl:'NA'})"
"52","CREATE (:place{resourceNodeTypeID:11215, resourceNodeSubTypeID:NA, ID:1447, label:'Pacific Biological Station', name:'', description:'', status:'active', start_date:'2017-01-24', end_date:'', abbreviation:'', alpha2code:'', alpha3code:'', numeric:'', altPlaceType:'', geoJSONStringType:'', geoJSONString:'49.210562, -123.955015', source:'', sourceurl:'http://www.pac.dfo-mpo.gc.ca/science/facilities-installations/index-eng.html#pbs'})"
"53","CREATE (:place{resourceNodeTypeID:11215, resourceNodeSubTypeID:NA, ID:1448, label:'Simon Fraser University', name:'', description:'', status:'active', start_date:'2017-01-24', end_date:'', abbreviation:'', alpha2code:'', alpha3code:'', numeric:'', altPlaceType:'', geoJSONStringType:'', geoJSONString:'49.272474, -122.915659', source:'', sourceurl:'NA'})"
"54","CREATE (:place{resourceNodeTypeID:11215, resourceNodeSubTypeID:NA, ID:1449, label:'Institute of Ocean Sciences', name:'', description:'', status:'active', start_date:'2017-01-24', end_date:'', abbreviation:'', alpha2code:'', alpha3code:'', numeric:'', altPlaceType:'', geoJSONStringType:'', geoJSONString:'48.650327, -123.449323', source:'', sourceurl:'http://www.pac.dfo-mpo.gc.ca/science/facilities-installations/index-eng.html#ios'})"
"55","CREATE (:place{resourceNodeTypeID:11215, resourceNodeSubTypeID:NA, ID:1450, label:'Cultus Lake Salmon Research Laboratory', name:'', description:'', status:'active', start_date:'2017-01-24', end_date:'', abbreviation:'', alpha2code:'', alpha3code:'', numeric:'', altPlaceType:'', geoJSONStringType:'', geoJSONString:'49.078865, -121.978975', source:'', sourceurl:'http://www.pac.dfo-mpo.gc.ca/science/facilities-installations/index-eng.html'})"
"56","CREATE (:place{resourceNodeTypeID:11215, resourceNodeSubTypeID:NA, ID:1451, label:'Whitehorse Field Office', name:'', description:'', status:'active', start_date:'2017-01-24', end_date:'', abbreviation:'', alpha2code:'', alpha3code:'', numeric:'', altPlaceType:'', geoJSONStringType:'', geoJSONString:'7576, -135.088733', source:'', sourceurl:'NA'})"
"57","CREATE (:place{resourceNodeTypeID:11215, resourceNodeSubTypeID:NA, ID:1452, label:'Prince Rupert Field Office', name:'', description:'', status:'active', start_date:'2017-01-24', end_date:'', abbreviation:'', alpha2code:'', alpha3code:'', numeric:'', altPlaceType:'', geoJSONStringType:'', geoJSONString:'54.313011, -130.325488', source:'', sourceurl:'NA'})"
"58","CREATE (:place{resourceNodeTypeID:11215, resourceNodeSubTypeID:NA, ID:1453, label:'South Coast Area Office', name:'', description:'', status:'active', start_date:'2017-01-24', end_date:'', abbreviation:'', alpha2code:'', alpha3code:'', numeric:'', altPlaceType:'', geoJSONStringType:'', geoJSONString:'49.212698, -123.955094', source:'', sourceurl:'NA'})"
"59","CREATE (:place{resourceNodeTypeID:11215, resourceNodeSubTypeID:NA, ID:1454, label:'Kamloops Field Office', name:'', description:'', status:'active', start_date:'2017-01-24', end_date:'', abbreviation:'', alpha2code:'', alpha3code:'', numeric:'', altPlaceType:'', geoJSONStringType:'', geoJSONString:'50.668489, -120.373194', source:'', sourceurl:'NA'})"
"60","CREATE (:place{resourceNodeTypeID:11215, resourceNodeSubTypeID:NA, ID:1455, label:'Vancouver (RHQ)', name:'', description:'', status:'active', start_date:'2017-01-24', end_date:'', abbreviation:'', alpha2code:'', alpha3code:'', numeric:'', altPlaceType:'', geoJSONStringType:'', geoJSONString:'49.287088, -123.117589', source:'', sourceurl:'NA'})"
"61","CREATE (:place{resourceNodeTypeID:11215, resourceNodeSubTypeID:NA, ID:1456, label:'Centre for Aquaculture and Environmental Research', name:'', description:'', status:'active', start_date:'2017-01-24', end_date:'', abbreviation:'', alpha2code:'', alpha3code:'', numeric:'', altPlaceType:'', geoJSONStringType:'', geoJSONString:'49.340709, -123.233390', source:'', sourceurl:'NA'})"
"62","CREATE (:place{resourceNodeTypeID:11215, resourceNodeSubTypeID:NA, ID:1457, label:'Annacis Island', name:'', description:'', status:'active', start_date:'2017-01-24', end_date:'', abbreviation:'', alpha2code:'', alpha3code:'', numeric:'', altPlaceType:'', geoJSONStringType:'', geoJSONString:'49.193232, -122.919530', source:'', sourceurl:'NA'})"
