"","x"
"1","CREATE (:idea{resourceNodeTypeID:11233, resourceNodeSubTypeID:NA, ID:367, label:'Aboriginal organisations', name:'', description:'', status:'active', start_date:'2017-01-24', end_date:''})"
"2","CREATE (:idea{resourceNodeTypeID:11233, resourceNodeSubTypeID:NA, ID:368, label:'Aboriginal organisations  science', name:'', description:'', status:'active', start_date:'2017-01-24', end_date:''})"
"3","CREATE (:idea{resourceNodeTypeID:11233, resourceNodeSubTypeID:NA, ID:369, label:'Aboriginal Organisations Science', name:'', description:'', status:'active', start_date:'2017-01-24', end_date:''})"
"4","CREATE (:idea{resourceNodeTypeID:11233, resourceNodeSubTypeID:NA, ID:370, label:'acoustic tag tech', name:'', description:'Vemco VR2W receivers and Vemco V8 transmitters.', status:'active', start_date:'2017-01-24', end_date:''})"
"5","CREATE (:idea{resourceNodeTypeID:11233, resourceNodeSubTypeID:NA, ID:371, label:'acoustic telemetry', name:'', description:'', status:'active', start_date:'2017-01-24', end_date:''})"
"6","CREATE (:idea{resourceNodeTypeID:11233, resourceNodeSubTypeID:NA, ID:372, label:'acoustics', name:'', description:'', status:'active', start_date:'2017-01-24', end_date:''})"
"7","CREATE (:idea{resourceNodeTypeID:11233, resourceNodeSubTypeID:NA, ID:373, label:'adipose clip', name:'', description:'', status:'active', start_date:'2017-01-24', end_date:''})"
"8","CREATE (:idea{resourceNodeTypeID:11233, resourceNodeSubTypeID:NA, ID:374, label:'adult enumeration', name:'', description:'', status:'active', start_date:'2017-01-24', end_date:''})"
"9","CREATE (:idea{resourceNodeTypeID:11233, resourceNodeSubTypeID:NA, ID:375, label:'adult returns', name:'', description:'', status:'active', start_date:'2017-01-24', end_date:''})"
"10","CREATE (:idea{resourceNodeTypeID:11233, resourceNodeSubTypeID:NA, ID:376, label:'age', name:'', description:'', status:'active', start_date:'2017-01-24', end_date:''})"
"11","CREATE (:idea{resourceNodeTypeID:11233, resourceNodeSubTypeID:NA, ID:377, label:'Alaska', name:'', description:'', status:'active', start_date:'2017-01-24', end_date:''})"
"12","CREATE (:idea{resourceNodeTypeID:11233, resourceNodeSubTypeID:NA, ID:378, label:'angling opportunities', name:'', description:'', status:'active', start_date:'2017-01-24', end_date:''})"
"13","CREATE (:idea{resourceNodeTypeID:11233, resourceNodeSubTypeID:NA, ID:379, label:'anthropic stressors', name:'', description:'', status:'active', start_date:'2017-01-24', end_date:''})"
"14","CREATE (:idea{resourceNodeTypeID:11233, resourceNodeSubTypeID:NA, ID:380, label:'aquaculture', name:'', description:'', status:'active', start_date:'2017-01-24', end_date:''})"
"15","CREATE (:idea{resourceNodeTypeID:11233, resourceNodeSubTypeID:NA, ID:381, label:'Arctic', name:'', description:'', status:'active', start_date:'2017-01-24', end_date:''})"
"16","CREATE (:idea{resourceNodeTypeID:11233, resourceNodeSubTypeID:NA, ID:382, label:'ARIS', name:'', description:'Adaptive Resolution Imaging Sonar for counting fish passage and estimating behaviour and size distributions of salmon', status:'active', start_date:'2017-01-24', end_date:''})"
"17","CREATE (:idea{resourceNodeTypeID:11233, resourceNodeSubTypeID:NA, ID:383, label:'assessment', name:'', description:'', status:'active', start_date:'2017-01-24', end_date:''})"
"18","CREATE (:idea{resourceNodeTypeID:11233, resourceNodeSubTypeID:NA, ID:384, label:'assessment planning', name:'', description:'', status:'active', start_date:'2017-01-24', end_date:''})"
"19","CREATE (:idea{resourceNodeTypeID:11233, resourceNodeSubTypeID:NA, ID:385, label:'Atlantic salmon', name:'', description:'', status:'active', start_date:'2017-01-24', end_date:''})"
"20","CREATE (:idea{resourceNodeTypeID:11233, resourceNodeSubTypeID:NA, ID:386, label:'audits', name:'', description:'', status:'active', start_date:'2017-01-24', end_date:''})"
"21","CREATE (:idea{resourceNodeTypeID:11233, resourceNodeSubTypeID:NA, ID:387, label:'AUV', name:'', description:'autonomous underwater vehicle', status:'active', start_date:'2017-01-24', end_date:''})"
"22","CREATE (:idea{resourceNodeTypeID:11233, resourceNodeSubTypeID:NA, ID:388, label:'behavior', name:'', description:'', status:'active', start_date:'2017-01-24', end_date:''})"
"23","CREATE (:idea{resourceNodeTypeID:11233, resourceNodeSubTypeID:NA, ID:389, label:'brood collection', name:'', description:'', status:'active', start_date:'2017-01-24', end_date:''})"
"24","CREATE (:idea{resourceNodeTypeID:11233, resourceNodeSubTypeID:NA, ID:390, label:'broodstock collection', name:'', description:'', status:'active', start_date:'2017-01-24', end_date:''})"
"25","CREATE (:idea{resourceNodeTypeID:11233, resourceNodeSubTypeID:NA, ID:391, label:'budgets', name:'', description:'', status:'active', start_date:'2017-01-24', end_date:''})"
"26","CREATE (:idea{resourceNodeTypeID:11233, resourceNodeSubTypeID:NA, ID:392, label:'business practices', name:'', description:'', status:'active', start_date:'2017-01-24', end_date:''})"
"27","CREATE (:idea{resourceNodeTypeID:11233, resourceNodeSubTypeID:NA, ID:393, label:'catch monitoring', name:'', description:'', status:'active', start_date:'2017-01-24', end_date:''})"
"28","CREATE (:idea{resourceNodeTypeID:11233, resourceNodeSubTypeID:NA, ID:394, label:'catch per set', name:'', description:'', status:'active', start_date:'2017-01-24', end_date:''})"
"29","CREATE (:idea{resourceNodeTypeID:11233, resourceNodeSubTypeID:NA, ID:395, label:'catch reporting', name:'', description:'', status:'active', start_date:'2017-01-24', end_date:''})"
"30","CREATE (:idea{resourceNodeTypeID:11233, resourceNodeSubTypeID:NA, ID:396, label:'catches', name:'', description:'catch Monitoring and reporting', status:'active', start_date:'2017-01-24', end_date:''})"
"31","CREATE (:idea{resourceNodeTypeID:11233, resourceNodeSubTypeID:NA, ID:397, label:'CEDP', name:'', description:'', status:'active', start_date:'2017-01-24', end_date:''})"
"32","CREATE (:idea{resourceNodeTypeID:11233, resourceNodeSubTypeID:NA, ID:398, label:'Chinook', name:'', description:'', status:'active', start_date:'2017-01-24', end_date:''})"
"33","CREATE (:idea{resourceNodeTypeID:11233, resourceNodeSubTypeID:NA, ID:399, label:'chum', name:'', description:'', status:'active', start_date:'2017-01-24', end_date:''})"
"34","CREATE (:idea{resourceNodeTypeID:11233, resourceNodeSubTypeID:NA, ID:400, label:'Chum', name:'', description:'', status:'active', start_date:'2017-01-24', end_date:''})"
"35","CREATE (:idea{resourceNodeTypeID:11233, resourceNodeSubTypeID:NA, ID:401, label:'citizen science', name:'', description:'', status:'active', start_date:'2017-01-24', end_date:''})"
"36","CREATE (:idea{resourceNodeTypeID:11233, resourceNodeSubTypeID:NA, ID:402, label:'clients', name:'', description:'', status:'active', start_date:'2017-01-24', end_date:''})"
"37","CREATE (:idea{resourceNodeTypeID:11233, resourceNodeSubTypeID:NA, ID:403, label:'climate', name:'', description:'', status:'active', start_date:'2017-01-24', end_date:''})"
"38","CREATE (:idea{resourceNodeTypeID:11233, resourceNodeSubTypeID:NA, ID:404, label:'climate change', name:'', description:'', status:'active', start_date:'2017-01-24', end_date:''})"
"39","CREATE (:idea{resourceNodeTypeID:11233, resourceNodeSubTypeID:NA, ID:405, label:'climate effects', name:'', description:'', status:'active', start_date:'2017-01-24', end_date:''})"
"40","CREATE (:idea{resourceNodeTypeID:11233, resourceNodeSubTypeID:NA, ID:406, label:'Coho', name:'', description:'', status:'active', start_date:'2017-01-24', end_date:''})"
"41","CREATE (:idea{resourceNodeTypeID:11233, resourceNodeSubTypeID:NA, ID:407, label:'collaboration', name:'', description:'', status:'active', start_date:'2017-01-24', end_date:''})"
"42","CREATE (:idea{resourceNodeTypeID:11233, resourceNodeSubTypeID:NA, ID:408, label:'colonization', name:'', description:'', status:'active', start_date:'2017-01-24', end_date:''})"
"43","CREATE (:idea{resourceNodeTypeID:11233, resourceNodeSubTypeID:NA, ID:409, label:'commercial fisheries', name:'', description:'', status:'active', start_date:'2017-01-24', end_date:''})"
"44","CREATE (:idea{resourceNodeTypeID:11233, resourceNodeSubTypeID:NA, ID:410, label:'communication', name:'', description:'', status:'active', start_date:'2017-01-24', end_date:''})"
"45","CREATE (:idea{resourceNodeTypeID:11233, resourceNodeSubTypeID:NA, ID:411, label:'communications', name:'', description:'', status:'active', start_date:'2017-01-24', end_date:''})"
"46","CREATE (:idea{resourceNodeTypeID:11233, resourceNodeSubTypeID:NA, ID:412, label:'compliance', name:'', description:'', status:'active', start_date:'2017-01-24', end_date:''})"
"47","CREATE (:idea{resourceNodeTypeID:11233, resourceNodeSubTypeID:NA, ID:413, label:'connectivity', name:'', description:'', status:'active', start_date:'2017-01-24', end_date:''})"
"48","CREATE (:idea{resourceNodeTypeID:11233, resourceNodeSubTypeID:NA, ID:414, label:'conservation', name:'', description:'', status:'active', start_date:'2017-01-24', end_date:''})"
"49","CREATE (:idea{resourceNodeTypeID:11233, resourceNodeSubTypeID:NA, ID:415, label:'conservation unit', name:'', description:'', status:'active', start_date:'2017-01-24', end_date:''})"
"50","CREATE (:idea{resourceNodeTypeID:11233, resourceNodeSubTypeID:NA, ID:416, label:'conservation units', name:'', description:'', status:'active', start_date:'2017-01-24', end_date:''})"
"51","CREATE (:idea{resourceNodeTypeID:11233, resourceNodeSubTypeID:NA, ID:417, label:'Conservation Units', name:'', description:'', status:'active', start_date:'2017-01-24', end_date:''})"
"52","CREATE (:idea{resourceNodeTypeID:11233, resourceNodeSubTypeID:NA, ID:418, label:'consultation', name:'', description:'', status:'active', start_date:'2017-01-24', end_date:''})"
"53","CREATE (:idea{resourceNodeTypeID:11233, resourceNodeSubTypeID:NA, ID:419, label:'cross-sector', name:'', description:'', status:'active', start_date:'2017-01-24', end_date:''})"
"54","CREATE (:idea{resourceNodeTypeID:11233, resourceNodeSubTypeID:NA, ID:420, label:'cutthroat', name:'', description:'', status:'active', start_date:'2017-01-24', end_date:''})"
"55","CREATE (:idea{resourceNodeTypeID:11233, resourceNodeSubTypeID:NA, ID:421, label:'CWT', name:'', description:'coded wire taggingcoded wire tag', status:'active', start_date:'2017-01-24', end_date:''})"
"56","CREATE (:idea{resourceNodeTypeID:11233, resourceNodeSubTypeID:NA, ID:422, label:'cyanobacteria.', name:'', description:'', status:'active', start_date:'2017-01-24', end_date:''})"
"57","CREATE (:idea{resourceNodeTypeID:11233, resourceNodeSubTypeID:NA, ID:423, label:'dam', name:'', description:'', status:'active', start_date:'2017-01-24', end_date:''})"
"58","CREATE (:idea{resourceNodeTypeID:11233, resourceNodeSubTypeID:NA, ID:424, label:'data lifecycle', name:'', description:'data lifecycle,plan,process,preserve,publish,share,review,audit', status:'active', start_date:'2017-01-24', end_date:''})"
"59","CREATE (:idea{resourceNodeTypeID:11233, resourceNodeSubTypeID:NA, ID:425, label:'data management', name:'', description:'', status:'active', start_date:'2017-01-24', end_date:''})"
"60","CREATE (:idea{resourceNodeTypeID:11233, resourceNodeSubTypeID:NA, ID:426, label:'data request', name:'', description:'', status:'active', start_date:'2017-01-24', end_date:''})"
"61","CREATE (:idea{resourceNodeTypeID:11233, resourceNodeSubTypeID:NA, ID:427, label:'data sharing', name:'', description:'', status:'active', start_date:'2017-01-24', end_date:''})"
"62","CREATE (:idea{resourceNodeTypeID:11233, resourceNodeSubTypeID:NA, ID:428, label:'data standards', name:'', description:'', status:'active', start_date:'2017-01-24', end_date:''})"
"63","CREATE (:idea{resourceNodeTypeID:11233, resourceNodeSubTypeID:NA, ID:429, label:'data-limited CU', name:'', description:'conservation units without sufficient data for conventional fisheries management models', status:'active', start_date:'2017-01-24', end_date:''})"
"64","CREATE (:idea{resourceNodeTypeID:11233, resourceNodeSubTypeID:NA, ID:430, label:'density dependence', name:'', description:'', status:'active', start_date:'2017-01-24', end_date:''})"
"65","CREATE (:idea{resourceNodeTypeID:11233, resourceNodeSubTypeID:NA, ID:431, label:'density estimation', name:'', description:'', status:'active', start_date:'2017-01-24', end_date:''})"
"66","CREATE (:idea{resourceNodeTypeID:11233, resourceNodeSubTypeID:NA, ID:432, label:'design outreach models', name:'', description:'', status:'active', start_date:'2017-01-24', end_date:''})"
"67","CREATE (:idea{resourceNodeTypeID:11233, resourceNodeSubTypeID:NA, ID:433, label:'DFO integration', name:'', description:'', status:'active', start_date:'2017-01-24', end_date:''})"
"68","CREATE (:idea{resourceNodeTypeID:11233, resourceNodeSubTypeID:NA, ID:434, label:'DFO priorities', name:'', description:'', status:'active', start_date:'2017-01-24', end_date:''})"
"69","CREATE (:idea{resourceNodeTypeID:11233, resourceNodeSubTypeID:NA, ID:435, label:'diet', name:'', description:'', status:'active', start_date:'2017-01-24', end_date:''})"
"70","CREATE (:idea{resourceNodeTypeID:11233, resourceNodeSubTypeID:NA, ID:436, label:'disease', name:'', description:'', status:'active', start_date:'2017-01-24', end_date:''})"
"71","CREATE (:idea{resourceNodeTypeID:11233, resourceNodeSubTypeID:NA, ID:437, label:'disease risk', name:'', description:'pathogen transfer risk assessment', status:'active', start_date:'2017-01-24', end_date:''})"
"72","CREATE (:idea{resourceNodeTypeID:11233, resourceNodeSubTypeID:NA, ID:438, label:'distributional shifts', name:'', description:'', status:'active', start_date:'2017-01-24', end_date:''})"
"73","CREATE (:idea{resourceNodeTypeID:11233, resourceNodeSubTypeID:NA, ID:439, label:'domestication', name:'', description:'', status:'active', start_date:'2017-01-24', end_date:''})"
"74","CREATE (:idea{resourceNodeTypeID:11233, resourceNodeSubTypeID:NA, ID:440, label:'drone mapping', name:'', description:'', status:'active', start_date:'2017-01-24', end_date:''})"
"75","CREATE (:idea{resourceNodeTypeID:11233, resourceNodeSubTypeID:NA, ID:441, label:'early marine growth', name:'', description:'', status:'active', start_date:'2017-01-24', end_date:''})"
"76","CREATE (:idea{resourceNodeTypeID:11233, resourceNodeSubTypeID:NA, ID:442, label:'ecosystem model', name:'', description:'', status:'active', start_date:'2017-01-24', end_date:''})"
"77","CREATE (:idea{resourceNodeTypeID:11233, resourceNodeSubTypeID:NA, ID:443, label:'egg collection', name:'', description:'', status:'active', start_date:'2017-01-24', end_date:''})"
"78","CREATE (:idea{resourceNodeTypeID:11233, resourceNodeSubTypeID:NA, ID:444, label:'electrofishing', name:'', description:'', status:'active', start_date:'2017-01-24', end_date:''})"
"79","CREATE (:idea{resourceNodeTypeID:11233, resourceNodeSubTypeID:NA, ID:445, label:'enforcement', name:'', description:'', status:'active', start_date:'2017-01-24', end_date:''})"
"80","CREATE (:idea{resourceNodeTypeID:11233, resourceNodeSubTypeID:NA, ID:446, label:'engagement', name:'', description:'engage with user groups and adapt models using a case study approach', status:'active', start_date:'2017-01-24', end_date:''})"
"81","CREATE (:idea{resourceNodeTypeID:11233, resourceNodeSubTypeID:NA, ID:447, label:'enhancement', name:'', description:'', status:'active', start_date:'2017-01-24', end_date:''})"
"82","CREATE (:idea{resourceNodeTypeID:11233, resourceNodeSubTypeID:NA, ID:448, label:'enumeration', name:'', description:'', status:'active', start_date:'2017-01-24', end_date:''})"
"83","CREATE (:idea{resourceNodeTypeID:11233, resourceNodeSubTypeID:NA, ID:449, label:'escapement', name:'', description:'', status:'active', start_date:'2017-01-24', end_date:''})"
"84","CREATE (:idea{resourceNodeTypeID:11233, resourceNodeSubTypeID:NA, ID:450, label:'escapement plans', name:'', description:'', status:'active', start_date:'2017-01-24', end_date:''})"
"85","CREATE (:idea{resourceNodeTypeID:11233, resourceNodeSubTypeID:NA, ID:451, label:'estuaries', name:'', description:'', status:'active', start_date:'2017-01-24', end_date:''})"
"86","CREATE (:idea{resourceNodeTypeID:11233, resourceNodeSubTypeID:NA, ID:452, label:'fatty acids', name:'', description:'', status:'active', start_date:'2017-01-24', end_date:''})"
"87","CREATE (:idea{resourceNodeTypeID:11233, resourceNodeSubTypeID:NA, ID:453, label:'First Nations', name:'', description:'', status:'active', start_date:'2017-01-24', end_date:''})"
"88","CREATE (:idea{resourceNodeTypeID:11233, resourceNodeSubTypeID:NA, ID:454, label:'First Nations fisheries', name:'', description:'', status:'active', start_date:'2017-01-24', end_date:''})"
"89","CREATE (:idea{resourceNodeTypeID:11233, resourceNodeSubTypeID:NA, ID:455, label:'fish fence', name:'', description:'', status:'active', start_date:'2017-01-24', end_date:''})"
"90","CREATE (:idea{resourceNodeTypeID:11233, resourceNodeSubTypeID:NA, ID:456, label:'fish habitat research', name:'', description:'', status:'active', start_date:'2017-01-24', end_date:''})"
"91","CREATE (:idea{resourceNodeTypeID:11233, resourceNodeSubTypeID:NA, ID:457, label:'fish passage', name:'', description:'', status:'active', start_date:'2017-01-24', end_date:''})"
"92","CREATE (:idea{resourceNodeTypeID:11233, resourceNodeSubTypeID:NA, ID:458, label:'fish productivity', name:'', description:'', status:'active', start_date:'2017-01-24', end_date:''})"
"93","CREATE (:idea{resourceNodeTypeID:11233, resourceNodeSubTypeID:NA, ID:459, label:'fish releases or stocking', name:'', description:'', status:'active', start_date:'2017-01-24', end_date:''})"
"94","CREATE (:idea{resourceNodeTypeID:11233, resourceNodeSubTypeID:NA, ID:460, label:'fish travel time', name:'', description:'', status:'active', start_date:'2017-01-24', end_date:''})"
"95","CREATE (:idea{resourceNodeTypeID:11233, resourceNodeSubTypeID:NA, ID:461, label:'fish-forestry interactions', name:'', description:'', status:'active', start_date:'2017-01-24', end_date:''})"
"96","CREATE (:idea{resourceNodeTypeID:11233, resourceNodeSubTypeID:NA, ID:462, label:'fisheries management', name:'', description:'', status:'active', start_date:'2017-01-24', end_date:''})"
"97","CREATE (:idea{resourceNodeTypeID:11233, resourceNodeSubTypeID:NA, ID:463, label:'Fisheries monitoring', name:'', description:'', status:'active', start_date:'2017-01-24', end_date:''})"
"98","CREATE (:idea{resourceNodeTypeID:11233, resourceNodeSubTypeID:NA, ID:464, label:'fishway', name:'', description:'new fishway or fish passage  facility construction', status:'active', start_date:'2017-01-24', end_date:''})"
"99","CREATE (:idea{resourceNodeTypeID:11233, resourceNodeSubTypeID:NA, ID:465, label:'forecasting', name:'', description:'', status:'active', start_date:'2017-01-24', end_date:''})"
"100","CREATE (:idea{resourceNodeTypeID:11233, resourceNodeSubTypeID:NA, ID:466, label:'freshwater census', name:'', description:'censusing adult salmon in pools', status:'active', start_date:'2017-01-24', end_date:''})"
"101","CREATE (:idea{resourceNodeTypeID:11233, resourceNodeSubTypeID:NA, ID:467, label:'freshwater habitat', name:'', description:'', status:'active', start_date:'2017-01-24', end_date:''})"
"102","CREATE (:idea{resourceNodeTypeID:11233, resourceNodeSubTypeID:NA, ID:468, label:'freshwater juvenile abundance', name:'', description:'', status:'active', start_date:'2017-01-24', end_date:''})"
"103","CREATE (:idea{resourceNodeTypeID:11233, resourceNodeSubTypeID:NA, ID:469, label:'freshwater survival', name:'', description:'', status:'active', start_date:'2017-01-24', end_date:''})"
"104","CREATE (:idea{resourceNodeTypeID:11233, resourceNodeSubTypeID:NA, ID:470, label:'FSC', name:'', description:'Food,social,and ceremonial fishery', status:'active', start_date:'2017-01-24', end_date:''})"
"105","CREATE (:idea{resourceNodeTypeID:11233, resourceNodeSubTypeID:NA, ID:471, label:'funding programs', name:'', description:'', status:'active', start_date:'2017-01-24', end_date:''})"
"106","CREATE (:idea{resourceNodeTypeID:11233, resourceNodeSubTypeID:NA, ID:472, label:'genetics', name:'', description:'', status:'active', start_date:'2017-01-24', end_date:''})"
"107","CREATE (:idea{resourceNodeTypeID:11233, resourceNodeSubTypeID:NA, ID:473, label:'GIS', name:'', description:'high-resolution georeferenced maps', status:'active', start_date:'2017-01-24', end_date:''})"
"108","CREATE (:idea{resourceNodeTypeID:11233, resourceNodeSubTypeID:NA, ID:474, label:'GMO', name:'', description:'genetically modified organisms', status:'active', start_date:'2017-01-24', end_date:''})"
"109","CREATE (:idea{resourceNodeTypeID:11233, resourceNodeSubTypeID:NA, ID:475, label:'growth', name:'', description:'', status:'active', start_date:'2017-01-24', end_date:''})"
"110","CREATE (:idea{resourceNodeTypeID:11233, resourceNodeSubTypeID:NA, ID:476, label:'growth indicators', name:'', description:'', status:'active', start_date:'2017-01-24', end_date:''})"
"111","CREATE (:idea{resourceNodeTypeID:11233, resourceNodeSubTypeID:NA, ID:477, label:'guardian', name:'', description:'', status:'active', start_date:'2017-01-24', end_date:''})"
"112","CREATE (:idea{resourceNodeTypeID:11233, resourceNodeSubTypeID:NA, ID:478, label:'guidelines', name:'', description:'', status:'active', start_date:'2017-01-24', end_date:''})"
"113","CREATE (:idea{resourceNodeTypeID:11233, resourceNodeSubTypeID:NA, ID:479, label:'habitat compensation', name:'', description:'', status:'active', start_date:'2017-01-24', end_date:''})"
"114","CREATE (:idea{resourceNodeTypeID:11233, resourceNodeSubTypeID:NA, ID:480, label:'habitat features', name:'', description:'', status:'active', start_date:'2017-01-24', end_date:''})"
"115","CREATE (:idea{resourceNodeTypeID:11233, resourceNodeSubTypeID:NA, ID:481, label:'habitat indicators', name:'', description:'', status:'active', start_date:'2017-01-24', end_date:''})"
"116","CREATE (:idea{resourceNodeTypeID:11233, resourceNodeSubTypeID:NA, ID:482, label:'habitat management', name:'', description:'', status:'active', start_date:'2017-01-24', end_date:''})"
"117","CREATE (:idea{resourceNodeTypeID:11233, resourceNodeSubTypeID:NA, ID:483, label:'habitat-based benchmarks', name:'', description:'', status:'active', start_date:'2017-01-24', end_date:''})"
"118","CREATE (:idea{resourceNodeTypeID:11233, resourceNodeSubTypeID:NA, ID:484, label:'hatchery', name:'', description:'', status:'active', start_date:'2017-01-24', end_date:''})"
"119","CREATE (:idea{resourceNodeTypeID:11233, resourceNodeSubTypeID:NA, ID:485, label:'hydro-acoustics', name:'', description:'', status:'active', start_date:'2017-01-24', end_date:''})"
"120","CREATE (:idea{resourceNodeTypeID:11233, resourceNodeSubTypeID:NA, ID:486, label:'hydroacoustics', name:'', description:'', status:'active', start_date:'2017-01-24', end_date:''})"
"121","CREATE (:idea{resourceNodeTypeID:11233, resourceNodeSubTypeID:NA, ID:487, label:'hydroelectric dam', name:'', description:'', status:'active', start_date:'2017-01-24', end_date:''})"
"122","CREATE (:idea{resourceNodeTypeID:11233, resourceNodeSubTypeID:NA, ID:488, label:'hydroelectric development', name:'', description:'', status:'active', start_date:'2017-01-24', end_date:''})"
"123","CREATE (:idea{resourceNodeTypeID:11233, resourceNodeSubTypeID:NA, ID:489, label:'incubation', name:'', description:'', status:'active', start_date:'2017-01-24', end_date:''})"
"124","CREATE (:idea{resourceNodeTypeID:11233, resourceNodeSubTypeID:NA, ID:490, label:'indicator stock', name:'', description:'', status:'active', start_date:'2017-01-24', end_date:''})"
"125","CREATE (:idea{resourceNodeTypeID:11233, resourceNodeSubTypeID:NA, ID:491, label:'indigenous', name:'', description:'', status:'active', start_date:'2017-01-24', end_date:''})"
"126","CREATE (:idea{resourceNodeTypeID:11233, resourceNodeSubTypeID:NA, ID:492, label:'Indigenous', name:'', description:'', status:'active', start_date:'2017-01-24', end_date:''})"
"127","CREATE (:idea{resourceNodeTypeID:11233, resourceNodeSubTypeID:NA, ID:493, label:'infectious agents', name:'', description:'', status:'active', start_date:'2017-01-24', end_date:''})"
"128","CREATE (:idea{resourceNodeTypeID:11233, resourceNodeSubTypeID:NA, ID:494, label:'information management', name:'', description:'', status:'active', start_date:'2017-01-24', end_date:''})"
"129","CREATE (:idea{resourceNodeTypeID:11233, resourceNodeSubTypeID:NA, ID:495, label:'instream flow', name:'', description:'', status:'active', start_date:'2017-01-24', end_date:''})"
"130","CREATE (:idea{resourceNodeTypeID:11233, resourceNodeSubTypeID:NA, ID:496, label:'Integrated fishery planning', name:'', description:'', status:'active', start_date:'2017-01-24', end_date:''})"
"131","CREATE (:idea{resourceNodeTypeID:11233, resourceNodeSubTypeID:NA, ID:497, label:'international', name:'', description:'', status:'active', start_date:'2017-01-24', end_date:''})"
"132","CREATE (:idea{resourceNodeTypeID:11233, resourceNodeSubTypeID:NA, ID:498, label:'international reporting', name:'', description:'', status:'active', start_date:'2017-01-24', end_date:''})"
"133","CREATE (:idea{resourceNodeTypeID:11233, resourceNodeSubTypeID:NA, ID:499, label:'invasive species', name:'', description:'', status:'active', start_date:'2017-01-24', end_date:''})"
"134","CREATE (:idea{resourceNodeTypeID:11233, resourceNodeSubTypeID:NA, ID:500, label:'Juvenile density', name:'', description:'', status:'active', start_date:'2017-01-24', end_date:''})"
"135","CREATE (:idea{resourceNodeTypeID:11233, resourceNodeSubTypeID:NA, ID:501, label:'juvenile salmon', name:'', description:'', status:'active', start_date:'2017-01-24', end_date:''})"
"136","CREATE (:idea{resourceNodeTypeID:11233, resourceNodeSubTypeID:NA, ID:502, label:'juvenile sockeye health', name:'', description:'', status:'active', start_date:'2017-01-24', end_date:''})"
"137","CREATE (:idea{resourceNodeTypeID:11233, resourceNodeSubTypeID:NA, ID:503, label:'length', name:'', description:'', status:'active', start_date:'2017-01-24', end_date:''})"
"138","CREATE (:idea{resourceNodeTypeID:11233, resourceNodeSubTypeID:NA, ID:504, label:'LEP', name:'', description:'loi sur les espèces en péril', status:'active', start_date:'2017-01-24', end_date:''})"
"139","CREATE (:idea{resourceNodeTypeID:11233, resourceNodeSubTypeID:NA, ID:505, label:'liver', name:'', description:'', status:'active', start_date:'2017-01-24', end_date:''})"
"140","CREATE (:idea{resourceNodeTypeID:11233, resourceNodeSubTypeID:NA, ID:506, label:'management strategy evaluation', name:'', description:'', status:'active', start_date:'2017-01-24', end_date:''})"
"141","CREATE (:idea{resourceNodeTypeID:11233, resourceNodeSubTypeID:NA, ID:507, label:'mapping of bottom habitat', name:'', description:'', status:'active', start_date:'2017-01-24', end_date:''})"
"142","CREATE (:idea{resourceNodeTypeID:11233, resourceNodeSubTypeID:NA, ID:508, label:'marine algal toxins', name:'', description:'', status:'active', start_date:'2017-01-24', end_date:''})"
"143","CREATE (:idea{resourceNodeTypeID:11233, resourceNodeSubTypeID:NA, ID:509, label:'marine survival', name:'', description:'', status:'active', start_date:'2017-01-24', end_date:''})"
"144","CREATE (:idea{resourceNodeTypeID:11233, resourceNodeSubTypeID:NA, ID:510, label:'mark recapture', name:'', description:'', status:'active', start_date:'2017-01-24', end_date:''})"
"145","CREATE (:idea{resourceNodeTypeID:11233, resourceNodeSubTypeID:NA, ID:511, label:'mark-rate', name:'', description:'', status:'active', start_date:'2017-01-24', end_date:''})"
"146","CREATE (:idea{resourceNodeTypeID:11233, resourceNodeSubTypeID:NA, ID:512, label:'memos', name:'', description:'', status:'active', start_date:'2017-01-24', end_date:''})"
"147","CREATE (:idea{resourceNodeTypeID:11233, resourceNodeSubTypeID:NA, ID:513, label:'microcystin', name:'', description:'', status:'active', start_date:'2017-01-24', end_date:''})"
"148","CREATE (:idea{resourceNodeTypeID:11233, resourceNodeSubTypeID:NA, ID:514, label:'migration', name:'', description:'', status:'active', start_date:'2017-01-24', end_date:''})"
"149","CREATE (:idea{resourceNodeTypeID:11233, resourceNodeSubTypeID:NA, ID:515, label:'molecular epidemiology', name:'', description:'', status:'active', start_date:'2017-01-24', end_date:''})"
"150","CREATE (:idea{resourceNodeTypeID:11233, resourceNodeSubTypeID:NA, ID:516, label:'mortality at sea', name:'', description:'', status:'active', start_date:'2017-01-24', end_date:''})"
"151","CREATE (:idea{resourceNodeTypeID:11233, resourceNodeSubTypeID:NA, ID:517, label:'North Pacific', name:'', description:'', status:'active', start_date:'2017-01-24', end_date:''})"
"152","CREATE (:idea{resourceNodeTypeID:11233, resourceNodeSubTypeID:NA, ID:518, label:'novel organism', name:'', description:'', status:'active', start_date:'2017-01-24', end_date:''})"
"153","CREATE (:idea{resourceNodeTypeID:11233, resourceNodeSubTypeID:NA, ID:519, label:'NPLD', name:'', description:'net pen liver disease', status:'active', start_date:'2017-01-24', end_date:''})"
"154","CREATE (:idea{resourceNodeTypeID:11233, resourceNodeSubTypeID:NA, ID:520, label:'ocean habitat conditions', name:'', description:'', status:'active', start_date:'2017-01-24', end_date:''})"
"155","CREATE (:idea{resourceNodeTypeID:11233, resourceNodeSubTypeID:NA, ID:521, label:'Ocean survival', name:'', description:'', status:'active', start_date:'2017-01-24', end_date:''})"
"156","CREATE (:idea{resourceNodeTypeID:11233, resourceNodeSubTypeID:NA, ID:522, label:'offsetting', name:'', description:'', status:'active', start_date:'2017-01-24', end_date:''})"
"157","CREATE (:idea{resourceNodeTypeID:11233, resourceNodeSubTypeID:NA, ID:523, label:'open data', name:'', description:'', status:'active', start_date:'2017-01-24', end_date:''})"
"158","CREATE (:idea{resourceNodeTypeID:11233, resourceNodeSubTypeID:NA, ID:524, label:'Pacific salmon', name:'', description:'', status:'active', start_date:'2017-01-24', end_date:''})"
"159","CREATE (:idea{resourceNodeTypeID:11233, resourceNodeSubTypeID:NA, ID:525, label:'parasites', name:'', description:'', status:'active', start_date:'2017-01-24', end_date:''})"
"160","CREATE (:idea{resourceNodeTypeID:11233, resourceNodeSubTypeID:NA, ID:526, label:'pathogens', name:'', description:'', status:'active', start_date:'2017-01-24', end_date:''})"
"161","CREATE (:idea{resourceNodeTypeID:11233, resourceNodeSubTypeID:NA, ID:527, label:'PCR', name:'', description:'polymerase chain reaction is a technique to enormously multiply one or a few copies of a DNA segment', status:'active', start_date:'2017-01-24', end_date:''})"
"162","CREATE (:idea{resourceNodeTypeID:11233, resourceNodeSubTypeID:NA, ID:528, label:'periodic surveys', name:'', description:'', status:'active', start_date:'2017-01-24', end_date:''})"
"163","CREATE (:idea{resourceNodeTypeID:11233, resourceNodeSubTypeID:NA, ID:529, label:'phenology', name:'', description:'', status:'active', start_date:'2017-01-24', end_date:''})"
"164","CREATE (:idea{resourceNodeTypeID:11233, resourceNodeSubTypeID:NA, ID:530, label:'phytoplankton', name:'', description:'', status:'active', start_date:'2017-01-24', end_date:''})"
"165","CREATE (:idea{resourceNodeTypeID:11233, resourceNodeSubTypeID:NA, ID:531, label:'PIT tag', name:'', description:'passive integrated transponder tags aka radio frequency identification tags', status:'active', start_date:'2017-01-24', end_date:''})"
"166","CREATE (:idea{resourceNodeTypeID:11233, resourceNodeSubTypeID:NA, ID:532, label:'PIT tags', name:'', description:'', status:'active', start_date:'2017-01-24', end_date:''})"
"167","CREATE (:idea{resourceNodeTypeID:11233, resourceNodeSubTypeID:NA, ID:533, label:'plan de gestion', name:'', description:'', status:'active', start_date:'2017-01-24', end_date:''})"
"168","CREATE (:idea{resourceNodeTypeID:11233, resourceNodeSubTypeID:NA, ID:534, label:'plankton', name:'', description:'', status:'active', start_date:'2017-01-24', end_date:''})"
"169","CREATE (:idea{resourceNodeTypeID:11233, resourceNodeSubTypeID:NA, ID:535, label:'planning', name:'', description:'', status:'active', start_date:'2017-01-24', end_date:''})"
"170","CREATE (:idea{resourceNodeTypeID:11233, resourceNodeSubTypeID:NA, ID:536, label:'policy', name:'', description:'', status:'active', start_date:'2017-01-24', end_date:''})"
"171","CREATE (:idea{resourceNodeTypeID:11233, resourceNodeSubTypeID:NA, ID:537, label:'population', name:'', description:'', status:'active', start_date:'2017-01-24', end_date:''})"
"172","CREATE (:idea{resourceNodeTypeID:11233, resourceNodeSubTypeID:NA, ID:538, label:'population structure', name:'', description:'', status:'active', start_date:'2017-01-24', end_date:''})"
"173","CREATE (:idea{resourceNodeTypeID:11233, resourceNodeSubTypeID:NA, ID:539, label:'post smolt migrations', name:'', description:'', status:'active', start_date:'2017-01-24', end_date:''})"
"174","CREATE (:idea{resourceNodeTypeID:11233, resourceNodeSubTypeID:NA, ID:540, label:'Predation tagging', name:'', description:'', status:'active', start_date:'2017-01-24', end_date:''})"
"175","CREATE (:idea{resourceNodeTypeID:11233, resourceNodeSubTypeID:NA, ID:541, label:'production', name:'', description:'', status:'active', start_date:'2017-01-24', end_date:''})"
"176","CREATE (:idea{resourceNodeTypeID:11233, resourceNodeSubTypeID:NA, ID:542, label:'production planning', name:'', description:'', status:'active', start_date:'2017-01-24', end_date:''})"
"177","CREATE (:idea{resourceNodeTypeID:11233, resourceNodeSubTypeID:NA, ID:543, label:'program delivery', name:'', description:'', status:'active', start_date:'2017-01-24', end_date:''})"
"178","CREATE (:idea{resourceNodeTypeID:11233, resourceNodeSubTypeID:NA, ID:544, label:'programme de rétablissement', name:'', description:'', status:'active', start_date:'2017-01-24', end_date:''})"
"179","CREATE (:idea{resourceNodeTypeID:11233, resourceNodeSubTypeID:NA, ID:545, label:'public viewing of salmon', name:'', description:'', status:'active', start_date:'2017-01-24', end_date:''})"
"180","CREATE (:idea{resourceNodeTypeID:11233, resourceNodeSubTypeID:NA, ID:546, label:'quota', name:'', description:'', status:'active', start_date:'2017-01-24', end_date:''})"
"181","CREATE (:idea{resourceNodeTypeID:11233, resourceNodeSubTypeID:NA, ID:547, label:'RAS', name:'', description:'recirculation systems', status:'active', start_date:'2017-01-24', end_date:''})"
"182","CREATE (:idea{resourceNodeTypeID:11233, resourceNodeSubTypeID:NA, ID:548, label:'re-circulation incubation system', name:'', description:'', status:'active', start_date:'2017-01-24', end_date:''})"
"183","CREATE (:idea{resourceNodeTypeID:11233, resourceNodeSubTypeID:NA, ID:549, label:'rearing habitat', name:'', description:'mapping and classifying salmon rearing habitat', status:'active', start_date:'2017-01-24', end_date:''})"
"184","CREATE (:idea{resourceNodeTypeID:11233, resourceNodeSubTypeID:NA, ID:550, label:'recovery', name:'', description:'', status:'active', start_date:'2017-01-24', end_date:''})"
"185","CREATE (:idea{resourceNodeTypeID:11233, resourceNodeSubTypeID:NA, ID:551, label:'recreational fisheries', name:'', description:'', status:'active', start_date:'2017-01-24', end_date:''})"
"186","CREATE (:idea{resourceNodeTypeID:11233, resourceNodeSubTypeID:NA, ID:552, label:'regional fishery management organizations', name:'', description:'', status:'active', start_date:'2017-01-24', end_date:''})"
"187","CREATE (:idea{resourceNodeTypeID:11233, resourceNodeSubTypeID:NA, ID:553, label:'research management', name:'', description:'', status:'active', start_date:'2017-01-24', end_date:''})"
"188","CREATE (:idea{resourceNodeTypeID:11233, resourceNodeSubTypeID:NA, ID:554, label:'research projects', name:'', description:'', status:'active', start_date:'2017-01-24', end_date:''})"
"189","CREATE (:idea{resourceNodeTypeID:11233, resourceNodeSubTypeID:NA, ID:555, label:'restoration', name:'', description:'', status:'active', start_date:'2017-01-24', end_date:''})"
"190","CREATE (:idea{resourceNodeTypeID:11233, resourceNodeSubTypeID:NA, ID:556, label:'Risk assessment', name:'', description:'', status:'active', start_date:'2017-01-24', end_date:''})"
"191","CREATE (:idea{resourceNodeTypeID:11233, resourceNodeSubTypeID:NA, ID:557, label:'RST', name:'', description:'rotary screw trap', status:'active', start_date:'2017-01-24', end_date:''})"
"192","CREATE (:idea{resourceNodeTypeID:11233, resourceNodeSubTypeID:NA, ID:558, label:'run timing', name:'', description:'', status:'active', start_date:'2017-01-24', end_date:''})"
"193","CREATE (:idea{resourceNodeTypeID:11233, resourceNodeSubTypeID:NA, ID:559, label:'salmon', name:'', description:'', status:'active', start_date:'2017-01-24', end_date:''})"
"194","CREATE (:idea{resourceNodeTypeID:11233, resourceNodeSubTypeID:NA, ID:560, label:'Salmon aquaculture', name:'', description:'', status:'active', start_date:'2017-01-24', end_date:''})"
"195","CREATE (:idea{resourceNodeTypeID:11233, resourceNodeSubTypeID:NA, ID:561, label:'Salmon biodata', name:'', description:'', status:'active', start_date:'2017-01-24', end_date:''})"
"196","CREATE (:idea{resourceNodeTypeID:11233, resourceNodeSubTypeID:NA, ID:562, label:'salmon enhancement', name:'', description:'', status:'active', start_date:'2017-01-24', end_date:''})"
"197","CREATE (:idea{resourceNodeTypeID:11233, resourceNodeSubTypeID:NA, ID:563, label:'salmon escapement', name:'', description:'', status:'active', start_date:'2017-01-24', end_date:''})"
"198","CREATE (:idea{resourceNodeTypeID:11233, resourceNodeSubTypeID:NA, ID:564, label:'salmon incubation', name:'', description:'', status:'active', start_date:'2017-01-24', end_date:''})"
"199","CREATE (:idea{resourceNodeTypeID:11233, resourceNodeSubTypeID:NA, ID:565, label:'salmon interactions', name:'', description:'interactions between farmed,ranched,and wild salmon', status:'active', start_date:'2017-01-24', end_date:''})"
"200","CREATE (:idea{resourceNodeTypeID:11233, resourceNodeSubTypeID:NA, ID:566, label:'salmon production', name:'', description:'', status:'active', start_date:'2017-01-24', end_date:''})"
"201","CREATE (:idea{resourceNodeTypeID:11233, resourceNodeSubTypeID:NA, ID:567, label:'salmon productivity', name:'', description:'', status:'active', start_date:'2017-01-24', end_date:''})"
"202","CREATE (:idea{resourceNodeTypeID:11233, resourceNodeSubTypeID:NA, ID:568, label:'salmon status', name:'', description:'', status:'active', start_date:'2017-01-24', end_date:''})"
"203","CREATE (:idea{resourceNodeTypeID:11233, resourceNodeSubTypeID:NA, ID:569, label:'sand and charcoal filtration', name:'', description:'', status:'active', start_date:'2017-01-24', end_date:''})"
"204","CREATE (:idea{resourceNodeTypeID:11233, resourceNodeSubTypeID:NA, ID:570, label:'science advice', name:'', description:'', status:'active', start_date:'2017-01-24', end_date:''})"
"205","CREATE (:idea{resourceNodeTypeID:11233, resourceNodeSubTypeID:NA, ID:571, label:'SEP', name:'', description:'salmon enhancement planning', status:'active', start_date:'2017-01-24', end_date:''})"
"206","CREATE (:idea{resourceNodeTypeID:11233, resourceNodeSubTypeID:NA, ID:572, label:'sex ratios', name:'', description:'', status:'active', start_date:'2017-01-24', end_date:''})"
"207","CREATE (:idea{resourceNodeTypeID:11233, resourceNodeSubTypeID:NA, ID:573, label:'simulation model', name:'', description:'', status:'active', start_date:'2017-01-24', end_date:''})"
"208","CREATE (:idea{resourceNodeTypeID:11233, resourceNodeSubTypeID:NA, ID:574, label:'smolt', name:'', description:'', status:'active', start_date:'2017-01-24', end_date:''})"
"209","CREATE (:idea{resourceNodeTypeID:11233, resourceNodeSubTypeID:NA, ID:575, label:'smolt attributes', name:'', description:'', status:'active', start_date:'2017-01-24', end_date:''})"
"210","CREATE (:idea{resourceNodeTypeID:11233, resourceNodeSubTypeID:NA, ID:576, label:'smolt outmigration', name:'', description:'', status:'active', start_date:'2017-01-24', end_date:''})"
"211","CREATE (:idea{resourceNodeTypeID:11233, resourceNodeSubTypeID:NA, ID:577, label:'smolt passage', name:'', description:'', status:'active', start_date:'2017-01-24', end_date:''})"
"212","CREATE (:idea{resourceNodeTypeID:11233, resourceNodeSubTypeID:NA, ID:578, label:'smolt phenology', name:'', description:'', status:'active', start_date:'2017-01-24', end_date:''})"
"213","CREATE (:idea{resourceNodeTypeID:11233, resourceNodeSubTypeID:NA, ID:579, label:'Smolts', name:'', description:'', status:'active', start_date:'2017-01-24', end_date:''})"
"214","CREATE (:idea{resourceNodeTypeID:11233, resourceNodeSubTypeID:NA, ID:580, label:'snorkel', name:'', description:'', status:'active', start_date:'2017-01-24', end_date:''})"
"215","CREATE (:idea{resourceNodeTypeID:11233, resourceNodeSubTypeID:NA, ID:581, label:'sockeye', name:'', description:'', status:'active', start_date:'2017-01-24', end_date:''})"
"216","CREATE (:idea{resourceNodeTypeID:11233, resourceNodeSubTypeID:NA, ID:582, label:'Sockeye', name:'', description:'', status:'active', start_date:'2017-01-24', end_date:''})"
"217","CREATE (:idea{resourceNodeTypeID:11233, resourceNodeSubTypeID:NA, ID:583, label:'SONAR', name:'', description:'', status:'active', start_date:'2017-01-24', end_date:''})"
"218","CREATE (:idea{resourceNodeTypeID:11233, resourceNodeSubTypeID:NA, ID:584, label:'SPATT', name:'', description:'solid phase adsorption toxin tracking is a monitoring tool that simulates contamination of filter feeding bivalves by hydrophilic phycotoxins such as domoic acid and saxitoxin', status:'active', start_date:'2017-01-24', end_date:''})"
"219","CREATE (:idea{resourceNodeTypeID:11233, resourceNodeSubTypeID:NA, ID:585, label:'spawning  escapement estimates', name:'', description:'', status:'active', start_date:'2017-01-24', end_date:''})"
"220","CREATE (:idea{resourceNodeTypeID:11233, resourceNodeSubTypeID:NA, ID:586, label:'species at risk', name:'', description:'', status:'active', start_date:'2017-01-24', end_date:''})"
"221","CREATE (:idea{resourceNodeTypeID:11233, resourceNodeSubTypeID:NA, ID:587, label:'stable isotopes', name:'', description:'', status:'active', start_date:'2017-01-24', end_date:''})"
"222","CREATE (:idea{resourceNodeTypeID:11233, resourceNodeSubTypeID:NA, ID:588, label:'stakeholders', name:'', description:'', status:'active', start_date:'2017-01-24', end_date:''})"
"223","CREATE (:idea{resourceNodeTypeID:11233, resourceNodeSubTypeID:NA, ID:589, label:'statistics', name:'', description:'', status:'active', start_date:'2017-01-24', end_date:''})"
"224","CREATE (:idea{resourceNodeTypeID:11233, resourceNodeSubTypeID:NA, ID:590, label:'status', name:'', description:'', status:'active', start_date:'2017-01-24', end_date:''})"
"225","CREATE (:idea{resourceNodeTypeID:11233, resourceNodeSubTypeID:NA, ID:591, label:'status assessment', name:'', description:'', status:'active', start_date:'2017-01-24', end_date:''})"
"226","CREATE (:idea{resourceNodeTypeID:11233, resourceNodeSubTypeID:NA, ID:592, label:'steelhead', name:'', description:'', status:'active', start_date:'2017-01-24', end_date:''})"
"227","CREATE (:idea{resourceNodeTypeID:11233, resourceNodeSubTypeID:NA, ID:593, label:'stewardship', name:'', description:'', status:'active', start_date:'2017-01-24', end_date:''})"
"228","CREATE (:idea{resourceNodeTypeID:11233, resourceNodeSubTypeID:NA, ID:594, label:'stock assessment', name:'', description:'', status:'active', start_date:'2017-01-24', end_date:''})"
"229","CREATE (:idea{resourceNodeTypeID:11233, resourceNodeSubTypeID:NA, ID:595, label:'stock enhancement', name:'', description:'', status:'active', start_date:'2017-01-24', end_date:''})"
"230","CREATE (:idea{resourceNodeTypeID:11233, resourceNodeSubTypeID:NA, ID:596, label:'stock identification', name:'', description:'', status:'active', start_date:'2017-01-24', end_date:''})"
"231","CREATE (:idea{resourceNodeTypeID:11233, resourceNodeSubTypeID:NA, ID:597, label:'stock-recuit', name:'', description:'', status:'active', start_date:'2017-01-24', end_date:''})"
"232","CREATE (:idea{resourceNodeTypeID:11233, resourceNodeSubTypeID:NA, ID:598, label:'stocking', name:'', description:'', status:'active', start_date:'2017-01-24', end_date:''})"
"233","CREATE (:idea{resourceNodeTypeID:11233, resourceNodeSubTypeID:NA, ID:599, label:'striped bass', name:'', description:'', status:'active', start_date:'2017-01-24', end_date:''})"
"234","CREATE (:idea{resourceNodeTypeID:11233, resourceNodeSubTypeID:NA, ID:600, label:'supplementation', name:'', description:'', status:'active', start_date:'2017-01-24', end_date:''})"
"235","CREATE (:idea{resourceNodeTypeID:11233, resourceNodeSubTypeID:NA, ID:601, label:'surgery', name:'', description:'', status:'active', start_date:'2017-01-24', end_date:''})"
"236","CREATE (:idea{resourceNodeTypeID:11233, resourceNodeSubTypeID:NA, ID:602, label:'survival', name:'', description:'', status:'active', start_date:'2017-01-24', end_date:''})"
"237","CREATE (:idea{resourceNodeTypeID:11233, resourceNodeSubTypeID:NA, ID:603, label:'survival rate', name:'', description:'', status:'active', start_date:'2017-01-24', end_date:''})"
"238","CREATE (:idea{resourceNodeTypeID:11233, resourceNodeSubTypeID:NA, ID:604, label:'telemetry', name:'', description:'', status:'active', start_date:'2017-01-24', end_date:''})"
"239","CREATE (:idea{resourceNodeTypeID:11233, resourceNodeSubTypeID:NA, ID:605, label:'terminal mark selective fisheries', name:'', description:'', status:'active', start_date:'2017-01-24', end_date:''})"
"240","CREATE (:idea{resourceNodeTypeID:11233, resourceNodeSubTypeID:NA, ID:606, label:'test fisheries', name:'', description:'', status:'active', start_date:'2017-01-24', end_date:''})"
"241","CREATE (:idea{resourceNodeTypeID:11233, resourceNodeSubTypeID:NA, ID:607, label:'thermal tolerances', name:'', description:'', status:'active', start_date:'2017-01-24', end_date:''})"
"242","CREATE (:idea{resourceNodeTypeID:11233, resourceNodeSubTypeID:NA, ID:608, label:'thermic refugia', name:'', description:'', status:'active', start_date:'2017-01-24', end_date:''})"
"243","CREATE (:idea{resourceNodeTypeID:11233, resourceNodeSubTypeID:NA, ID:609, label:'time series', name:'', description:'', status:'active', start_date:'2017-01-24', end_date:''})"
"244","CREATE (:idea{resourceNodeTypeID:11233, resourceNodeSubTypeID:NA, ID:610, label:'ultraviolet sterilization', name:'', description:'', status:'active', start_date:'2017-01-24', end_date:''})"
"245","CREATE (:idea{resourceNodeTypeID:11233, resourceNodeSubTypeID:NA, ID:611, label:'upstream migration', name:'', description:'', status:'active', start_date:'2017-01-24', end_date:''})"
"246","CREATE (:idea{resourceNodeTypeID:11233, resourceNodeSubTypeID:NA, ID:612, label:'VIE', name:'', description:'visual implant elastomer', status:'active', start_date:'2017-01-24', end_date:''})"
"247","CREATE (:idea{resourceNodeTypeID:11233, resourceNodeSubTypeID:NA, ID:613, label:'virus', name:'', description:'', status:'active', start_date:'2017-01-24', end_date:''})"
"248","CREATE (:idea{resourceNodeTypeID:11233, resourceNodeSubTypeID:NA, ID:614, label:'water quality', name:'', description:'', status:'active', start_date:'2017-01-24', end_date:''})"
"249","CREATE (:idea{resourceNodeTypeID:11233, resourceNodeSubTypeID:NA, ID:615, label:'water travel time', name:'', description:'', status:'active', start_date:'2017-01-24', end_date:''})"
"250","CREATE (:idea{resourceNodeTypeID:11233, resourceNodeSubTypeID:NA, ID:616, label:'WSP', name:'', description:'', status:'active', start_date:'2017-01-24', end_date:''})"
"251","CREATE (:idea{resourceNodeTypeID:11233, resourceNodeSubTypeID:NA, ID:617, label:'year class strength', name:'', description:'', status:'active', start_date:'2017-01-24', end_date:''})"
