"","x"
"1","CREATE (:workgroup{resourceNodeTypeID:11212, resourceNodeSubTypeID:NA, ID:1392, label:'We the Unwilling', name:'', description:'', status:'active', start_date:'2017-01-24', end_date:''})"
"2","CREATE (:workgroup{resourceNodeTypeID:11212, resourceNodeSubTypeID:NA, ID:1393, label:'Led by the Unknowing', name:'', description:'', status:'active', start_date:'2017-01-24', end_date:''})"
"3","CREATE (:workgroup{resourceNodeTypeID:11212, resourceNodeSubTypeID:NA, ID:1394, label:'Doing the Impossible', name:'', description:'', status:'active', start_date:'2017-01-24', end_date:''})"
"4","CREATE (:workgroup{resourceNodeTypeID:11212, resourceNodeSubTypeID:NA, ID:1395, label:'For the Ungrateful', name:'', description:'', status:'active', start_date:'2017-01-24', end_date:''})"
