"","x"
"1","CREATE (:address{resourceNodeTypeID:11223, resourceNodeSubTypeID:NA, ID:1529, label:'Big Qualicum River Hatchery', name:'', description:'', status:'active', start_date:'2017-01-24', end_date:'', addressString:',,215 Fisheries Rd,Qualicum Beach,BC,Canada,V9K1Z5', postOfficeBox:'', aptNumber:'', street:'215 Fisheries Rd', locality:'Qualicum Beach', region:'BC', country:'Canada', postalCode:'V9K1Z5'})"
"2","CREATE (:address{resourceNodeTypeID:11223, resourceNodeSubTypeID:NA, ID:1530, label:'Bella Coola Field Office', name:'', description:'', status:'active', start_date:'2017-01-24', end_date:'', addressString:'PO Box 130,,Highway 20,Bella Coola,BC,Canada,V0T1C0', postOfficeBox:'PO Box 130', aptNumber:'', street:'Highway 20', locality:'Bella Coola', region:'BC', country:'Canada', postalCode:'V0T1C0'})"
"3","CREATE (:address{resourceNodeTypeID:11223, resourceNodeSubTypeID:NA, ID:1531, label:'Campbell River (Tamarac)', name:'', description:'', status:'active', start_date:'2017-01-24', end_date:'', addressString:',,1520 Tamarac Street,Campbell River,BC,Canada,V9W3M5', postOfficeBox:'', aptNumber:'', street:'1520 Tamarac Street', locality:'Campbell River', region:'BC', country:'Canada', postalCode:'V9W3M5'})"
"4","CREATE (:address{resourceNodeTypeID:11223, resourceNodeSubTypeID:NA, ID:1532, label:'Campbell River Field Office', name:'', description:'', status:'active', start_date:'2017-01-24', end_date:'', addressString:',,315-940 Alder Street,Campbell River,BC,Canada,V9W2P8', postOfficeBox:'', aptNumber:'', street:'315-940 Alder Street', locality:'Campbell River', region:'BC', country:'Canada', postalCode:'V9W2P8'})"
"5","CREATE (:address{resourceNodeTypeID:11223, resourceNodeSubTypeID:NA, ID:1533, label:'Capilano Salmon Hatchery', name:'', description:'', status:'active', start_date:'2017-01-24', end_date:'', addressString:',,4500 Capilano Park Road,North Vancouver,BC,Canada,V7R4L3', postOfficeBox:'', aptNumber:'', street:'4500 Capilano Park Road', locality:'North Vancouver', region:'BC', country:'Canada', postalCode:'V7R4L3'})"
"6","CREATE (:address{resourceNodeTypeID:11223, resourceNodeSubTypeID:NA, ID:1534, label:'Charlottetown (Diadromous)', name:'', description:'', status:'active', start_date:'2017-01-24', end_date:'', addressString:'Box 1236,,Kent Street,Charlottetown,PEI,Canada,C1A7M8', postOfficeBox:'Box 1236', aptNumber:'', street:'Kent Street', locality:'Charlottetown', region:'PEI', country:'Canada', postalCode:'C1A7M8'})"
"7","CREATE (:address{resourceNodeTypeID:11223, resourceNodeSubTypeID:NA, ID:1535, label:'Chehalis River Hatchery', name:'', description:'', status:'active', start_date:'2017-01-24', end_date:'', addressString:',,16250 Morris Valley Road,Agassiz,BC,Canada,V0M1A1', postOfficeBox:'', aptNumber:'', street:'16250 Morris Valley Road', locality:'Agassiz', region:'BC', country:'Canada', postalCode:'V0M1A1'})"
"8","CREATE (:address{resourceNodeTypeID:11223, resourceNodeSubTypeID:NA, ID:1536, label:'Chilliwack Fish Hatchery', name:'', description:'', status:'active', start_date:'2017-01-24', end_date:'', addressString:',,55205 Chilliwack Lake Road,Chilliwack,BC,Canada,V4Z1A7', postOfficeBox:'', aptNumber:'', street:'55205 Chilliwack Lake Road', locality:'Chilliwack', region:'BC', country:'Canada', postalCode:'V4Z1A7'})"
"9","CREATE (:address{resourceNodeTypeID:11223, resourceNodeSubTypeID:NA, ID:1537, label:'Chilliwack Field Office', name:'', description:'', status:'active', start_date:'2017-01-24', end_date:'', addressString:',,327-44500 South Sumas Road,Chilliwack,BC,Canada,V2R5M3', postOfficeBox:'', aptNumber:'', street:'327-44500 South Sumas Road', locality:'Chilliwack', region:'BC', country:'Canada', postalCode:'V2R5M3'})"
"10","CREATE (:address{resourceNodeTypeID:11223, resourceNodeSubTypeID:NA, ID:1538, label:'Comox Valley Field Office', name:'', description:'', status:'active', start_date:'2017-01-24', end_date:'', addressString:',,148 Port Agusta Street,Comox,BC,Canada,V9M3N6', postOfficeBox:'', aptNumber:'', street:'148 Port Agusta Street', locality:'Comox', region:'BC', country:'Canada', postalCode:'V9M3N6'})"
"11","CREATE (:address{resourceNodeTypeID:11223, resourceNodeSubTypeID:NA, ID:1539, label:'Conuma River Hatchery', name:'', description:'', status:'active', start_date:'2017-01-24', end_date:'', addressString:'PO Box 247,,Head Bay Road,Tahsis,BC,Canada,V0P1X0', postOfficeBox:'PO Box 247', aptNumber:'', street:'Head Bay Road', locality:'Tahsis', region:'BC', country:'Canada', postalCode:'V0P1X0'})"
"12","CREATE (:address{resourceNodeTypeID:11223, resourceNodeSubTypeID:NA, ID:1540, label:'Dewdney Field Office', name:'', description:'', status:'active', start_date:'2017-01-24', end_date:'', addressString:'PO Box 61,,38620 Bell Road,Dewdney,BC,Canada,V0M1H0', postOfficeBox:'PO Box 61', aptNumber:'', street:'38620 Bell Road', locality:'Dewdney', region:'BC', country:'Canada', postalCode:'V0M1H0'})"
"13","CREATE (:address{resourceNodeTypeID:11223, resourceNodeSubTypeID:NA, ID:1541, label:'DFO Gulf Nova Scotia Area Office', name:'', description:'', status:'active', start_date:'2017-01-24', end_date:'', addressString:',,2920 Highway 104,Antigonish,NS,Canada,B2G2K6', postOfficeBox:'', aptNumber:'', street:'2920 Highway 104', locality:'Antigonish', region:'NS', country:'Canada', postalCode:'B2G2K6'})"
"14","CREATE (:address{resourceNodeTypeID:11223, resourceNodeSubTypeID:NA, ID:1542, label:'Duncan Field Office', name:'', description:'', status:'active', start_date:'2017-01-24', end_date:'', addressString:',,5345 Trans Canada Highway,Duncan,BC,Canada,V0R2C0', postOfficeBox:'', aptNumber:'', street:'5345 Trans Canada Highway', locality:'Duncan', region:'BC', country:'Canada', postalCode:'V0R2C0'})"
"15","CREATE (:address{resourceNodeTypeID:11223, resourceNodeSubTypeID:NA, ID:1543, label:'Fulton River Spawning Channel', name:'', description:'', status:'active', start_date:'2017-01-24', end_date:'', addressString:'PO Box 9,,Highway 118 Central Babine Lake Highway PO Box 9,Granisle,BC,Canada,V0J1W0', postOfficeBox:'PO Box 9', aptNumber:'', street:'Highway 118 Central Babine Lake Highway PO Box 9', locality:'Granisle', region:'BC', country:'Canada', postalCode:'V0J1W0'})"
"16","CREATE (:address{resourceNodeTypeID:11223, resourceNodeSubTypeID:NA, ID:1544, label:'Inch Creek Hatchery', name:'', description:'', status:'active', start_date:'2017-01-24', end_date:'', addressString:'PO Box 61,,38620 Bell Road,Dewdney,BC,Canada,V0M1H0', postOfficeBox:'PO Box 61', aptNumber:'', street:'38620 Bell Road', locality:'Dewdney', region:'BC', country:'Canada', postalCode:'V0M1H0'})"
"17","CREATE (:address{resourceNodeTypeID:11223, resourceNodeSubTypeID:NA, ID:1545, label:'Kitimat River Hatchery', name:'', description:'', status:'active', start_date:'2017-01-24', end_date:'', addressString:'PO Box 197,,283 Haisla Boulevard,Kitimat,BC,Canada,V8C2G7', postOfficeBox:'PO Box 197', aptNumber:'', street:'283 Haisla Boulevard', locality:'Kitimat', region:'BC', country:'Canada', postalCode:'V8C2G7'})"
"18","CREATE (:address{resourceNodeTypeID:11223, resourceNodeSubTypeID:NA, ID:1546, label:'Langley Field Office', name:'', description:'', status:'active', start_date:'2017-01-24', end_date:'', addressString:',,5550-268th Street,Langley,BC,Canada,V4W3X4', postOfficeBox:'', aptNumber:'', street:'5550-268th Street', locality:'Langley', region:'BC', country:'Canada', postalCode:'V4W3X4'})"
"19","CREATE (:address{resourceNodeTypeID:11223, resourceNodeSubTypeID:NA, ID:1547, label:'Miramichi Salmon Conservation Centre', name:'', description:'', status:'active', start_date:'2017-01-24', end_date:'', addressString:',,477 Route 420,Miramichi,NB,Canada,E1V4L9', postOfficeBox:'', aptNumber:'', street:'477 Route 420', locality:'Miramichi', region:'NB', country:'Canada', postalCode:'E1V4L9'})"
"20","CREATE (:address{resourceNodeTypeID:11223, resourceNodeSubTypeID:NA, ID:1548, label:'Marine House', name:'', description:'', status:'active', start_date:'2017-01-24', end_date:'', addressString:'PO Box 1035,,NA,Dartmouth,NS,Canada,B2Y 4T3', postOfficeBox:'PO Box 1035', aptNumber:'', street:'NA', locality:'Dartmouth', region:'NS', country:'Canada', postalCode:'B2Y 4T3'})"
"21","CREATE (:address{resourceNodeTypeID:11223, resourceNodeSubTypeID:NA, ID:1549, label:'Mission Field Office', name:'', description:'', status:'active', start_date:'2017-01-24', end_date:'', addressString:',,A1-7266 River Place,Mission,BC,Canada,V4S0A2', postOfficeBox:'', aptNumber:'', street:'A1-7266 River Place', locality:'Mission', region:'BC', country:'Canada', postalCode:'V4S0A2'})"
"22","CREATE (:address{resourceNodeTypeID:11223, resourceNodeSubTypeID:NA, ID:1550, label:'Morgan Falls Fishway', name:'', description:'', status:'active', start_date:'2017-01-24', end_date:'', addressString:',,1254 Osbourne Road,New Germany,NS,Canada,B0R1E0', postOfficeBox:'', aptNumber:'', street:'1254 Osbourne Road', locality:'New Germany', region:'NS', country:'Canada', postalCode:'B0R1E0'})"
"23","CREATE (:address{resourceNodeTypeID:11223, resourceNodeSubTypeID:NA, ID:1551, label:'Nanaimo (SEP)', name:'', description:'', status:'active', start_date:'2017-01-24', end_date:'', addressString:',,1965 Island Diesel Way,Nanaimo,BC,Canada,V9S5W8', postOfficeBox:'', aptNumber:'', street:'1965 Island Diesel Way', locality:'Nanaimo', region:'BC', country:'Canada', postalCode:'V9S5W8'})"
"24","CREATE (:address{resourceNodeTypeID:11223, resourceNodeSubTypeID:NA, ID:1552, label:'Nitinat River Hatchery', name:'', description:'', status:'active', start_date:'2017-01-24', end_date:'', addressString:'PO Box 369,,Nitinat Road,Port Alberni,BC,Canada,V9Y7M8', postOfficeBox:'PO Box 369', aptNumber:'', street:'Nitinat Road', locality:'Port Alberni', region:'BC', country:'Canada', postalCode:'V9Y7M8'})"
"25","CREATE (:address{resourceNodeTypeID:11223, resourceNodeSubTypeID:NA, ID:1553, label:'PEI Area Office', name:'', description:'', status:'active', start_date:'2017-01-24', end_date:'', addressString:'PO Box 1236,,165 John Yeo Drive,Charlottetown,PEI,Canada,C1E 3J3', postOfficeBox:'PO Box 1236', aptNumber:'', street:'165 John Yeo Drive', locality:'Charlottetown', region:'PEI', country:'Canada', postalCode:'C1E 3J3'})"
"26","CREATE (:address{resourceNodeTypeID:11223, resourceNodeSubTypeID:NA, ID:1554, label:'Port Alberni Field Office', name:'', description:'', status:'active', start_date:'2017-01-24', end_date:'', addressString:',,4706 Tebo Avenue,Port Alberni,BC,Canada,V9Y8B1', postOfficeBox:'', aptNumber:'', street:'4706 Tebo Avenue', locality:'Port Alberni', region:'BC', country:'Canada', postalCode:'V9Y8B1'})"
"27","CREATE (:address{resourceNodeTypeID:11223, resourceNodeSubTypeID:NA, ID:1555, label:'Port Hardy Field Office', name:'', description:'', status:'active', start_date:'2017-01-24', end_date:'', addressString:'PO Box 10,,8585 Wollason Street,Port Hardy,BC,Canada,V0N2P0', postOfficeBox:'PO Box 10', aptNumber:'', street:'8585 Wollason Street', locality:'Port Hardy', region:'BC', country:'Canada', postalCode:'V0N2P0'})"
"28","CREATE (:address{resourceNodeTypeID:11223, resourceNodeSubTypeID:NA, ID:1556, label:'Puntledge River Hatchery', name:'', description:'', status:'active', start_date:'2017-01-24', end_date:'', addressString:'PO Box 3111,,38 Powerhouse Road,Courtenay,BC,Canada,V9N9L3', postOfficeBox:'PO Box 3111', aptNumber:'', street:'38 Powerhouse Road', locality:'Courtenay', region:'BC', country:'Canada', postalCode:'V9N9L3'})"
"29","CREATE (:address{resourceNodeTypeID:11223, resourceNodeSubTypeID:NA, ID:1557, label:'Queen Charlotte City Field Office', name:'', description:'', status:'active', start_date:'2017-01-24', end_date:'', addressString:',,137 Bay Street,Queen Charlotte,BC,Canada,V0T1S0', postOfficeBox:'', aptNumber:'', street:'137 Bay Street', locality:'Queen Charlotte', region:'BC', country:'Canada', postalCode:'V0T1S0'})"
"30","CREATE (:address{resourceNodeTypeID:11223, resourceNodeSubTypeID:NA, ID:1558, label:'Quinsam River Hatchery', name:'', description:'', status:'active', start_date:'2017-01-24', end_date:'', addressString:',,4217 Argonaut Road,Campbell River,BC,Canada,V9H1P3', postOfficeBox:'', aptNumber:'', street:'4217 Argonaut Road', locality:'Campbell River', region:'BC', country:'Canada', postalCode:'V9H1P3'})"
"31","CREATE (:address{resourceNodeTypeID:11223, resourceNodeSubTypeID:NA, ID:1559, label:'Robertson Creek Hatchery', name:'', description:'', status:'active', start_date:'2017-01-24', end_date:'', addressString:',,10333B Central Lake Road,Port Alberni,BC,Canada,V9Y8Z2', postOfficeBox:'', aptNumber:'', street:'10333B Central Lake Road', locality:'Port Alberni', region:'BC', country:'Canada', postalCode:'V9Y8Z2'})"
"32","CREATE (:address{resourceNodeTypeID:11223, resourceNodeSubTypeID:NA, ID:1560, label:'Smithers Field Office', name:'', description:'', status:'active', start_date:'2017-01-24', end_date:'', addressString:'PO Box 578,,3177 Tatlow Road,Smithers,BC,Canada,V0J2N0', postOfficeBox:'PO Box 578', aptNumber:'', street:'3177 Tatlow Road', locality:'Smithers', region:'BC', country:'Canada', postalCode:'V0J2N0'})"
"33","CREATE (:address{resourceNodeTypeID:11223, resourceNodeSubTypeID:NA, ID:1561, label:'Snootli Creek Hatchery', name:'', description:'', status:'active', start_date:'2017-01-24', end_date:'', addressString:'PO Box 95,,1450 Highway 20,Bella Coola,BC,Canada,V0T1C0', postOfficeBox:'PO Box 95', aptNumber:'', street:'1450 Highway 20', locality:'Bella Coola', region:'BC', country:'Canada', postalCode:'V0T1C0'})"
"34","CREATE (:address{resourceNodeTypeID:11223, resourceNodeSubTypeID:NA, ID:1562, label:'Spius Creek Hatchery', name:'', description:'', status:'active', start_date:'2017-01-24', end_date:'', addressString:',,2857 Prospect Creek Road,Merritt,BC,Canada,V9K1N8', postOfficeBox:'', aptNumber:'', street:'2857 Prospect Creek Road', locality:'Merritt', region:'BC', country:'Canada', postalCode:'V9K1N8'})"
"35","CREATE (:address{resourceNodeTypeID:11223, resourceNodeSubTypeID:NA, ID:1563, label:'Squamish Field Office', name:'', description:'', status:'active', start_date:'2017-01-24', end_date:'', addressString:'PO Box 2360,,1120 Hunter Place,Squamish,BC,Canada,V0N3G0', postOfficeBox:'PO Box 2360', aptNumber:'', street:'1120 Hunter Place', locality:'Squamish', region:'BC', country:'Canada', postalCode:'V0N3G0'})"
"36","CREATE (:address{resourceNodeTypeID:11223, resourceNodeSubTypeID:NA, ID:1564, label:'Steveston Field Office', name:'', description:'', status:'active', start_date:'2017-01-24', end_date:'', addressString:',,12551 No. 1 Road,Richmond,BC,Canada,V7E1T7', postOfficeBox:'', aptNumber:'', street:'12551 No. 1 Road', locality:'Richmond', region:'BC', country:'Canada', postalCode:'V7E1T7'})"
"37","CREATE (:address{resourceNodeTypeID:11223, resourceNodeSubTypeID:NA, ID:1565, label:'Tenderfoot Creek Hatchery', name:'', description:'', status:'active', start_date:'2017-01-24', end_date:'', addressString:'PO Box 477,,1000 Midnight Way,Brackendale,BC,Canada,V0N1H0', postOfficeBox:'PO Box 477', aptNumber:'', street:'1000 Midnight Way', locality:'Brackendale', region:'BC', country:'Canada', postalCode:'V0N1H0'})"
"38","CREATE (:address{resourceNodeTypeID:11223, resourceNodeSubTypeID:NA, ID:1566, label:'Terrace Field Office', name:'', description:'', status:'active', start_date:'2017-01-24', end_date:'', addressString:'PO Box 216,,5235A Keith Avenue,Terrace,BC,Canada,V8G1L2', postOfficeBox:'PO Box 216', aptNumber:'', street:'5235A Keith Avenue', locality:'Terrace', region:'BC', country:'Canada', postalCode:'V8G1L2'})"
"39","CREATE (:address{resourceNodeTypeID:11223, resourceNodeSubTypeID:NA, ID:1567, label:'Vancouver (SEP)', name:'', description:'', status:'active', start_date:'2017-01-24', end_date:'', addressString:',,2734 Trinity Street,Vancouver,BC,Canada,V5K3E7', postOfficeBox:'', aptNumber:'', street:'2734 Trinity Street', locality:'Vancouver', region:'BC', country:'Canada', postalCode:'V5K3E7'})"
"40","CREATE (:address{resourceNodeTypeID:11223, resourceNodeSubTypeID:NA, ID:1568, label:'Williams Lake Field Office', name:'', description:'', status:'active', start_date:'2017-01-24', end_date:'', addressString:',,280C Third Avenue North,Williams Lake,BC,Canada,V2G4T5', postOfficeBox:'', aptNumber:'', street:'280C Third Avenue North', locality:'Williams Lake', region:'BC', country:'Canada', postalCode:'V2G4T5'})"
"41","CREATE (:address{resourceNodeTypeID:11223, resourceNodeSubTypeID:NA, ID:1569, label:'Canada Centre for Insland Waters (Bayfield Institute)', name:'', description:'', status:'active', start_date:'2017-01-24', end_date:'', addressString:',,867 Lakeshore Road,Burlington,ON,Canada,L7S1A1', postOfficeBox:'', aptNumber:'', street:'867 Lakeshore Road', locality:'Burlington', region:'ON', country:'Canada', postalCode:'L7S1A1'})"
"42","CREATE (:address{resourceNodeTypeID:11223, resourceNodeSubTypeID:NA, ID:1570, label:'Freshwater Institute', name:'', description:'', status:'active', start_date:'2017-01-24', end_date:'', addressString:',,501 University Crescent,Winnipeg,MN,Canada,R3T2N6', postOfficeBox:'', aptNumber:'', street:'501 University Crescent', locality:'Winnipeg', region:'MN', country:'Canada', postalCode:'R3T2N6'})"
"43","CREATE (:address{resourceNodeTypeID:11223, resourceNodeSubTypeID:NA, ID:1571, label:'Sea Lamprey Control Centre', name:'', description:'', status:'active', start_date:'2017-01-24', end_date:'', addressString:',,1219 Queen Street East,Sault Ste. Marie,ON,Canada,P6A2E5', postOfficeBox:'', aptNumber:'', street:'1219 Queen Street East', locality:'Sault Ste. Marie', region:'ON', country:'Canada', postalCode:'P6A2E5'})"
"44","CREATE (:address{resourceNodeTypeID:11223, resourceNodeSubTypeID:NA, ID:1572, label:'HQ', name:'', description:'', status:'active', start_date:'2017-01-24', end_date:'', addressString:',,200 Kent Street,Ottawa,ON,Canada,K1A0E6', postOfficeBox:'', aptNumber:'', street:'200 Kent Street', locality:'Ottawa', region:'ON', country:'Canada', postalCode:'K1A0E6'})"
"45","CREATE (:address{resourceNodeTypeID:11223, resourceNodeSubTypeID:NA, ID:1573, label:'Gulf Fisheries Centre', name:'', description:'', status:'active', start_date:'2017-01-24', end_date:'', addressString:',,343 University Avenue,Moncton,NB,Canada,E1C9B6', postOfficeBox:'', aptNumber:'', street:'343 University Avenue', locality:'Moncton', region:'NB', country:'Canada', postalCode:'E1C9B6'})"
"46","CREATE (:address{resourceNodeTypeID:11223, resourceNodeSubTypeID:NA, ID:1574, label:'Bedford Institute of Oceanography', name:'', description:'', status:'active', start_date:'2017-01-24', end_date:'', addressString:'PO Box 1006,,1 Challenger Drive,Dartmouth,NS,Canada,B2Y4A2', postOfficeBox:'PO Box 1006', aptNumber:'', street:'1 Challenger Drive', locality:'Dartmouth', region:'NS', country:'Canada', postalCode:'B2Y4A2'})"
"47","CREATE (:address{resourceNodeTypeID:11223, resourceNodeSubTypeID:NA, ID:1575, label:'Coldbrook Biodiversity Facility', name:'', description:'', status:'active', start_date:'2017-01-24', end_date:'', addressString:',,1420 Fish Hatchery Road, Hwy #1,Coldbrook,NS,Canada,B4R1B6', postOfficeBox:'', aptNumber:'', street:'1420 Fish Hatchery Road, Hwy #1', locality:'Coldbrook', region:'NS', country:'Canada', postalCode:'B4R1B6'})"
"48","CREATE (:address{resourceNodeTypeID:11223, resourceNodeSubTypeID:NA, ID:1576, label:'Mactaquac Biodiversity Facility', name:'', description:'', status:'active', start_date:'2017-01-24', end_date:'', addressString:',,114 Fish Hatchery Lane,French Village,NB,Canada,E3E2C6', postOfficeBox:'', aptNumber:'', street:'114 Fish Hatchery Lane', locality:'French Village', region:'NB', country:'Canada', postalCode:'E3E2C6'})"
"49","CREATE (:address{resourceNodeTypeID:11223, resourceNodeSubTypeID:NA, ID:1577, label:'St. Andrews Biological Station', name:'', description:'', status:'active', start_date:'2017-01-24', end_date:'', addressString:',,531 Brandy Cove Road,St. Andrews,NB,Canada,E5B2L9', postOfficeBox:'', aptNumber:'', street:'531 Brandy Cove Road', locality:'St. Andrews', region:'NB', country:'Canada', postalCode:'E5B2L9'})"
"50","CREATE (:address{resourceNodeTypeID:11223, resourceNodeSubTypeID:NA, ID:1578, label:'Northwest Atlantic Fisheries Centre', name:'', description:'', status:'active', start_date:'2017-01-24', end_date:'', addressString:'PO Box 5666,,80 East White Hills,St. John's,NL,Canada,A1C5X1', postOfficeBox:'PO Box 5666', aptNumber:'', street:'80 East White Hills', locality:'St. John's', region:'NL', country:'Canada', postalCode:'A1C5X1'})"
"51","CREATE (:address{resourceNodeTypeID:11223, resourceNodeSubTypeID:NA, ID:1579, label:'Institute Maurice Lamontagne', name:'', description:'', status:'active', start_date:'2017-01-24', end_date:'', addressString:',,850 Route de la Mer,Mont-Joli,QU,Canada,G5H3Z4', postOfficeBox:'', aptNumber:'', street:'850 Route de la Mer', locality:'Mont-Joli', region:'QU', country:'Canada', postalCode:'G5H3Z4'})"
"52","CREATE (:address{resourceNodeTypeID:11223, resourceNodeSubTypeID:NA, ID:1580, label:'Pacific Biological Station', name:'', description:'', status:'active', start_date:'2017-01-24', end_date:'', addressString:',,3190 Hammond Bay Road,Nanaimo,BC,Canada,V9T6N7', postOfficeBox:'', aptNumber:'', street:'3190 Hammond Bay Road', locality:'Nanaimo', region:'BC', country:'Canada', postalCode:'V9T6N7'})"
"53","CREATE (:address{resourceNodeTypeID:11223, resourceNodeSubTypeID:NA, ID:1581, label:'Simon Fraser University', name:'', description:'', status:'active', start_date:'2017-01-24', end_date:'', addressString:',,8888 University Drive,Burnaby,BC,Canada,V5A1S6', postOfficeBox:'', aptNumber:'', street:'8888 University Drive', locality:'Burnaby', region:'BC', country:'Canada', postalCode:'V5A1S6'})"
"54","CREATE (:address{resourceNodeTypeID:11223, resourceNodeSubTypeID:NA, ID:1582, label:'Institute of Ocean Sciences', name:'', description:'', status:'active', start_date:'2017-01-24', end_date:'', addressString:',,9860 West Saanich Road,Sidney,BC,Canada,V8L4B2', postOfficeBox:'', aptNumber:'', street:'9860 West Saanich Road', locality:'Sidney', region:'BC', country:'Canada', postalCode:'V8L4B2'})"
"55","CREATE (:address{resourceNodeTypeID:11223, resourceNodeSubTypeID:NA, ID:1583, label:'Cultus Lake Salmon Research Laboratory', name:'', description:'', status:'active', start_date:'2017-01-24', end_date:'', addressString:',,4222 Columbia Valley Highway,Cultus Lake,BC,Canada,V2R5B6', postOfficeBox:'', aptNumber:'', street:'4222 Columbia Valley Highway', locality:'Cultus Lake', region:'BC', country:'Canada', postalCode:'V2R5B6'})"
"56","CREATE (:address{resourceNodeTypeID:11223, resourceNodeSubTypeID:NA, ID:1584, label:'Whitehorse Field Office', name:'', description:'', status:'active', start_date:'2017-01-24', end_date:'', addressString:',,100 - 419 Range Road,Whitehorse,YT,Canada,Y1A3V1', postOfficeBox:'', aptNumber:'', street:'100 - 419 Range Road', locality:'Whitehorse', region:'YT', country:'Canada', postalCode:'Y1A3V1'})"
"57","CREATE (:address{resourceNodeTypeID:11223, resourceNodeSubTypeID:NA, ID:1585, label:'Prince Rupert Field Office', name:'', description:'', status:'active', start_date:'2017-01-24', end_date:'', addressString:',,417 2nd Ave West,Prince Rupert,BC,Canada,V8J1G8', postOfficeBox:'', aptNumber:'', street:'417 2nd Ave West', locality:'Prince Rupert', region:'BC', country:'Canada', postalCode:'V8J1G8'})"
"58","CREATE (:address{resourceNodeTypeID:11223, resourceNodeSubTypeID:NA, ID:1586, label:'South Coast Area Office', name:'', description:'', status:'active', start_date:'2017-01-24', end_date:'', addressString:',,3225 Stephenson Point Road,Nanaimo,BC,Canada,V9T1K3', postOfficeBox:'', aptNumber:'', street:'3225 Stephenson Point Road', locality:'Nanaimo', region:'BC', country:'Canada', postalCode:'V9T1K3'})"
"59","CREATE (:address{resourceNodeTypeID:11223, resourceNodeSubTypeID:NA, ID:1587, label:'Kamloops Field Office', name:'', description:'', status:'active', start_date:'2017-01-24', end_date:'', addressString:',,985 McGill Place,Kamloops,BC,Canada,V2C6X6', postOfficeBox:'', aptNumber:'', street:'985 McGill Place', locality:'Kamloops', region:'BC', country:'Canada', postalCode:'V2C6X6'})"
"60","CREATE (:address{resourceNodeTypeID:11223, resourceNodeSubTypeID:NA, ID:1588, label:'Vancouver (RHQ)', name:'', description:'', status:'active', start_date:'2017-01-24', end_date:'', addressString:',,200-401 Burrard Street,Vancouver,BC,Canada,V6C3S4', postOfficeBox:'', aptNumber:'', street:'200-401 Burrard Street', locality:'Vancouver', region:'BC', country:'Canada', postalCode:'V6C3S4'})"
"61","CREATE (:address{resourceNodeTypeID:11223, resourceNodeSubTypeID:NA, ID:1589, label:'Centre for Aquaculture and Environmental Research', name:'', description:'', status:'active', start_date:'2017-01-24', end_date:'', addressString:',,4160 Marine Drive,West Vancouver,BC,Canada,V7V1N6', postOfficeBox:'', aptNumber:'', street:'4160 Marine Drive', locality:'West Vancouver', region:'BC', country:'Canada', postalCode:'V7V1N6'})"
"62","CREATE (:address{resourceNodeTypeID:11223, resourceNodeSubTypeID:NA, ID:1590, label:'Annacis Island', name:'', description:'', status:'active', start_date:'2017-01-24', end_date:'', addressString:',,100 Annacis Parkway, Unit 3,Delta,BC,Canada,V3M6A2', postOfficeBox:'', aptNumber:'', street:'100 Annacis Parkway, Unit 3', locality:'Delta', region:'BC', country:'Canada', postalCode:'V3M6A2'})"
