"","resourceLinkTypeID","resourceLinkSubTypeID","ID","fromResourceNodeID","fromResourceNodeTypeID","fromResourceNodeSubTypeID","toResourceNodeID","toResourceNodeTypeID","toResourceNodeSubTypeID","linkLabel","name","description","isPrimary","language","status","start_date","end_date"
"1",21274,0,1904,1215,"11214",NA,492,"11233",NA,"hasIdea","Aboriginal Fishery Guardian Program-hasIdea-Indigenous","","","","active","2017-10-24",""
"2",21274,0,1905,1215,"11214",NA,453,"11233",NA,"hasIdea","Aboriginal Fishery Guardian Program-hasIdea-First Nations","","","","active","2017-10-24",""
"3",21274,0,1906,1215,"11214",NA,369,"11233",NA,"hasIdea","Aboriginal Fishery Guardian Program-hasIdea-Aboriginal Organisations Science","","","","active","2017-10-24",""
"4",21274,0,1907,1215,"11214",NA,594,"11233",NA,"hasIdea","Aboriginal Fishery Guardian Program-hasIdea-stock assessment","","","","active","2017-10-24",""
"5",21274,0,1908,1215,"11214",NA,482,"11233",NA,"hasIdea","Aboriginal Fishery Guardian Program-hasIdea-habitat management","","","","active","2017-10-24",""
"6",21274,0,1909,1215,"11214",NA,477,"11233",NA,"hasIdea","Aboriginal Fishery Guardian Program-hasIdea-guardian","","","","active","2017-10-24",""
"7",21274,0,1910,1215,"11214",NA,412,"11233",NA,"hasIdea","Aboriginal Fishery Guardian Program-hasIdea-compliance","","","","active","2017-10-24",""
"8",21274,0,1911,1215,"11214",NA,445,"11233",NA,"hasIdea","Aboriginal Fishery Guardian Program-hasIdea-enforcement","","","","active","2017-10-24",""
"9",21274,0,1912,1215,"11214",NA,593,"11233",NA,"hasIdea","Aboriginal Fishery Guardian Program-hasIdea-stewardship","","","","active","2017-10-24",""
"10",21274,0,1913,1183,"11214",NA,455,"11233",NA,"hasIdea","Adult broodstock-hasIdea-fish fence","","","","active","2017-10-24",""
"11",21274,0,1914,1183,"11214",NA,374,"11233",NA,"hasIdea","Adult broodstock-hasIdea-adult enumeration","","","","active","2017-10-24",""
"12",21274,0,1915,1183,"11214",NA,390,"11233",NA,"hasIdea","Adult broodstock-hasIdea-broodstock collection","","","","active","2017-10-24",""
"13",21274,0,1916,1164,"11214",NA,381,"11233",NA,"hasIdea","Arctic Salmon-hasIdea-Arctic","","","","active","2017-10-24",""
"14",21274,0,1917,1164,"11214",NA,559,"11233",NA,"hasIdea","Arctic Salmon-hasIdea-salmon","","","","active","2017-10-24",""
"15",21274,0,1918,1164,"11214",NA,408,"11233",NA,"hasIdea","Arctic Salmon-hasIdea-colonization","","","","active","2017-10-24",""
"16",21274,0,1919,1164,"11214",NA,438,"11233",NA,"hasIdea","Arctic Salmon-hasIdea-distributional shifts","","","","active","2017-10-24",""
"17",21274,0,1920,1164,"11214",NA,404,"11233",NA,"hasIdea","Arctic Salmon-hasIdea-climate change","","","","active","2017-10-24",""
"18",21274,0,1921,1164,"11214",NA,401,"11233",NA,"hasIdea","Arctic Salmon-hasIdea-citizen science","","","","active","2017-10-24",""
"19",21274,0,1922,1164,"11214",NA,538,"11233",NA,"hasIdea","Arctic Salmon-hasIdea-population structure","","","","active","2017-10-24",""
"20",21274,0,1923,1164,"11214",NA,472,"11233",NA,"hasIdea","Arctic Salmon-hasIdea-genetics","","","","active","2017-10-24",""
"21",21274,0,1924,1164,"11214",NA,467,"11233",NA,"hasIdea","Arctic Salmon-hasIdea-freshwater habitat","","","","active","2017-10-24",""
"22",21274,0,1925,1164,"11214",NA,607,"11233",NA,"hasIdea","Arctic Salmon-hasIdea-thermal tolerances","","","","active","2017-10-24",""
"23",21274,0,1926,1177,"11214",NA,496,"11233",NA,"hasIdea","Area 25 Roundtable-hasIdea-Integrated fishery planning","","","","active","2017-10-24",""
"24",21274,0,1927,1177,"11214",NA,588,"11233",NA,"hasIdea","Area 25 Roundtable-hasIdea-stakeholders","","","","active","2017-10-24",""
"25",21274,0,1928,1177,"11214",NA,409,"11233",NA,"hasIdea","Area 25 Roundtable-hasIdea-commercial fisheries","","","","active","2017-10-24",""
"26",21274,0,1929,1177,"11214",NA,551,"11233",NA,"hasIdea","Area 25 Roundtable-hasIdea-recreational fisheries","","","","active","2017-10-24",""
"27",21274,0,1930,1177,"11214",NA,454,"11233",NA,"hasIdea","Area 25 Roundtable-hasIdea-First Nations fisheries","","","","active","2017-10-24",""
"28",21274,0,1931,1223,"11214",NA,500,"11233",NA,"hasIdea","Atlantic Salmon Juveniles Density Estimation-hasIdea-Juvenile density","","","","active","2017-10-24",""
"29",21274,0,1932,1223,"11214",NA,444,"11233",NA,"hasIdea","Atlantic Salmon Juveniles Density Estimation-hasIdea-electrofishing","","","","active","2017-10-24",""
"30",21274,0,1933,1223,"11214",NA,617,"11233",NA,"hasIdea","Atlantic Salmon Juveniles Density Estimation-hasIdea-year class strength","","","","active","2017-10-24",""
"31",21274,0,1934,1223,"11214",NA,480,"11233",NA,"hasIdea","Atlantic Salmon Juveniles Density Estimation-hasIdea-habitat features","","","","active","2017-10-24",""
"32",21274,0,1935,1223,"11214",NA,608,"11233",NA,"hasIdea","Atlantic Salmon Juveniles Density Estimation-hasIdea-thermic refugia","","","","active","2017-10-24",""
"33",21274,0,1936,1222,"11214",NA,536,"11233",NA,"hasIdea","Atlantic Salmon Supplementation-hasIdea-policy","","","","active","2017-10-24",""
"34",21274,0,1937,1222,"11214",NA,598,"11233",NA,"hasIdea","Atlantic Salmon Supplementation-hasIdea-stocking","","","","active","2017-10-24",""
"35",21274,0,1938,1222,"11214",NA,600,"11233",NA,"hasIdea","Atlantic Salmon Supplementation-hasIdea-supplementation","","","","active","2017-10-24",""
"36",21274,0,1939,1222,"11214",NA,484,"11233",NA,"hasIdea","Atlantic Salmon Supplementation-hasIdea-hatchery","","","","active","2017-10-24",""
"37",21274,0,1940,1198,"11214",NA,465,"11233",NA,"hasIdea","Bilateral Chinook/Chum Forecasts-hasIdea-forecasting","","","","active","2017-10-24",""
"38",21274,0,1941,1198,"11214",NA,558,"11233",NA,"hasIdea","Bilateral Chinook/Chum Forecasts-hasIdea-run timing","","","","active","2017-10-24",""
"39",21274,0,1942,1198,"11214",NA,398,"11233",NA,"hasIdea","Bilateral Chinook/Chum Forecasts-hasIdea-Chinook","","","","active","2017-10-24",""
"40",21274,0,1943,1198,"11214",NA,400,"11233",NA,"hasIdea","Bilateral Chinook/Chum Forecasts-hasIdea-Chum","","","","active","2017-10-24",""
"41",21274,0,1944,1146,"11214",NA,397,"11233",NA,"hasIdea","CEDP Stewardship-hasIdea-CEDP","","","","active","2017-10-24",""
"42",21274,0,1945,1146,"11214",NA,593,"11233",NA,"hasIdea","CEDP Stewardship-hasIdea-stewardship","","","","active","2017-10-24",""
"43",21274,0,1946,1162,"11214",NA,398,"11233",NA,"hasIdea","Chinook and Chum Population Assessments-hasIdea-Chinook","","","","active","2017-10-24",""
"44",21274,0,1947,1162,"11214",NA,399,"11233",NA,"hasIdea","Chinook and Chum Population Assessments-hasIdea-chum","","","","active","2017-10-24",""
"45",21274,0,1948,1162,"11214",NA,485,"11233",NA,"hasIdea","Chinook and Chum Population Assessments-hasIdea-hydro-acoustics","","","","active","2017-10-24",""
"46",21274,0,1949,1162,"11214",NA,448,"11233",NA,"hasIdea","Chinook and Chum Population Assessments-hasIdea-enumeration","","","","active","2017-10-24",""
"47",21274,0,1950,1162,"11214",NA,606,"11233",NA,"hasIdea","Chinook and Chum Population Assessments-hasIdea-test fisheries","","","","active","2017-10-24",""
"48",21274,0,1951,1162,"11214",NA,609,"11233",NA,"hasIdea","Chinook and Chum Population Assessments-hasIdea-time series","","","","active","2017-10-24",""
"49",21274,0,1952,1162,"11214",NA,572,"11233",NA,"hasIdea","Chinook and Chum Population Assessments-hasIdea-sex ratios","","","","active","2017-10-24",""
"50",21274,0,1953,1162,"11214",NA,376,"11233",NA,"hasIdea","Chinook and Chum Population Assessments-hasIdea-age","","","","active","2017-10-24",""
"51",21274,0,1954,1162,"11214",NA,503,"11233",NA,"hasIdea","Chinook and Chum Population Assessments-hasIdea-length","","","","active","2017-10-24",""
"52",21274,0,1955,1174,"11214",NA,425,"11233",NA,"hasIdea","Chinook and Coho CWT-hasIdea-data management","","","","active","2017-10-24",""
"53",21274,0,1956,1174,"11214",NA,421,"11233",NA,"hasIdea","Chinook and Coho CWT-hasIdea-CWT","","","","active","2017-10-24",""
"54",21274,0,1957,1174,"11214",NA,406,"11233",NA,"hasIdea","Chinook and Coho CWT-hasIdea-Coho","","","","active","2017-10-24",""
"55",21274,0,1958,1174,"11214",NA,398,"11233",NA,"hasIdea","Chinook and Coho CWT-hasIdea-Chinook","","","","active","2017-10-24",""
"56",21274,0,1959,1174,"11214",NA,498,"11233",NA,"hasIdea","Chinook and Coho CWT-hasIdea-international reporting","","","","active","2017-10-24",""
"57",21274,0,1960,1150,"11214",NA,580,"11233",NA,"hasIdea","Chinook Escapement Estimation-hasIdea-snorkel","","","","active","2017-10-24",""
"58",21274,0,1961,1150,"11214",NA,387,"11233",NA,"hasIdea","Chinook Escapement Estimation-hasIdea-AUV","","","","active","2017-10-24",""
"59",21274,0,1962,1150,"11214",NA,528,"11233",NA,"hasIdea","Chinook Escapement Estimation-hasIdea-periodic surveys","","","","active","2017-10-24",""
"60",21274,0,1963,1220,"11214",NA,529,"11233",NA,"hasIdea","Climate and Juvenile Salmon-hasIdea-phenology","","","","active","2017-10-24",""
"61",21274,0,1964,1220,"11214",NA,574,"11233",NA,"hasIdea","Climate and Juvenile Salmon-hasIdea-smolt","","","","active","2017-10-24",""
"62",21274,0,1965,1220,"11214",NA,576,"11233",NA,"hasIdea","Climate and Juvenile Salmon-hasIdea-smolt outmigration","","","","active","2017-10-24",""
"63",21274,0,1966,1220,"11214",NA,403,"11233",NA,"hasIdea","Climate and Juvenile Salmon-hasIdea-climate","","","","active","2017-10-24",""
"64",21274,0,1967,1220,"11214",NA,575,"11233",NA,"hasIdea","Climate and Juvenile Salmon-hasIdea-smolt attributes","","","","active","2017-10-24",""
"65",21274,0,1968,1168,"11214",NA,604,"11233",NA,"hasIdea","Coastal Migration of Salmon-hasIdea-telemetry","","","","active","2017-10-24",""
"66",21274,0,1969,1168,"11214",NA,514,"11233",NA,"hasIdea","Coastal Migration of Salmon-hasIdea-migration","","","","active","2017-10-24",""
"67",21274,0,1970,1168,"11214",NA,380,"11233",NA,"hasIdea","Coastal Migration of Salmon-hasIdea-aquaculture","","","","active","2017-10-24",""
"68",21274,0,1971,1168,"11214",NA,385,"11233",NA,"hasIdea","Coastal Migration of Salmon-hasIdea-Atlantic salmon","","","","active","2017-10-24",""
"69",21274,0,1972,1210,"11214",NA,532,"11233",NA,"hasIdea","Columbia River Sockeye Smolts-hasIdea-PIT tags","","","","active","2017-10-24",""
"70",21274,0,1973,1210,"11214",NA,582,"11233",NA,"hasIdea","Columbia River Sockeye Smolts-hasIdea-Sockeye","","","","active","2017-10-24",""
"71",21274,0,1974,1210,"11214",NA,574,"11233",NA,"hasIdea","Columbia River Sockeye Smolts-hasIdea-smolt","","","","active","2017-10-24",""
"72",21274,0,1975,1210,"11214",NA,469,"11233",NA,"hasIdea","Columbia River Sockeye Smolts-hasIdea-freshwater survival","","","","active","2017-10-24",""
"73",21274,0,1976,1210,"11214",NA,423,"11233",NA,"hasIdea","Columbia River Sockeye Smolts-hasIdea-dam","","","","active","2017-10-24",""
"74",21274,0,1977,1210,"11214",NA,460,"11233",NA,"hasIdea","Columbia River Sockeye Smolts-hasIdea-fish travel time","","","","active","2017-10-24",""
"75",21274,0,1978,1210,"11214",NA,615,"11233",NA,"hasIdea","Columbia River Sockeye Smolts-hasIdea-water travel time","","","","active","2017-10-24",""
"76",21274,0,1979,1156,"11214",NA,396,"11233",NA,"hasIdea","Commercial Catch Monitoring-hasIdea-catches","","","","active","2017-10-24",""
"77",21274,0,1980,1148,"11214",NA,440,"11233",NA,"hasIdea","Drone Maps-hasIdea-drone mapping","","","","active","2017-10-24",""
"78",21274,0,1981,1148,"11214",NA,473,"11233",NA,"hasIdea","Drone Maps-hasIdea-GIS","","","","active","2017-10-24",""
"79",21274,0,1982,1148,"11214",NA,549,"11233",NA,"hasIdea","Drone Maps-hasIdea-rearing habitat","","","","active","2017-10-24",""
"80",21274,0,1983,1148,"11214",NA,466,"11233",NA,"hasIdea","Drone Maps-hasIdea-freshwater census","","","","active","2017-10-24",""
"81",21274,0,1984,1148,"11214",NA,507,"11233",NA,"hasIdea","Drone Maps-hasIdea-mapping of bottom habitat","","","","active","2017-10-24",""
"82",21274,0,1985,1148,"11214",NA,451,"11233",NA,"hasIdea","Drone Maps-hasIdea-estuaries","","","","active","2017-10-24",""
"83",21274,0,1986,1209,"11214",NA,447,"11233",NA,"hasIdea","Enhancement Business Practices-hasIdea-enhancement","","","","active","2017-10-24",""
"84",21274,0,1987,1209,"11214",NA,392,"11233",NA,"hasIdea","Enhancement Business Practices-hasIdea-business practices","","","","active","2017-10-24",""
"85",21274,0,1988,1209,"11214",NA,536,"11233",NA,"hasIdea","Enhancement Business Practices-hasIdea-policy","","","","active","2017-10-24",""
"86",21274,0,1989,1209,"11214",NA,478,"11233",NA,"hasIdea","Enhancement Business Practices-hasIdea-guidelines","","","","active","2017-10-24",""
"87",21274,0,1990,1209,"11214",NA,595,"11233",NA,"hasIdea","Enhancement Business Practices-hasIdea-stock enhancement","","","","active","2017-10-24",""
"88",21274,0,1991,1209,"11214",NA,542,"11233",NA,"hasIdea","Enhancement Business Practices-hasIdea-production planning","","","","active","2017-10-24",""
"89",21274,0,1992,1209,"11214",NA,383,"11233",NA,"hasIdea","Enhancement Business Practices-hasIdea-assessment","","","","active","2017-10-24",""
"90",21274,0,1993,1209,"11214",NA,571,"11233",NA,"hasIdea","Enhancement Business Practices-hasIdea-SEP","","","","active","2017-10-24",""
"91",21274,0,1994,1181,"11214",NA,447,"11233",NA,"hasIdea","Enhancement program planning-hasIdea-enhancement","","","","active","2017-10-24",""
"92",21274,0,1995,1181,"11214",NA,566,"11233",NA,"hasIdea","Enhancement program planning-hasIdea-salmon production","","","","active","2017-10-24",""
"93",21274,0,1996,1181,"11214",NA,535,"11233",NA,"hasIdea","Enhancement program planning-hasIdea-planning","","","","active","2017-10-24",""
"94",21274,0,1997,1181,"11214",NA,383,"11233",NA,"hasIdea","Enhancement program planning-hasIdea-assessment","","","","active","2017-10-24",""
"95",21274,0,1998,1212,"11214",NA,421,"11233",NA,"hasIdea","Enhancing Stocks For Assessment-hasIdea-CWT","","","","active","2017-10-24",""
"96",21274,0,1999,1212,"11214",NA,373,"11233",NA,"hasIdea","Enhancing Stocks For Assessment-hasIdea-adipose clip","","","","active","2017-10-24",""
"97",21274,0,2000,1212,"11214",NA,490,"11233",NA,"hasIdea","Enhancing Stocks For Assessment-hasIdea-indicator stock","","","","active","2017-10-24",""
"98",21274,0,2001,1165,"11214",NA,379,"11233",NA,"hasIdea","Environmental stressors-hasIdea-anthropic stressors","","","","active","2017-10-24",""
"99",21274,0,2002,1165,"11214",NA,495,"11233",NA,"hasIdea","Environmental stressors-hasIdea-instream flow","","","","active","2017-10-24",""
"100",21274,0,2003,1165,"11214",NA,461,"11233",NA,"hasIdea","Environmental stressors-hasIdea-fish-forestry interactions","","","","active","2017-10-24",""
"101",21274,0,2004,1165,"11214",NA,488,"11233",NA,"hasIdea","Environmental stressors-hasIdea-hydroelectric development","","","","active","2017-10-24",""
"102",21274,0,2005,1165,"11214",NA,457,"11233",NA,"hasIdea","Environmental stressors-hasIdea-fish passage","","","","active","2017-10-24",""
"103",21274,0,2006,1186,"11214",NA,508,"11233",NA,"hasIdea","Epidemiology NPLD-hasIdea-marine algal toxins","","","","active","2017-10-24",""
"104",21274,0,2007,1186,"11214",NA,436,"11233",NA,"hasIdea","Epidemiology NPLD-hasIdea-disease","","","","active","2017-10-24",""
"105",21274,0,2008,1186,"11214",NA,565,"11233",NA,"hasIdea","Epidemiology NPLD-hasIdea-salmon interactions","","","","active","2017-10-24",""
"106",21274,0,2009,1186,"11214",NA,526,"11233",NA,"hasIdea","Epidemiology NPLD-hasIdea-pathogens","","","","active","2017-10-24",""
"107",21274,0,2010,1186,"11214",NA,525,"11233",NA,"hasIdea","Epidemiology NPLD-hasIdea-parasites","","","","active","2017-10-24",""
"108",21274,0,2011,1179,"11214",NA,464,"11233",NA,"hasIdea","Fish Passage of Dams-hasIdea-fishway","","","","active","2017-10-24",""
"109",21274,0,2012,1218,"11214",NA,582,"11233",NA,"hasIdea","Food and Growth in Sockeye-hasIdea-Sockeye","","","","active","2017-10-24",""
"110",21274,0,2013,1218,"11214",NA,514,"11233",NA,"hasIdea","Food and Growth in Sockeye-hasIdea-migration","","","","active","2017-10-24",""
"111",21274,0,2014,1218,"11214",NA,476,"11233",NA,"hasIdea","Food and Growth in Sockeye-hasIdea-growth indicators","","","","active","2017-10-24",""
"112",21274,0,2015,1218,"11214",NA,509,"11233",NA,"hasIdea","Food and Growth in Sockeye-hasIdea-marine survival","","","","active","2017-10-24",""
"113",21274,0,2016,1140,"11214",NA,581,"11233",NA,"hasIdea","Fraser Sockeye Spawning Initiative-hasIdea-sockeye","","","","active","2017-10-24",""
"114",21274,0,2017,1140,"11214",NA,450,"11233",NA,"hasIdea","Fraser Sockeye Spawning Initiative-hasIdea-escapement plans","","","","active","2017-10-24",""
"115",21274,0,2018,1140,"11214",NA,506,"11233",NA,"hasIdea","Fraser Sockeye Spawning Initiative-hasIdea-management strategy evaluation","","","","active","2017-10-24",""
"116",21274,0,2019,1139,"11214",NA,492,"11233",NA,"hasIdea","FSC catch monitoring-hasIdea-Indigenous","","","","active","2017-10-24",""
"117",21274,0,2020,1139,"11214",NA,453,"11233",NA,"hasIdea","FSC catch monitoring-hasIdea-First Nations","","","","active","2017-10-24",""
"118",21274,0,2021,1139,"11214",NA,367,"11233",NA,"hasIdea","FSC catch monitoring-hasIdea-Aboriginal organisations","","","","active","2017-10-24",""
"119",21274,0,2022,1139,"11214",NA,470,"11233",NA,"hasIdea","FSC catch monitoring-hasIdea-FSC","","","","active","2017-10-24",""
"120",21274,0,2023,1139,"11214",NA,463,"11233",NA,"hasIdea","FSC catch monitoring-hasIdea-Fisheries monitoring","","","","active","2017-10-24",""
"121",21274,0,2024,1139,"11214",NA,395,"11233",NA,"hasIdea","FSC catch monitoring-hasIdea-catch reporting","","","","active","2017-10-24",""
"122",21274,0,2025,1208,"11214",NA,554,"11233",NA,"hasIdea","FSERP-hasIdea-research projects","","","","active","2017-10-24",""
"123",21274,0,2026,1216,"11214",NA,483,"11233",NA,"hasIdea","Habitat Benchmarks of CUs-hasIdea-habitat-based benchmarks","","","","active","2017-10-24",""
"124",21274,0,2027,1216,"11214",NA,616,"11233",NA,"hasIdea","Habitat Benchmarks of CUs-hasIdea-WSP","","","","active","2017-10-24",""
"125",21274,0,2028,1216,"11214",NA,429,"11233",NA,"hasIdea","Habitat Benchmarks of CUs-hasIdea-data-limited CU","","","","active","2017-10-24",""
"126",21274,0,2029,1216,"11214",NA,591,"11233",NA,"hasIdea","Habitat Benchmarks of CUs-hasIdea-status assessment","","","","active","2017-10-24",""
"127",21274,0,2030,1200,"11214",NA,479,"11233",NA,"hasIdea","Habitat Compensation/Restoration-hasIdea-habitat compensation","","","","active","2017-10-24",""
"128",21274,0,2031,1200,"11214",NA,522,"11233",NA,"hasIdea","Habitat Compensation/Restoration-hasIdea-offsetting","","","","active","2017-10-24",""
"129",21274,0,2032,1200,"11214",NA,555,"11233",NA,"hasIdea","Habitat Compensation/Restoration-hasIdea-restoration","","","","active","2017-10-24",""
"130",21274,0,2033,1219,"11214",NA,456,"11233",NA,"hasIdea","Habitat Population Linkages-hasIdea-fish habitat research","","","","active","2017-10-24",""
"131",21274,0,2034,1219,"11214",NA,458,"11233",NA,"hasIdea","Habitat Population Linkages-hasIdea-fish productivity","","","","active","2017-10-24",""
"132",21274,0,2035,1219,"11214",NA,413,"11233",NA,"hasIdea","Habitat Population Linkages-hasIdea-connectivity","","","","active","2017-10-24",""
"133",21274,0,2036,1213,"11214",NA,514,"11233",NA,"hasIdea","Hydro-acoustics: Juvenile Salmon-hasIdea-migration","","","","active","2017-10-24",""
"134",21274,0,2037,1213,"11214",NA,388,"11233",NA,"hasIdea","Hydro-acoustics: Juvenile Salmon-hasIdea-behavior","","","","active","2017-10-24",""
"135",21274,0,2038,1213,"11214",NA,501,"11233",NA,"hasIdea","Hydro-acoustics: Juvenile Salmon-hasIdea-juvenile salmon","","","","active","2017-10-24",""
"136",21274,0,2039,1211,"11214",NA,564,"11233",NA,"hasIdea","Incubation Systems-hasIdea-salmon incubation","","","","active","2017-10-24",""
"137",21274,0,2040,1211,"11214",NA,548,"11233",NA,"hasIdea","Incubation Systems-hasIdea-re-circulation incubation system","","","","active","2017-10-24",""
"138",21274,0,2041,1211,"11214",NA,569,"11233",NA,"hasIdea","Incubation Systems-hasIdea-sand and charcoal filtration","","","","active","2017-10-24",""
"139",21274,0,2042,1211,"11214",NA,610,"11233",NA,"hasIdea","Incubation Systems-hasIdea-ultraviolet sterilization","","","","active","2017-10-24",""
"140",21274,0,2043,1211,"11214",NA,614,"11233",NA,"hasIdea","Incubation Systems-hasIdea-water quality","","","","active","2017-10-24",""
"141",21274,0,2044,1211,"11214",NA,603,"11233",NA,"hasIdea","Incubation Systems-hasIdea-survival rate","","","","active","2017-10-24",""
"142",21274,0,2045,1211,"11214",NA,484,"11233",NA,"hasIdea","Incubation Systems-hasIdea-hatchery","","","","active","2017-10-24",""
"143",21274,0,2046,1190,"11214",NA,492,"11233",NA,"hasIdea","Indigenous Stock Assessment-hasIdea-Indigenous","","","","active","2017-10-24",""
"144",21274,0,2047,1190,"11214",NA,453,"11233",NA,"hasIdea","Indigenous Stock Assessment-hasIdea-First Nations","","","","active","2017-10-24",""
"145",21274,0,2048,1190,"11214",NA,368,"11233",NA,"hasIdea","Indigenous Stock Assessment-hasIdea-Aboriginal organisations  science","","","","active","2017-10-24",""
"146",21274,0,2049,1190,"11214",NA,594,"11233",NA,"hasIdea","Indigenous Stock Assessment-hasIdea-stock assessment","","","","active","2017-10-24",""
"147",21274,0,2050,1190,"11214",NA,482,"11233",NA,"hasIdea","Indigenous Stock Assessment-hasIdea-habitat management","","","","active","2017-10-24",""
"148",21274,0,2051,1214,"11214",NA,493,"11233",NA,"hasIdea","Infections in Juvenile Salmon-hasIdea-infectious agents","","","","active","2017-10-24",""
"149",21274,0,2052,1214,"11214",NA,515,"11233",NA,"hasIdea","Infections in Juvenile Salmon-hasIdea-molecular epidemiology","","","","active","2017-10-24",""
"150",21274,0,2053,1214,"11214",NA,527,"11233",NA,"hasIdea","Infections in Juvenile Salmon-hasIdea-PCR","","","","active","2017-10-24",""
"151",21274,0,2054,1214,"11214",NA,501,"11233",NA,"hasIdea","Infections in Juvenile Salmon-hasIdea-juvenile salmon","","","","active","2017-10-24",""
"152",21274,0,2055,1180,"11214",NA,385,"11233",NA,"hasIdea","International Governance-hasIdea-Atlantic salmon","","","","active","2017-10-24",""
"153",21274,0,2056,1180,"11214",NA,539,"11233",NA,"hasIdea","International Governance-hasIdea-post smolt migrations","","","","active","2017-10-24",""
"154",21274,0,2057,1180,"11214",NA,516,"11233",NA,"hasIdea","International Governance-hasIdea-mortality at sea","","","","active","2017-10-24",""
"155",21274,0,2058,1180,"11214",NA,372,"11233",NA,"hasIdea","International Governance-hasIdea-acoustics","","","","active","2017-10-24",""
"156",21274,0,2059,1180,"11214",NA,370,"11233",NA,"hasIdea","International Governance-hasIdea-acoustic tag tech","","","","active","2017-10-24",""
"157",21274,0,2060,1161,"11214",NA,524,"11233",NA,"hasIdea","International Year of the Salmon-hasIdea-Pacific salmon","","","","active","2017-10-24",""
"158",21274,0,2061,1161,"11214",NA,385,"11233",NA,"hasIdea","International Year of the Salmon-hasIdea-Atlantic salmon","","","","active","2017-10-24",""
"159",21274,0,2062,1161,"11214",NA,568,"11233",NA,"hasIdea","International Year of the Salmon-hasIdea-salmon status","","","","active","2017-10-24",""
"160",21274,0,2063,1161,"11214",NA,404,"11233",NA,"hasIdea","International Year of the Salmon-hasIdea-climate change","","","","active","2017-10-24",""
"161",21274,0,2064,1161,"11214",NA,407,"11233",NA,"hasIdea","International Year of the Salmon-hasIdea-collaboration","","","","active","2017-10-24",""
"162",21274,0,2065,1204,"11214",NA,557,"11233",NA,"hasIdea","Juvenile Chinook Assessment-hasIdea-RST","","","","active","2017-10-24",""
"163",21274,0,2066,1204,"11214",NA,612,"11233",NA,"hasIdea","Juvenile Chinook Assessment-hasIdea-VIE","","","","active","2017-10-24",""
"164",21274,0,2067,1204,"11214",NA,468,"11233",NA,"hasIdea","Juvenile Chinook Assessment-hasIdea-freshwater juvenile abundance","","","","active","2017-10-24",""
"165",21274,0,2068,1204,"11214",NA,398,"11233",NA,"hasIdea","Juvenile Chinook Assessment-hasIdea-Chinook","","","","active","2017-10-24",""
"166",21274,0,2069,1199,"11214",NA,502,"11233",NA,"hasIdea","Juvenile Sockeye Health-hasIdea-juvenile sockeye health","","","","active","2017-10-24",""
"167",21274,0,2070,1199,"11214",NA,613,"11233",NA,"hasIdea","Juvenile Sockeye Health-hasIdea-virus","","","","active","2017-10-24",""
"168",21274,0,2071,1199,"11214",NA,475,"11233",NA,"hasIdea","Juvenile Sockeye Health-hasIdea-growth","","","","active","2017-10-24",""
"169",21274,0,2072,1199,"11214",NA,596,"11233",NA,"hasIdea","Juvenile Sockeye Health-hasIdea-stock identification","","","","active","2017-10-24",""
"173",21274,0,2073,1167,"11214",NA,375,"11233",NA,"hasIdea","Marine Growth Fraser Sockeye-hasIdea-adult returns","","","","active","2017-10-24",""
"174",21274,0,2074,1167,"11214",NA,567,"11233",NA,"hasIdea","Marine Growth Fraser Sockeye-hasIdea-salmon productivity","","","","active","2017-10-24",""
"175",21274,0,2075,1167,"11214",NA,441,"11233",NA,"hasIdea","Marine Growth Fraser Sockeye-hasIdea-early marine growth","","","","active","2017-10-24",""
"176",21274,0,2076,1167,"11214",NA,578,"11233",NA,"hasIdea","Marine Growth Fraser Sockeye-hasIdea-smolt phenology","","","","active","2017-10-24",""
"177",21274,0,2077,1167,"11214",NA,520,"11233",NA,"hasIdea","Marine Growth Fraser Sockeye-hasIdea-ocean habitat conditions","","","","active","2017-10-24",""
"178",21274,0,2078,1176,"11214",NA,579,"11233",NA,"hasIdea","Marine mortality, Jacques-Cartier Salmon-hasIdea-Smolts","","","","active","2017-10-24",""
"179",21274,0,2079,1176,"11214",NA,514,"11233",NA,"hasIdea","Marine mortality, Jacques-Cartier Salmon-hasIdea-migration","","","","active","2017-10-24",""
"180",21274,0,2080,1176,"11214",NA,516,"11233",NA,"hasIdea","Marine mortality, Jacques-Cartier Salmon-hasIdea-mortality at sea","","","","active","2017-10-24",""
"181",21274,0,2081,1176,"11214",NA,371,"11233",NA,"hasIdea","Marine mortality, Jacques-Cartier Salmon-hasIdea-acoustic telemetry","","","","active","2017-10-24",""
"182",21274,0,2082,1197,"11214",NA,517,"11233",NA,"hasIdea","Marine Salmon: Climate and Competition-hasIdea-North Pacific","","","","active","2017-10-24",""
"183",21274,0,2083,1197,"11214",NA,377,"11233",NA,"hasIdea","Marine Salmon: Climate and Competition-hasIdea-Alaska","","","","active","2017-10-24",""
"184",21274,0,2084,1197,"11214",NA,559,"11233",NA,"hasIdea","Marine Salmon: Climate and Competition-hasIdea-salmon","","","","active","2017-10-24",""
"185",21274,0,2085,1197,"11214",NA,430,"11233",NA,"hasIdea","Marine Salmon: Climate and Competition-hasIdea-density dependence","","","","active","2017-10-24",""
"186",21274,0,2086,1197,"11214",NA,405,"11233",NA,"hasIdea","Marine Salmon: Climate and Competition-hasIdea-climate effects","","","","active","2017-10-24",""
"187",21274,0,2087,1197,"11214",NA,475,"11233",NA,"hasIdea","Marine Salmon: Climate and Competition-hasIdea-growth","","","","active","2017-10-24",""
"188",21274,0,2088,1163,"11214",NA,519,"11233",NA,"hasIdea","Net Pen Liver Disease-hasIdea-NPLD","","","","active","2017-10-24",""
"189",21274,0,2089,1163,"11214",NA,513,"11233",NA,"hasIdea","Net Pen Liver Disease-hasIdea-microcystin","","","","active","2017-10-24",""
"190",21274,0,2090,1163,"11214",NA,584,"11233",NA,"hasIdea","Net Pen Liver Disease-hasIdea-SPATT","","","","active","2017-10-24",""
"191",21274,0,2091,1163,"11214",NA,505,"11233",NA,"hasIdea","Net Pen Liver Disease-hasIdea-liver","","","","active","2017-10-24",""
"192",21274,0,2092,1163,"11214",NA,422,"11233",NA,"hasIdea","Net Pen Liver Disease-hasIdea-cyanobacteria.","","","","active","2017-10-24",""
"193",21274,0,2093,1207,"11214",NA,577,"11233",NA,"hasIdea","New Brunswick Smolt Migration.-hasIdea-smolt passage","","","","active","2017-10-24",""
"194",21274,0,2094,1207,"11214",NA,487,"11233",NA,"hasIdea","New Brunswick Smolt Migration.-hasIdea-hydroelectric dam","","","","active","2017-10-24",""
"195",21274,0,2095,1141,"11214",NA,556,"11233",NA,"hasIdea","Novel Organisms-hasIdea-Risk assessment","","","","active","2017-10-24",""
"196",21274,0,2096,1141,"11214",NA,442,"11233",NA,"hasIdea","Novel Organisms-hasIdea-ecosystem model","","","","active","2017-10-24",""
"197",21274,0,2097,1141,"11214",NA,518,"11233",NA,"hasIdea","Novel Organisms-hasIdea-novel organism","","","","active","2017-10-24",""
"198",21274,0,2098,1141,"11214",NA,474,"11233",NA,"hasIdea","Novel Organisms-hasIdea-GMO","","","","active","2017-10-24",""
"199",21274,0,2099,1141,"11214",NA,439,"11233",NA,"hasIdea","Novel Organisms-hasIdea-domestication","","","","active","2017-10-24",""
"200",21274,0,2100,1141,"11214",NA,484,"11233",NA,"hasIdea","Novel Organisms-hasIdea-hatchery","","","","active","2017-10-24",""
"201",21274,0,2101,1141,"11214",NA,499,"11233",NA,"hasIdea","Novel Organisms-hasIdea-invasive species","","","","active","2017-10-24",""
"202",21274,0,2102,1191,"11214",NA,559,"11233",NA,"hasIdea","NuSEDS-hasIdea-salmon","","","","active","2017-10-24",""
"203",21274,0,2103,1191,"11214",NA,449,"11233",NA,"hasIdea","NuSEDS-hasIdea-escapement","","","","active","2017-10-24",""
"204",21274,0,2104,1144,"11214",NA,425,"11233",NA,"hasIdea","Open Data-hasIdea-data management","","","","active","2017-10-24",""
"205",21274,0,2105,1144,"11214",NA,428,"11233",NA,"hasIdea","Open Data-hasIdea-data standards","","","","active","2017-10-24",""
"206",21274,0,2106,1144,"11214",NA,523,"11233",NA,"hasIdea","Open Data-hasIdea-open data","","","","active","2017-10-24",""
"207",21274,0,2107,1144,"11214",NA,427,"11233",NA,"hasIdea","Open Data-hasIdea-data sharing","","","","active","2017-10-24",""
"208",21274,0,2108,1159,"11214",NA,594,"11233",NA,"hasIdea","Pacific Salmon Issues-hasIdea-stock assessment","","","","active","2017-10-24",""
"209",21274,0,2109,1159,"11214",NA,497,"11233",NA,"hasIdea","Pacific Salmon Issues-hasIdea-international","","","","active","2017-10-24",""
"210",21274,0,2110,1159,"11214",NA,536,"11233",NA,"hasIdea","Pacific Salmon Issues-hasIdea-policy","","","","active","2017-10-24",""
"211",21274,0,2111,1159,"11214",NA,471,"11233",NA,"hasIdea","Pacific Salmon Issues-hasIdea-funding programs","","","","active","2017-10-24",""
"212",21274,0,2112,1159,"11214",NA,553,"11233",NA,"hasIdea","Pacific Salmon Issues-hasIdea-research management","","","","active","2017-10-24",""
"213",21274,0,2113,1159,"11214",NA,425,"11233",NA,"hasIdea","Pacific Salmon Issues-hasIdea-data management","","","","active","2017-10-24",""
"214",21274,0,2114,1159,"11214",NA,570,"11233",NA,"hasIdea","Pacific Salmon Issues-hasIdea-science advice","","","","active","2017-10-24",""
"215",21274,0,2115,1159,"11214",NA,491,"11233",NA,"hasIdea","Pacific Salmon Issues-hasIdea-indigenous","","","","active","2017-10-24",""
"216",21274,0,2116,1159,"11214",NA,380,"11233",NA,"hasIdea","Pacific Salmon Issues-hasIdea-aquaculture","","","","active","2017-10-24",""
"217",21274,0,2117,1159,"11214",NA,391,"11233",NA,"hasIdea","Pacific Salmon Issues-hasIdea-budgets","","","","active","2017-10-24",""
"218",21274,0,2118,1159,"11214",NA,393,"11233",NA,"hasIdea","Pacific Salmon Issues-hasIdea-catch monitoring","","","","active","2017-10-24",""
"219",21274,0,2119,1159,"11214",NA,552,"11233",NA,"hasIdea","Pacific Salmon Issues-hasIdea-regional fishery management organizations","","","","active","2017-10-24",""
"220",21274,0,2120,1159,"11214",NA,586,"11233",NA,"hasIdea","Pacific Salmon Issues-hasIdea-species at risk","","","","active","2017-10-24",""
"221",21274,0,2121,1159,"11214",NA,386,"11233",NA,"hasIdea","Pacific Salmon Issues-hasIdea-audits","","","","active","2017-10-24",""
"222",21274,0,2122,1159,"11214",NA,512,"11233",NA,"hasIdea","Pacific Salmon Issues-hasIdea-memos","","","","active","2017-10-24",""
"223",21274,0,2123,1159,"11214",NA,411,"11233",NA,"hasIdea","Pacific Salmon Issues-hasIdea-communications","","","","active","2017-10-24",""
"224",21274,0,2124,1159,"11214",NA,414,"11233",NA,"hasIdea","Pacific Salmon Issues-hasIdea-conservation","","","","active","2017-10-24",""
"225",21274,0,2125,1173,"11214",NA,437,"11233",NA,"hasIdea","Pathogen Risk-hasIdea-disease risk","","","","active","2017-10-24",""
"226",21274,0,2126,1194,"11214",NA,375,"11233",NA,"hasIdea","Quinsam and Campbell River Salmon-hasIdea-adult returns","","","","active","2017-10-24",""
"227",21274,0,2127,1194,"11214",NA,398,"11233",NA,"hasIdea","Quinsam and Campbell River Salmon-hasIdea-Chinook","","","","active","2017-10-24",""
"228",21274,0,2128,1194,"11214",NA,406,"11233",NA,"hasIdea","Quinsam and Campbell River Salmon-hasIdea-Coho","","","","active","2017-10-24",""
"229",21274,0,2129,1194,"11214",NA,602,"11233",NA,"hasIdea","Quinsam and Campbell River Salmon-hasIdea-survival","","","","active","2017-10-24",""
"230",21274,0,2130,1194,"11214",NA,537,"11233",NA,"hasIdea","Quinsam and Campbell River Salmon-hasIdea-population","","","","active","2017-10-24",""
"231",21274,0,2131,1157,"11214",NA,432,"11233",NA,"hasIdea","Recreational Fishery Transformation-hasIdea-design outreach models","","","","active","2017-10-24",""
"232",21274,0,2132,1157,"11214",NA,446,"11233",NA,"hasIdea","Recreational Fishery Transformation-hasIdea-engagement","","","","active","2017-10-24",""
"233",21274,0,2133,1152,"11214",NA,521,"11233",NA,"hasIdea","Release Timing: Chinook and Coho-hasIdea-Ocean survival","","","","active","2017-10-24",""
"234",21274,0,2134,1152,"11214",NA,530,"11233",NA,"hasIdea","Release Timing: Chinook and Coho-hasIdea-phytoplankton","","","","active","2017-10-24",""
"235",21274,0,2135,1152,"11214",NA,534,"11233",NA,"hasIdea","Release Timing: Chinook and Coho-hasIdea-plankton","","","","active","2017-10-24",""
"236",21274,0,2136,1152,"11214",NA,398,"11233",NA,"hasIdea","Release Timing: Chinook and Coho-hasIdea-Chinook","","","","active","2017-10-24",""
"237",21274,0,2137,1152,"11214",NA,406,"11233",NA,"hasIdea","Release Timing: Chinook and Coho-hasIdea-Coho","","","","active","2017-10-24",""
"238",21274,0,2138,1152,"11214",NA,574,"11233",NA,"hasIdea","Release Timing: Chinook and Coho-hasIdea-smolt","","","","active","2017-10-24",""
"239",21274,0,2139,1145,"11214",NA,416,"11233",NA,"hasIdea","Revising CUs-hasIdea-conservation units","","","","active","2017-10-24",""
"240",21274,0,2140,1145,"11214",NA,538,"11233",NA,"hasIdea","Revising CUs-hasIdea-population structure","","","","active","2017-10-24",""
"241",21274,0,2141,1145,"11214",NA,616,"11233",NA,"hasIdea","Revising CUs-hasIdea-WSP","","","","active","2017-10-24",""
"242",21274,0,2142,1193,"11214",NA,410,"11233",NA,"hasIdea","Roundtables and Treaty Groups-hasIdea-communication","","","","active","2017-10-24",""
"243",21274,0,2143,1193,"11214",NA,407,"11233",NA,"hasIdea","Roundtables and Treaty Groups-hasIdea-collaboration","","","","active","2017-10-24",""
"244",21274,0,2144,1193,"11214",NA,426,"11233",NA,"hasIdea","Roundtables and Treaty Groups-hasIdea-data request","","","","active","2017-10-24",""
"245",21274,0,2145,1206,"11214",NA,574,"11233",NA,"hasIdea","Sainte-Marguerite Smolts-hasIdea-smolt","","","","active","2017-10-24",""
"246",21274,0,2146,1206,"11214",NA,514,"11233",NA,"hasIdea","Sainte-Marguerite Smolts-hasIdea-migration","","","","active","2017-10-24",""
"247",21274,0,2147,1206,"11214",NA,431,"11233",NA,"hasIdea","Sainte-Marguerite Smolts-hasIdea-density estimation","","","","active","2017-10-24",""
"248",21274,0,2148,1206,"11214",NA,531,"11233",NA,"hasIdea","Sainte-Marguerite Smolts-hasIdea-PIT tag","","","","active","2017-10-24",""
"249",21274,0,2149,1206,"11214",NA,557,"11233",NA,"hasIdea","Sainte-Marguerite Smolts-hasIdea-RST","","","","active","2017-10-24",""
"250",21274,0,2150,1202,"11214",NA,524,"11233",NA,"hasIdea","Salish Sea Marine Survival-hasIdea-Pacific salmon","","","","active","2017-10-24",""
"251",21274,0,2151,1202,"11214",NA,475,"11233",NA,"hasIdea","Salish Sea Marine Survival-hasIdea-growth","","","","active","2017-10-24",""
"252",21274,0,2152,1202,"11214",NA,509,"11233",NA,"hasIdea","Salish Sea Marine Survival-hasIdea-marine survival","","","","active","2017-10-24",""
"253",21274,0,2153,1202,"11214",NA,435,"11233",NA,"hasIdea","Salish Sea Marine Survival-hasIdea-diet","","","","active","2017-10-24",""
"254",21274,0,2154,1202,"11214",NA,587,"11233",NA,"hasIdea","Salish Sea Marine Survival-hasIdea-stable isotopes","","","","active","2017-10-24",""
"255",21274,0,2155,1202,"11214",NA,452,"11233",NA,"hasIdea","Salish Sea Marine Survival-hasIdea-fatty acids","","","","active","2017-10-24",""
"256",21274,0,2156,1143,"11214",NA,415,"11233",NA,"hasIdea","Salmon CU Maps-hasIdea-conservation unit","","","","active","2017-10-24",""
"257",21274,0,2157,1143,"11214",NA,473,"11233",NA,"hasIdea","Salmon CU Maps-hasIdea-GIS","","","","active","2017-10-24",""
"258",21274,0,2158,1143,"11214",NA,590,"11233",NA,"hasIdea","Salmon CU Maps-hasIdea-status","","","","active","2017-10-24",""
"259",21274,0,2159,1185,"11214",NA,424,"11233",NA,"hasIdea","Salmon Data Lifecycle-hasIdea-data lifecycle","","","","active","2017-10-24",""
"260",21274,0,2160,1185,"11214",NA,494,"11233",NA,"hasIdea","Salmon Data Lifecycle-hasIdea-information management","","","","active","2017-10-24",""
"261",21274,0,2161,1196,"11214",NA,447,"11233",NA,"hasIdea","Salmon Enhancement Assessment-hasIdea-enhancement","","","","active","2017-10-24",""
"262",21274,0,2162,1196,"11214",NA,484,"11233",NA,"hasIdea","Salmon Enhancement Assessment-hasIdea-hatchery","","","","active","2017-10-24",""
"263",21274,0,2163,1196,"11214",NA,383,"11233",NA,"hasIdea","Salmon Enhancement Assessment-hasIdea-assessment","","","","active","2017-10-24",""
"264",21274,0,2164,1196,"11214",NA,384,"11233",NA,"hasIdea","Salmon Enhancement Assessment-hasIdea-assessment planning","","","","active","2017-10-24",""
"265",21274,0,2165,1196,"11214",NA,421,"11233",NA,"hasIdea","Salmon Enhancement Assessment-hasIdea-CWT","","","","active","2017-10-24",""
"266",21274,0,2166,1196,"11214",NA,511,"11233",NA,"hasIdea","Salmon Enhancement Assessment-hasIdea-mark-rate","","","","active","2017-10-24",""
"267",21274,0,2167,1196,"11214",NA,510,"11233",NA,"hasIdea","Salmon Enhancement Assessment-hasIdea-mark recapture","","","","active","2017-10-24",""
"268",21274,0,2168,1221,"11214",NA,563,"11233",NA,"hasIdea","Salmon Escapement Data-hasIdea-salmon escapement","","","","active","2017-10-24",""
"269",21274,0,2169,1203,"11214",NA,563,"11233",NA,"hasIdea","Salmon Escapements: North/Central Coast-hasIdea-salmon escapement","","","","active","2017-10-24",""
"270",21274,0,2170,1184,"11214",NA,389,"11233",NA,"hasIdea","Salmon Spawning-hasIdea-brood collection","","","","active","2017-10-24",""
"271",21274,0,2171,1184,"11214",NA,585,"11233",NA,"hasIdea","Salmon Spawning-hasIdea-spawning  escapement estimates","","","","active","2017-10-24",""
"272",21274,0,2172,1158,"11214",NA,562,"11233",NA,"hasIdea","Salmonid Enhancement-hasIdea-salmon enhancement","","","","active","2017-10-24",""
"273",21274,0,2173,1158,"11214",NA,484,"11233",NA,"hasIdea","Salmonid Enhancement-hasIdea-hatchery","","","","active","2017-10-24",""
"274",21274,0,2174,1158,"11214",NA,459,"11233",NA,"hasIdea","Salmonid Enhancement-hasIdea-fish releases or stocking","","","","active","2017-10-24",""
"275",21274,0,2175,1158,"11214",NA,443,"11233",NA,"hasIdea","Salmonid Enhancement-hasIdea-egg collection","","","","active","2017-10-24",""
"276",21274,0,2176,1158,"11214",NA,390,"11233",NA,"hasIdea","Salmonid Enhancement-hasIdea-broodstock collection","","","","active","2017-10-24",""
"277",21274,0,2177,1158,"11214",NA,472,"11233",NA,"hasIdea","Salmonid Enhancement-hasIdea-genetics","","","","active","2017-10-24",""
"278",21274,0,2178,1158,"11214",NA,414,"11233",NA,"hasIdea","Salmonid Enhancement-hasIdea-conservation","","","","active","2017-10-24",""
"279",21274,0,2179,1158,"11214",NA,605,"11233",NA,"hasIdea","Salmonid Enhancement-hasIdea-terminal mark selective fisheries","","","","active","2017-10-24",""
"280",21274,0,2180,1158,"11214",NA,489,"11233",NA,"hasIdea","Salmonid Enhancement-hasIdea-incubation","","","","active","2017-10-24",""
"281",21274,0,2181,1158,"11214",NA,547,"11233",NA,"hasIdea","Salmonid Enhancement-hasIdea-RAS","","","","active","2017-10-24",""
"282",21274,0,2182,1158,"11214",NA,421,"11233",NA,"hasIdea","Salmonid Enhancement-hasIdea-CWT","","","","active","2017-10-24",""
"283",21274,0,2183,1158,"11214",NA,545,"11233",NA,"hasIdea","Salmonid Enhancement-hasIdea-public viewing of salmon","","","","active","2017-10-24",""
"284",21274,0,2184,1160,"11214",NA,447,"11233",NA,"hasIdea","Salmonid Enhancement Production Planning-hasIdea-enhancement","","","","active","2017-10-24",""
"285",21274,0,2185,1160,"11214",NA,484,"11233",NA,"hasIdea","Salmonid Enhancement Production Planning-hasIdea-hatchery","","","","active","2017-10-24",""
"286",21274,0,2186,1160,"11214",NA,541,"11233",NA,"hasIdea","Salmonid Enhancement Production Planning-hasIdea-production","","","","active","2017-10-24",""
"287",21274,0,2187,1160,"11214",NA,542,"11233",NA,"hasIdea","Salmonid Enhancement Production Planning-hasIdea-production planning","","","","active","2017-10-24",""
"288",21274,0,2188,1160,"11214",NA,421,"11233",NA,"hasIdea","Salmonid Enhancement Production Planning-hasIdea-CWT","","","","active","2017-10-24",""
"289",21274,0,2189,1225,"11214",NA,433,"11233",NA,"hasIdea","SEP Integration-hasIdea-DFO integration","","","","active","2017-10-24",""
"290",21274,0,2190,1225,"11214",NA,419,"11233",NA,"hasIdea","SEP Integration-hasIdea-cross-sector","","","","active","2017-10-24",""
"291",21274,0,2191,1225,"11214",NA,543,"11233",NA,"hasIdea","SEP Integration-hasIdea-program delivery","","","","active","2017-10-24",""
"292",21274,0,2192,1225,"11214",NA,434,"11233",NA,"hasIdea","SEP Integration-hasIdea-DFO priorities","","","","active","2017-10-24",""
"293",21274,0,2193,1225,"11214",NA,418,"11233",NA,"hasIdea","SEP Integration-hasIdea-consultation","","","","active","2017-10-24",""
"294",21274,0,2194,1225,"11214",NA,588,"11233",NA,"hasIdea","SEP Integration-hasIdea-stakeholders","","","","active","2017-10-24",""
"295",21274,0,2195,1225,"11214",NA,402,"11233",NA,"hasIdea","SEP Integration-hasIdea-clients","","","","active","2017-10-24",""
"296",21274,0,2196,1149,"11214",NA,540,"11233",NA,"hasIdea","Smolt predation studies-hasIdea-Predation tagging","","","","active","2017-10-24",""
"297",21274,0,2197,1149,"11214",NA,601,"11233",NA,"hasIdea","Smolt predation studies-hasIdea-surgery","","","","active","2017-10-24",""
"298",21274,0,2198,1149,"11214",NA,574,"11233",NA,"hasIdea","Smolt predation studies-hasIdea-smolt","","","","active","2017-10-24",""
"299",21274,0,2199,1149,"11214",NA,599,"11233",NA,"hasIdea","Smolt predation studies-hasIdea-striped bass","","","","active","2017-10-24",""
"300",21274,0,2200,1149,"11214",NA,486,"11233",NA,"hasIdea","Smolt predation studies-hasIdea-hydroacoustics","","","","active","2017-10-24",""
"301",21274,0,2201,1172,"11214",NA,606,"11233",NA,"hasIdea","Sockeye Test Fisheries-hasIdea-test fisheries","","","","active","2017-10-24",""
"302",21274,0,2202,1172,"11214",NA,394,"11233",NA,"hasIdea","Sockeye Test Fisheries-hasIdea-catch per set","","","","active","2017-10-24",""
"303",21274,0,2203,1172,"11214",NA,546,"11233",NA,"hasIdea","Sockeye Test Fisheries-hasIdea-quota","","","","active","2017-10-24",""
"304",21274,0,2204,1172,"11214",NA,409,"11233",NA,"hasIdea","Sockeye Test Fisheries-hasIdea-commercial fisheries","","","","active","2017-10-24",""
"305",21274,0,2205,1226,"11214",NA,447,"11233",NA,"hasIdea","Steelhead and Cutthroat Production-hasIdea-enhancement","","","","active","2017-10-24",""
"306",21274,0,2206,1226,"11214",NA,378,"11233",NA,"hasIdea","Steelhead and Cutthroat Production-hasIdea-angling opportunities","","","","active","2017-10-24",""
"307",21274,0,2207,1226,"11214",NA,592,"11233",NA,"hasIdea","Steelhead and Cutthroat Production-hasIdea-steelhead","","","","active","2017-10-24",""
"308",21274,0,2208,1226,"11214",NA,420,"11233",NA,"hasIdea","Steelhead and Cutthroat Production-hasIdea-cutthroat","","","","active","2017-10-24",""
"309",21274,0,2209,1182,"11214",NA,597,"11233",NA,"hasIdea","Stock-Habitat-Recruit Models-hasIdea-stock-recuit","","","","active","2017-10-24",""
"310",21274,0,2210,1182,"11214",NA,481,"11233",NA,"hasIdea","Stock-Habitat-Recruit Models-hasIdea-habitat indicators","","","","active","2017-10-24",""
"311",21274,0,2211,1182,"11214",NA,589,"11233",NA,"hasIdea","Stock-Habitat-Recruit Models-hasIdea-statistics","","","","active","2017-10-24",""
"312",21274,0,2212,1182,"11214",NA,462,"11233",NA,"hasIdea","Stock-Habitat-Recruit Models-hasIdea-fisheries management","","","","active","2017-10-24",""
"313",21274,0,2213,1192,"11214",NA,550,"11233",NA,"hasIdea","Strategies for Red-status CUs-hasIdea-recovery","","","","active","2017-10-24",""
"314",21274,0,2214,1192,"11214",NA,573,"11233",NA,"hasIdea","Strategies for Red-status CUs-hasIdea-simulation model","","","","active","2017-10-24",""
"315",21274,0,2215,1192,"11214",NA,506,"11233",NA,"hasIdea","Strategies for Red-status CUs-hasIdea-management strategy evaluation","","","","active","2017-10-24",""
"316",21274,0,2216,1192,"11214",NA,509,"11233",NA,"hasIdea","Strategies for Red-status CUs-hasIdea-marine survival","","","","active","2017-10-24",""
"317",21274,0,2217,1205,"11214",NA,509,"11233",NA,"hasIdea","Survival of Smolts at Sea-hasIdea-marine survival","","","","active","2017-10-24",""
"318",21274,0,2218,1205,"11214",NA,574,"11233",NA,"hasIdea","Survival of Smolts at Sea-hasIdea-smolt","","","","active","2017-10-24",""
"319",21274,0,2219,1169,"11214",NA,561,"11233",NA,"hasIdea","Tyee Test Fishery-hasIdea-Salmon biodata","","","","active","2017-10-24",""
"320",21274,0,2220,1138,"11214",NA,616,"11233",NA,"hasIdea","Wild Salmon Policy-hasIdea-WSP","","","","active","2017-10-24",""
"321",21274,0,2221,1138,"11214",NA,407,"11233",NA,"hasIdea","Wild Salmon Policy-hasIdea-collaboration","","","","active","2017-10-24",""
"322",21274,0,2222,1138,"11214",NA,417,"11233",NA,"hasIdea","Wild Salmon Policy-hasIdea-Conservation Units","","","","active","2017-10-24",""
"323",21274,0,2223,1147,"11214",NA,560,"11233",NA,"hasIdea","Wild vs. Aquaculture Salmon-hasIdea-Salmon aquaculture","","","","active","2017-10-24",""
"324",21274,0,2224,1170,"11214",NA,583,"11233",NA,"hasIdea","Yukon River SONAR-hasIdea-SONAR","","","","active","2017-10-24",""
"325",21274,0,2225,1170,"11214",NA,382,"11233",NA,"hasIdea","Yukon River SONAR-hasIdea-ARIS","","","","active","2017-10-24",""
"326",21274,0,2226,1170,"11214",NA,611,"11233",NA,"hasIdea","Yukon River SONAR-hasIdea-upstream migration","","","","active","2017-10-24",""
"327",21274,0,2227,1170,"11214",NA,398,"11233",NA,"hasIdea","Yukon River SONAR-hasIdea-Chinook","","","","active","2017-10-24",""
"328",21274,0,2228,1170,"11214",NA,400,"11233",NA,"hasIdea","Yukon River SONAR-hasIdea-Chum","","","","active","2017-10-24",""
