"","resourceLinkTypeID","resourceLinkSubTypeID","ID","fromResourceNodeID","fromResourceNodeTypeID","fromResourceNodeSubTypeID","toResourceNodeID","toResourceNodeTypeID","toResourceNodeSubTypeID","linkLabel","name","description","isPrimary","language","status","start_date","end_date"
"1",21272,0,2606,1164,"11214",NA,1363,"11217",NA,"hasWebpage","Arctic Salmon-hasWebpage-www.facebook.coom/arcticsalmon","","","","active","2017-10-24",""
"2",21272,0,2607,1164,"11214",NA,1364,"11217",NA,"hasWebpage","Arctic Salmon-hasWebpage-https://www.researchgate.net/publication/305333786_Using_thermal_limits_to_assess_establishment_of_fish_dispersing_to_high-latitude_and_high-elevation_watersheds","","","","active","2017-10-24",""
"3",21272,0,2608,1164,"11214",NA,1365,"11217",NA,"hasWebpage","Arctic Salmon-hasWebpage-https://www.researchgate.net/publication/272567234_Pacific_Salmon_in_the_Arctic_Harbingers_of_Change","","","","active","2017-10-24",""
"4",21272,0,2609,1177,"11214",NA,1370,"11217",NA,"hasWebpage","Area 25 Roundtable-hasWebpage-https://www.roundtables.westcoastaquatic.ca/area-25-nootka","","","","active","2017-10-24",""
"5",21272,0,2610,1175,"11214",NA,1369,"11217",NA,"hasWebpage","ARIS Sonar-hasWebpage-http://www.soundmetrics.com/Products/ARIS-Sonars","","","","active","2017-10-24",""
"6",21272,0,2611,1198,"11214",NA,1362,"11217",NA,"hasWebpage","Bilateral Chinook/Chum Forecasts-hasWebpage-http://www.yukonriverpanel.com/publications/yukon-river-joint-technical-committee-reports/","","","","active","2017-10-24",""
"7",21272,0,2612,1162,"11214",NA,1362,"11217",NA,"hasWebpage","Chinook and Chum Population Assessments-hasWebpage-http://www.yukonriverpanel.com/publications/yukon-river-joint-technical-committee-reports/","","","","active","2017-10-24",""
"8",21272,0,2613,1150,"11214",NA,1356,"11217",NA,"hasWebpage","Chinook Escapement Estimation-hasWebpage-http://waves-vagues.dfo-mpo.gc.ca/Library/40567771.pdf","","","","active","2017-10-24",""
"9",21272,0,2614,1210,"11214",NA,1383,"11217",NA,"hasWebpage","Columbia River Sockeye Smolts-hasWebpage-https://sites.google.com/a/s4s.com/sockeye-cumulative-impacts/home/documents-and-figures/SLAM%20talk%202017%20April%2010.pdf","","","","active","2017-10-24",""
"10",21272,0,2615,1210,"11214",NA,1384,"11217",NA,"hasWebpage","Columbia River Sockeye Smolts-hasWebpage-https://sites.google.com/a/s4s.com/sockeye-cumulative-impacts/home/documents-and-figures/Transit%2010%20–%20a%20status%20report.pdf","","","","active","2017-10-24",""
"11",21272,0,2616,1156,"11214",NA,1357,"11217",NA,"hasWebpage","Commercial Catch Monitoring-hasWebpage-http://www.pac.dfo-mpo.gc.ca/fm-gp/docs/framework_monitoring-cadre_surveillance/page-1-eng.html","","","","active","2017-10-24",""
"12",21272,0,2617,1209,"11214",NA,1360,"11217",NA,"hasWebpage","Enhancement Business Practices-hasWebpage-http://waves-vagues.dfo-mpo.gc.ca/Library/361269.pdf","","","","active","2017-10-24",""
"13",21272,0,2618,1209,"11214",NA,1359,"11217",NA,"hasWebpage","Enhancement Business Practices-hasWebpage-http://waves-vagues.dfo-mpo.gc.ca/Library/366032.pdf","","","","active","2017-10-24",""
"14",21272,0,2619,1181,"11214",NA,1372,"11217",NA,"hasWebpage","Enhancement program planning-hasWebpage-http://waves-vagues.dfo-mpo.gc.ca/Library/361270.pdf","","","","active","2017-10-24",""
"15",21272,0,2620,1140,"11214",NA,1349,"11217",NA,"hasWebpage","Fraser Sockeye Spawning Initiative-hasWebpage-http://www.dfo-mpo.gc.ca/csas-sccs/Publications/ResDocs-DocRech/2011/2011_133-eng.html","","","","active","2017-10-24",""
"16",21272,0,2621,1140,"11214",NA,1350,"11217",NA,"hasWebpage","Fraser Sockeye Spawning Initiative-hasWebpage-http://publications.gc.ca/collections/collection_2014/mpo-dfo/Fs97-4-2855-eng.pdf","","","","active","2017-10-24",""
"17",21272,0,2622,1180,"11214",NA,1371,"11217",NA,"hasWebpage","International Governance-hasWebpage-http://www.dfo-mpo.gc.ca/science/collaboration/asjv-eng.html","","","","active","2017-10-24",""
"18",21272,0,2623,1161,"11214",NA,1361,"11217",NA,"hasWebpage","International Year of the Salmon-hasWebpage-npafc.org/new/science_IYS.html  nasco.int/iys.html","","","","active","2017-10-24",""
"21",21272,0,2624,1197,"11214",NA,1378,"11217",NA,"hasWebpage","Marine Salmon: Climate and Competition-hasWebpage-https://alaskasalmonandpeople.org/sasap-round-2/#R2Group3","","","","active","2017-10-24",""
"22",21272,0,2625,1141,"11214",NA,1351,"11217",NA,"hasWebpage","Novel Organisms-hasWebpage-http://dfo-mpo.gc.ca/science/coe-cde/cabrr-crrba/index-eng.html","","","","active","2017-10-24",""
"23",21272,0,2626,1191,"11214",NA,1375,"11217",NA,"hasWebpage","NuSEDS-hasWebpage-http://open.canada.ca/data/en/dataset/c48669a3-045b-400d-b730-48aafe8c5ee6","","","","active","2017-10-24",""
"24",21272,0,2627,1144,"11214",NA,1352,"11217",NA,"hasWebpage","Open Data-hasWebpage-http://open.canada.ca/data/en/dataset/c48669a3-045b-400d-b730-48aafe8c5ee6  http://www.iobis.org/","","","","active","2017-10-24",""
"25",21272,0,2628,1144,"11214",NA,1353,"11217",NA,"hasWebpage","Open Data-hasWebpage-http://meetings.pices.int/members/committees/TCODE","","","","active","2017-10-24",""
"26",21272,0,2629,1173,"11214",NA,1368,"11217",NA,"hasWebpage","Pathogen Risk-hasWebpage-http://www.dfo-mpo.gc.ca/aquaculture/parr-prra/index-eng.html","","","","active","2017-10-24",""
"27",21272,0,2630,1193,"11214",NA,1376,"11217",NA,"hasWebpage","Roundtables and Treaty Groups-hasWebpage-http://westcoastaquatic.ca/roundtables","","","","active","2017-10-24",""
"28",21272,0,2631,1193,"11214",NA,1377,"11217",NA,"hasWebpage","Roundtables and Treaty Groups-hasWebpage-http://www.maanulth.ca","","","","active","2017-10-24",""
"29",21272,0,2632,1202,"11214",NA,1380,"11217",NA,"hasWebpage","Salish Sea Marine Survival-hasWebpage-http://marinesurvivalproject.com/","","","","active","2017-10-24",""
"30",21272,0,2633,1185,"11214",NA,1374,"11217",NA,"hasWebpage","Salmon Data Lifecycle-hasWebpage-https://pubs.usgs.gov/of/2013/1265/pdf/of2013-1265.pdf","","","","active","2017-10-24",""
"31",21272,0,2634,1160,"11214",NA,1358,"11217",NA,"hasWebpage","Salmonid Enhancement Production Planning-hasWebpage-http://publications.gc.ca/collections/collection_2016/mpo-dfo/Fs144-39-2012-eng.pdf","","","","active","2017-10-24",""
"32",21272,0,2635,1160,"11214",NA,1359,"11217",NA,"hasWebpage","Salmonid Enhancement Production Planning-hasWebpage-http://waves-vagues.dfo-mpo.gc.ca/Library/366032.pdf","","","","active","2017-10-24",""
"33",21272,0,2636,1160,"11214",NA,1360,"11217",NA,"hasWebpage","Salmonid Enhancement Production Planning-hasWebpage-http://waves-vagues.dfo-mpo.gc.ca/Library/361269.pdf","","","","active","2017-10-24",""
"34",21272,0,2637,1225,"11214",NA,1372,"11217",NA,"hasWebpage","SEP Integration-hasWebpage-http://waves-vagues.dfo-mpo.gc.ca/Library/361270.pdf","","","","active","2017-10-24",""
"35",21272,0,2638,1149,"11214",NA,1354,"11217",NA,"hasWebpage","Smolt predation studies-hasWebpage-https://vemco.com/using-vemco-tags-to-identify-predation-events/","","","","active","2017-10-24",""
"36",21272,0,2639,1149,"11214",NA,1355,"11217",NA,"hasWebpage","Smolt predation studies-hasWebpage-https://vemco.com/products/v5-predation-transmitter/","","","","active","2017-10-24",""
"37",21272,0,2640,1226,"11214",NA,1386,"11217",NA,"hasWebpage","Steelhead and Cutthroat Production-hasWebpage-www.gofishbc.com","","","","active","2017-10-24",""
"38",21272,0,2641,1182,"11214",NA,1373,"11217",NA,"hasWebpage","Stock-Habitat-Recruit Models-hasWebpage-https://sites.google.com/a/s4s.com/sockeye-cumulative-impacts/home/documents-and-figures","","","","active","2017-10-24",""
"39",21272,0,2642,1138,"11214",NA,1348,"11217",NA,"hasWebpage","Wild Salmon Policy-hasWebpage-http://www.pac.dfo-mpo.gc.ca/consultation/wsp-pss/index-eng.html","","","","active","2017-10-24",""
