"","resourceLinkTypeID","resourceLinkSubTypeID","ID","fromResourceNodeID","fromResourceNodeTypeID","fromResourceNodeSubTypeID","toResourceNodeID","toResourceNodeTypeID","toResourceNodeSubTypeID","linkLabel","name","description","isPrimary","language","status","start_date","end_date"
"2",21238,0,2420,1183,"11214",NA,27038,11215,411115,"hasPlace","Adult broodstock-hasPlace-Alouette River","","","","active","2017-10-24",""
"4",21238,0,2421,1183,"11214",NA,27134,11215,411104,"hasPlace","Adult broodstock-hasPlace-Maple Ridge","","","","active","2017-10-24",""
"5",21238,0,2422,1183,"11214",NA,27220,11215,411115,"hasPlace","Adult broodstock-hasPlace-Seymour River","","","","active","2017-10-24",""
"6",21238,0,2423,1183,"11214",NA,27163,11215,411104,"hasPlace","Adult broodstock-hasPlace-North Vancouver","","","","active","2017-10-24",""
"7",21238,0,2424,1164,"11214",NA,27059,11215,411103,"hasPlace","Arctic Salmon-hasPlace-Canadian Arctic","","","","active","2017-10-24",""
"9",21238,0,2425,1175,"11214",NA,27228,11215,411103,"hasPlace","ARIS Sonar-hasPlace-Southern Shore Gulf of Saint Lawrence","","","","active","2017-10-24",""
"10",21238,0,2426,1223,"11214",NA,27109,11215,411103,"hasPlace","Atlantic Salmon Juveniles Density Estimation-hasPlace-Gaspésie","","","","active","2017-10-24",""
"12",21238,0,2427,1223,"11214",NA,27138,11215,411104,"hasPlace","Atlantic Salmon Juveniles Density Estimation-hasPlace-Matapedia","","","","active","2017-10-24",""
"13",21238,0,2428,1223,"11214",NA,27207,11215,411104,"hasPlace","Atlantic Salmon Juveniles Density Estimation-hasPlace-Restigouche","","","","active","2017-10-24",""
"15",21238,0,2429,1198,"11214",NA,27260,11215,411107,"hasPlace","Bilateral Chinook/Chum Forecasts-hasPlace-Yukon River Watershed","","","","active","2017-10-24",""
"17",21238,0,2430,1198,"11214",NA,27037,11215,411103,"hasPlace","Bilateral Chinook/Chum Forecasts-hasPlace-Alaska","","","","active","2017-10-24",""
"19",21238,0,2431,1162,"11214",NA,27259,11215,411115,"hasPlace","Chinook and Chum Population Assessments-hasPlace-Yukon River","","","","active","2017-10-24",""
"20",21238,0,2432,1162,"11214",NA,27037,11215,411103,"hasPlace","Chinook and Chum Population Assessments-hasPlace-Alaska","","","","active","2017-10-24",""
"24",21238,0,2433,1150,"11214",NA,27199,11215,411117,"hasPlace","Chinook Escapement Estimation-hasPlace-Quatsino Sound","","","","active","2017-10-24",""
"25",21238,0,2434,1150,"11214",NA,27216,11215,411103,"hasPlace","Chinook Escapement Estimation-hasPlace-San Juan","","","","active","2017-10-24",""
"28",21238,0,2435,1220,"11214",NA,27099,11215,411115,"hasPlace","Climate and Juvenile Salmon-hasPlace-Fraser River","","","","active","2017-10-24",""
"29",21238,0,2436,1220,"11214",NA,27242,11215,411117,"hasPlace","Climate and Juvenile Salmon-hasPlace-Strait of Georgia","","","","active","2017-10-24",""
"30",21238,0,2437,1220,"11214",NA,27073,11215,411117,"hasPlace","Climate and Juvenile Salmon-hasPlace-Coastal NE Pacific Ocean","","","","active","2017-10-24",""
"32",21238,0,2438,1220,"11214",NA,27152,11215,411117,"hasPlace","Climate and Juvenile Salmon-hasPlace-NE Pacific Ocean","","","","active","2017-10-24",""
"33",21238,0,2439,1168,"11214",NA,27137,11215,411107,"hasPlace","Coastal Migration of Salmon-hasPlace-Maritimes","","","","active","2017-10-24",""
"34",21238,0,2440,1168,"11214",NA,27004,11215,411103,"hasPlace","Coastal Migration of Salmon-hasPlace-New Brunswick","","","","active","2017-10-24",""
"35",21238,0,2441,1168,"11214",NA,27233,11215,411104,"hasPlace","Coastal Migration of Salmon-hasPlace-St. Andrews","","","","active","2017-10-24",""
"36",21238,0,2442,1168,"11214",NA,27175,11215,411107,"hasPlace","Coastal Migration of Salmon-hasPlace-Passamaquody Bay","","","","active","2017-10-24",""
"37",21238,0,2443,1168,"11214",NA,27042,11215,411117,"hasPlace","Coastal Migration of Salmon-hasPlace-Bay of Fundy","","","","active","2017-10-24",""
"38",21238,0,2444,1210,"11214",NA,27171,11215,411117,"hasPlace","Columbia River Sockeye Smolts-hasPlace-Pacific","","","","active","2017-10-24",""
"40",21238,0,2445,1210,"11214",NA,27170,11215,411116,"hasPlace","Columbia River Sockeye Smolts-hasPlace-Osoyoos Lake","","","","active","2017-10-24",""
"41",21238,0,2446,1210,"11214",NA,27167,11215,411115,"hasPlace","Columbia River Sockeye Smolts-hasPlace-Okanogan River","","","","active","2017-10-24",""
"42",21238,0,2447,1210,"11214",NA,27077,11215,411115,"hasPlace","Columbia River Sockeye Smolts-hasPlace-Columbia River","","","","active","2017-10-24",""
"43",21238,0,2448,1156,"11214",NA,27173,11215,411117,"hasPlace","Commercial Catch Monitoring-hasPlace-Pacific Ocean","","","","active","2017-10-24",""
"44",21238,0,2449,1187,"11214",NA,27171,11215,411117,"hasPlace","Community Ecology Juvenile Salmon-hasPlace-Pacific","","","","active","2017-10-24",""
"45",21238,0,2450,1187,"11214",NA,27016,11215,411104,"hasPlace","Community Ecology Juvenile Salmon-hasPlace-Nanaimo","","","","active","2017-10-24",""
"46",21238,0,2451,1187,"11214",NA,27253,11215,411117,"hasPlace","Community Ecology Juvenile Salmon-hasPlace-Vancouver Island Continental Shelf","","","","active","2017-10-24",""
"48",21238,0,2452,1148,"11214",NA,27002,11215,411103,"hasPlace","Drone Maps-hasPlace-Prince Edward Island","","","","active","2017-10-24",""
"49",21238,0,2453,1148,"11214",NA,27041,11215,411107,"hasPlace","Drone Maps-hasPlace-Basin Head Marine Protected Area","","","","active","2017-10-24",""
"52",21238,0,2454,1201,"11214",NA,27099,11215,411115,"hasPlace","Early Marine Growth and Mortality-hasPlace-Fraser River","","","","active","2017-10-24",""
"53",21238,0,2455,1201,"11214",NA,27242,11215,411117,"hasPlace","Early Marine Growth and Mortality-hasPlace-Strait of Georgia","","","","active","2017-10-24",""
"54",21238,0,2456,1201,"11214",NA,27074,11215,411117,"hasPlace","Early Marine Growth and Mortality-hasPlace-Coastal Ocean Central BC","","","","active","2017-10-24",""
"55",21238,0,2457,1201,"11214",NA,27152,11215,411117,"hasPlace","Early Marine Growth and Mortality-hasPlace-NE Pacific Ocean","","","","active","2017-10-24",""
"59",21238,0,2458,1212,"11214",NA,27068,11215,411107,"hasPlace","Enhancing Stocks For Assessment-hasPlace-Chehalis River Hatchery","","","","active","2017-10-24",""
"62",21238,0,2459,1212,"11214",NA,27036,11215,411104,"hasPlace","Enhancing Stocks For Assessment-hasPlace-Agassiz","","","","active","2017-10-24",""
"63",21238,0,2460,1212,"11214",NA,27067,11215,411115,"hasPlace","Enhancing Stocks For Assessment-hasPlace-Chehalis River","","","","active","2017-10-24",""
"65",21238,0,2461,1212,"11214",NA,27115,11215,411115,"hasPlace","Enhancing Stocks For Assessment-hasPlace-Harrison River","","","","active","2017-10-24",""
"66",21238,0,2462,1212,"11214",NA,27131,11215,411115,"hasPlace","Enhancing Stocks For Assessment-hasPlace-Lower Fraser","","","","active","2017-10-24",""
"67",21238,0,2463,1212,"11214",NA,27248,11215,411115,"hasPlace","Enhancing Stocks For Assessment-hasPlace-Upper Fraser","","","","active","2017-10-24",""
"68",21238,0,2464,1165,"11214",NA,27001,11215,411103,"hasPlace","Environmental stressors-hasPlace-Newfoundland and Labrador","","","","active","2017-10-24",""
"69",21238,0,2465,1165,"11214",NA,27000,11215,411102,"hasPlace","Environmental stressors-hasPlace-Canada","","","","active","2017-10-24",""
"70",21238,0,2466,1165,"11214",NA,27166,11215,411102,"hasPlace","Environmental stressors-hasPlace-Norway","","","","active","2017-10-24",""
"71",21238,0,2467,1186,"11214",NA,27092,11215,411104,"hasPlace","Epidemiology NPLD-hasPlace-Discovery Islands","","","","active","2017-10-24",""
"72",21238,0,2468,1186,"11214",NA,27255,11215,411103,"hasPlace","Epidemiology NPLD-hasPlace-West Coast Vancouver Island","","","","active","2017-10-24",""
"73",21238,0,2469,1151,"11214",NA,27252,11215,411107,"hasPlace","Field Surveys-hasPlace-Vancouver Island","","","","active","2017-10-24",""
"74",21238,0,2470,1179,"11214",NA,27235,11215,411115,"hasPlace","Fish Passage of Dams-hasPlace-St. John River","","","","active","2017-10-24",""
"76",21238,0,2471,1218,"11214",NA,27172,11215,411105,"hasPlace","Food and Growth in Sockeye-hasPlace-Pacific Biological Station","","","","active","2017-10-24",""
"77",21238,0,2472,1218,"11214",NA,27016,11215,411104,"hasPlace","Food and Growth in Sockeye-hasPlace-Nanaimo","","","","active","2017-10-24",""
"79",21238,0,2473,1218,"11214",NA,27242,11215,411117,"hasPlace","Food and Growth in Sockeye-hasPlace-Strait of Georgia","","","","active","2017-10-24",""
"82",21238,0,2474,1140,"11214",NA,27099,11215,411115,"hasPlace","Fraser Sockeye Spawning Initiative-hasPlace-Fraser River","","","","active","2017-10-24",""
"84",21238,0,2475,1140,"11214",NA,27136,11215,411107,"hasPlace","Fraser Sockeye Spawning Initiative-hasPlace-Marine Waters South of Cape Caution","","","","active","2017-10-24",""
"86",21238,0,2476,1208,"11214",NA,27091,11215,411107,"hasPlace","FSERP-hasPlace-DFO HQ","","","","active","2017-10-24",""
"87",21238,0,2477,1208,"11214",NA,27150,11215,411103,"hasPlace","FSERP-hasPlace-National Capital Region","","","","active","2017-10-24",""
"88",21238,0,2478,1216,"11214",NA,27045,11215,411103,"hasPlace","Habitat Benchmarks of CUs-hasPlace-BC North Coast","","","","active","2017-10-24",""
"89",21238,0,2479,1216,"11214",NA,27043,11215,411103,"hasPlace","Habitat Benchmarks of CUs-hasPlace-BC Central Coast","","","","active","2017-10-24",""
"90",21238,0,2480,1200,"11214",NA,27001,11215,411103,"hasPlace","Habitat Compensation/Restoration-hasPlace-Newfoundland and Labrador","","","","active","2017-10-24",""
"91",21238,0,2481,1219,"11214",NA,27001,11215,411103,"hasPlace","Habitat Population Linkages-hasPlace-Newfoundland and Labrador","","","","active","2017-10-24",""
"94",21238,0,2482,1213,"11214",NA,27092,11215,411104,"hasPlace","Hydro-acoustics: Juvenile Salmon-hasPlace-Discovery Islands","","","","active","2017-10-24",""
"96",21238,0,2483,1211,"11214",NA,27047,11215,411107,"hasPlace","Incubation Systems-hasPlace-Bell-Irving Hatchery","","","","active","2017-10-24",""
"97",21238,0,2484,1211,"11214",NA,27134,11215,411104,"hasPlace","Incubation Systems-hasPlace-Maple Ridge","","","","active","2017-10-24",""
"98",21238,0,2485,1211,"11214",NA,27126,11215,411115,"hasPlace","Incubation Systems-hasPlace-Kanaka Creek","","","","active","2017-10-24",""
"99",21238,0,2486,1211,"11214",NA,27118,11215,411107,"hasPlace","Incubation Systems-hasPlace-Hyde Creek Hatchery","","","","active","2017-10-24",""
"100",21238,0,2487,1211,"11214",NA,27181,11215,411104,"hasPlace","Incubation Systems-hasPlace-Port Coquitlam","","","","active","2017-10-24",""
"101",21238,0,2488,1211,"11214",NA,27119,11215,411107,"hasPlace","Incubation Systems-hasPlace-Hyde Creek Watershed","","","","active","2017-10-24",""
"102",21238,0,2489,1211,"11214",NA,27116,11215,411107,"hasPlace","Incubation Systems-hasPlace-Hoy Creek Hatchery","","","","active","2017-10-24",""
"103",21238,0,2490,1211,"11214",NA,27082,11215,411104,"hasPlace","Incubation Systems-hasPlace-Coquitlam","","","","active","2017-10-24",""
"107",21238,0,2491,1211,"11214",NA,27184,11215,411104,"hasPlace","Incubation Systems-hasPlace-Port Moody","","","","active","2017-10-24",""
"108",21238,0,2492,1211,"11214",NA,27157,11215,411115,"hasPlace","Incubation Systems-hasPlace-Noon's Creek Watershed","","","","active","2017-10-24",""
"110",21238,0,2493,1214,"11214",NA,27171,11215,411117,"hasPlace","Infections in Juvenile Salmon-hasPlace-Pacific","","","","active","2017-10-24",""
"112",21238,0,2494,1214,"11214",NA,27016,11215,411104,"hasPlace","Infections in Juvenile Salmon-hasPlace-Nanaimo","","","","active","2017-10-24",""
"113",21238,0,2495,1214,"11214",NA,27151,11215,411117,"hasPlace","Infections in Juvenile Salmon-hasPlace-NE Pacific Continental Shelf","","","","active","2017-10-24",""
"114",21238,0,2496,1180,"11214",NA,27019,11215,411104,"hasPlace","International Governance-hasPlace-Ottawa","","","","active","2017-10-24",""
"115",21238,0,2497,1180,"11214",NA,27005,11215,411103,"hasPlace","International Governance-hasPlace-Québec","","","","active","2017-10-24",""
"116",21238,0,2498,1180,"11214",NA,27178,11215,411104,"hasPlace","International Governance-hasPlace-Pont-Rouge","","","","active","2017-10-24",""
"117",21238,0,2499,1180,"11214",NA,27208,11215,411115,"hasPlace","International Governance-hasPlace-Rivière Jacques Cartier","","","","active","2017-10-24",""
"119",21238,0,2500,1180,"11214",NA,27168,11215,411104,"hasPlace","International Governance-hasPlace-Old Fort","","","","active","2017-10-24",""
"120",21238,0,2501,1180,"11214",NA,27169,11215,411115,"hasPlace","International Governance-hasPlace-Old Fort River","","","","active","2017-10-24",""
"121",21238,0,2502,1180,"11214",NA,27212,11215,411104,"hasPlace","International Governance-hasPlace-Saguenay","","","","active","2017-10-24",""
"122",21238,0,2503,1180,"11214",NA,27209,11215,411115,"hasPlace","International Governance-hasPlace-Rivière Sainte-Marguerite","","","","active","2017-10-24",""
"123",21238,0,2504,1180,"11214",NA,27241,11215,411117,"hasPlace","International Governance-hasPlace-Strait of Belle Isle","","","","active","2017-10-24",""
"124",21238,0,2505,1180,"11214",NA,27052,11215,411104,"hasPlace","International Governance-hasPlace-Blanc Sablon","","","","active","2017-10-24",""
"125",21238,0,2506,1180,"11214",NA,27113,11215,411117,"hasPlace","International Governance-hasPlace-Gulf of Saint Lawrence","","","","active","2017-10-24",""
"126",21238,0,2507,1161,"11214",NA,27164,11215,411103,"hasPlace","International Year of the Salmon-hasPlace-Northern Hemisphere","","","","active","2017-10-24",""
"127",21238,0,2508,1204,"11214",NA,27051,11215,411115,"hasPlace","Juvenile Chinook Assessment-hasPlace-Big Salmon River","","","","active","2017-10-24",""
"128",21238,0,2509,1204,"11214",NA,27011,11215,411103,"hasPlace","Juvenile Chinook Assessment-hasPlace-Yukon","","","","active","2017-10-24",""
"129",21238,0,2510,1199,"11214",NA,27242,11215,411117,"hasPlace","Juvenile Sockeye Health-hasPlace-Strait of Georgia","","","","active","2017-10-24",""
"130",21238,0,2511,1199,"11214",NA,27124,11215,411117,"hasPlace","Juvenile Sockeye Health-hasPlace-Johnstone Strait","","","","active","2017-10-24",""
"134",21238,0,2512,1166,"11214",NA,27173,11215,411117,"hasPlace","Marine Aquaculture-hasPlace-Pacific Ocean","","","","active","2017-10-24",""
"135",21238,0,2513,1167,"11214",NA,27171,11215,411117,"hasPlace","Marine Growth Fraser Sockeye-hasPlace-Pacific","","","","active","2017-10-24",""
"137",21238,0,2514,1167,"11214",NA,27099,11215,411115,"hasPlace","Marine Growth Fraser Sockeye-hasPlace-Fraser River","","","","active","2017-10-24",""
"139",21238,0,2515,1167,"11214",NA,27152,11215,411117,"hasPlace","Marine Growth Fraser Sockeye-hasPlace-NE Pacific Ocean","","","","active","2017-10-24",""
"140",21238,0,2516,1176,"11214",NA,27162,11215,411103,"hasPlace","Marine mortality, Jacques-Cartier Salmon-hasPlace-North Shore","","","","active","2017-10-24",""
"142",21238,0,2517,1176,"11214",NA,27093,11215,411104,"hasPlace","Marine mortality, Jacques-Cartier Salmon-hasPlace-Donnacona City","","","","active","2017-10-24",""
"144",21238,0,2518,1176,"11214",NA,27241,11215,411117,"hasPlace","Marine mortality, Jacques-Cartier Salmon-hasPlace-Strait of Belle Isle","","","","active","2017-10-24",""
"145",21238,0,2519,1197,"11214",NA,27161,11215,411117,"hasPlace","Marine Salmon: Climate and Competition-hasPlace-North Pacific Ocean","","","","active","2017-10-24",""
"146",21238,0,2520,1197,"11214",NA,27112,11215,411117,"hasPlace","Marine Salmon: Climate and Competition-hasPlace-Gulf of Alaska","","","","active","2017-10-24",""
"147",21238,0,2521,1163,"11214",NA,27016,11215,411104,"hasPlace","Net Pen Liver Disease-hasPlace-Nanaimo","","","","active","2017-10-24",""
"149",21238,0,2522,1163,"11214",NA,27255,11215,411103,"hasPlace","Net Pen Liver Disease-hasPlace-West Coast Vancouver Island","","","","active","2017-10-24",""
"150",21238,0,2523,1207,"11214",NA,27236,11215,411107,"hasPlace","New Brunswick Smolt Migration.-hasPlace-St. John River Watershed","","","","active","2017-10-24",""
"152",21238,0,2524,1207,"11214",NA,27247,11215,411107,"hasPlace","New Brunswick Smolt Migration.-hasPlace-Tobique Narrows Dam","","","","active","2017-10-24",""
"153",21238,0,2525,1141,"11214",NA,27149,11215,411107,"hasPlace","Novel Organisms-hasPlace-National","","","","active","2017-10-24",""
"155",21238,0,2526,1191,"11214",NA,27011,11215,411103,"hasPlace","NuSEDS-hasPlace-Yukon","","","","active","2017-10-24",""
"158",21238,0,2527,1159,"11214",NA,27091,11215,411107,"hasPlace","Pacific Salmon Issues-hasPlace-DFO HQ","","","","active","2017-10-24",""
"159",21238,0,2528,1159,"11214",NA,27006,11215,411103,"hasPlace","Pacific Salmon Issues-hasPlace-Ontario","","","","active","2017-10-24",""
"160",21238,0,2529,1159,"11214",NA,27019,11215,411104,"hasPlace","Pacific Salmon Issues-hasPlace-Ottawa","","","","active","2017-10-24",""
"161",21238,0,2530,1173,"11214",NA,27000,11215,411102,"hasPlace","Pathogen Risk-hasPlace-Canada","","","","active","2017-10-24",""
"162",21238,0,2531,1194,"11214",NA,27204,11215,411115,"hasPlace","Quinsam and Campbell River Salmon-hasPlace-Quinsam River","","","","active","2017-10-24",""
"163",21238,0,2532,1194,"11214",NA,27055,11215,411104,"hasPlace","Quinsam and Campbell River Salmon-hasPlace-Campbell River","","","","active","2017-10-24",""
"165",21238,0,2533,1157,"11214",NA,27096,11215,411103,"hasPlace","Recreational Fishery Transformation-hasPlace-Eastern New Brunswick","","","","active","2017-10-24",""
"166",21238,0,2534,1157,"11214",NA,27141,11215,411115,"hasPlace","Recreational Fishery Transformation-hasPlace-Miramichi River","","","","active","2017-10-24",""
"167",21238,0,2535,1152,"11214",NA,27055,11215,411104,"hasPlace","Release Timing: Chinook and Coho-hasPlace-Campbell River","","","","active","2017-10-24",""
"168",21238,0,2536,1152,"11214",NA,27204,11215,411115,"hasPlace","Release Timing: Chinook and Coho-hasPlace-Quinsam River","","","","active","2017-10-24",""
"171",21238,0,2537,1193,"11214",NA,27255,11215,411103,"hasPlace","Roundtables and Treaty Groups-hasPlace-West Coast Vancouver Island","","","","active","2017-10-24",""
"173",21238,0,2538,1206,"11214",NA,27212,11215,411104,"hasPlace","Sainte-Marguerite Smolts-hasPlace-Saguenay","","","","active","2017-10-24",""
"175",21238,0,2539,1206,"11214",NA,27211,11215,411104,"hasPlace","Sainte-Marguerite Smolts-hasPlace-Sacré-Coeur City","","","","active","2017-10-24",""
"176",21238,0,2540,1206,"11214",NA,27215,11215,411104,"hasPlace","Sainte-Marguerite Smolts-hasPlace-Sainte-Marguerite","","","","active","2017-10-24",""
"177",21238,0,2541,1206,"11214",NA,27159,11215,411115,"hasPlace","Sainte-Marguerite Smolts-hasPlace-Nord-east River","","","","active","2017-10-24",""
"179",21238,0,2542,1202,"11214",NA,27010,11215,411103,"hasPlace","Salish Sea Marine Survival-hasPlace-British Columbia","","","","active","2017-10-24",""
"180",21238,0,2543,1202,"11214",NA,27016,11215,411104,"hasPlace","Salish Sea Marine Survival-hasPlace-Nanaimo","","","","active","2017-10-24",""
"181",21238,0,2544,1202,"11214",NA,27242,11215,411117,"hasPlace","Salish Sea Marine Survival-hasPlace-Strait of Georgia","","","","active","2017-10-24",""
"185",21238,0,2545,1196,"11214",NA,27171,11215,411117,"hasPlace","Salmon Enhancement Assessment-hasPlace-Pacific","","","","active","2017-10-24",""
"187",21238,0,2546,1196,"11214",NA,27249,11215,411104,"hasPlace","Salmon Enhancement Assessment-hasPlace-Vancouver","","","","active","2017-10-24",""
"189",21238,0,2547,1196,"11214",NA,27044,11215,411103,"hasPlace","Salmon Enhancement Assessment-hasPlace-BC Interior","","","","active","2017-10-24",""
"190",21238,0,2548,1221,"11214",NA,27203,11215,411107,"hasPlace","Salmon Escapement Data-hasPlace-Queen Charlotte Islands","","","","active","2017-10-24",""
"191",21238,0,2549,1221,"11214",NA,27045,11215,411103,"hasPlace","Salmon Escapement Data-hasPlace-BC North Coast","","","","active","2017-10-24",""
"192",21238,0,2550,1221,"11214",NA,27043,11215,411103,"hasPlace","Salmon Escapement Data-hasPlace-BC Central Coast","","","","active","2017-10-24",""
"193",21238,0,2551,1203,"11214",NA,27203,11215,411107,"hasPlace","Salmon Escapements: North/Central Coast-hasPlace-Queen Charlotte Islands","","","","active","2017-10-24",""
"194",21238,0,2552,1203,"11214",NA,27043,11215,411103,"hasPlace","Salmon Escapements: North/Central Coast-hasPlace-BC Central Coast","","","","active","2017-10-24",""
"195",21238,0,2553,1203,"11214",NA,27045,11215,411103,"hasPlace","Salmon Escapements: North/Central Coast-hasPlace-BC North Coast","","","","active","2017-10-24",""
"196",21238,0,2554,1178,"11214",NA,27171,11215,411117,"hasPlace","Salmon Genomics-hasPlace-Pacific","","","","active","2017-10-24",""
"198",21238,0,2555,1178,"11214",NA,27158,11215,411117,"hasPlace","Salmon Genomics-hasPlace-Nootka Sound","","","","active","2017-10-24",""
"199",21238,0,2556,1178,"11214",NA,27097,11215,411117,"hasPlace","Salmon Genomics-hasPlace-Esperanza Inlet","","","","active","2017-10-24",""
"200",21238,0,2557,1184,"11214",NA,27068,11215,411107,"hasPlace","Salmon Spawning-hasPlace-Chehalis River Hatchery","","","","active","2017-10-24",""
"201",21238,0,2558,1184,"11214",NA,27171,11215,411117,"hasPlace","Salmon Spawning-hasPlace-Pacific","","","","active","2017-10-24",""
"203",21238,0,2559,1184,"11214",NA,27036,11215,411104,"hasPlace","Salmon Spawning-hasPlace-Agassiz","","","","active","2017-10-24",""
"204",21238,0,2560,1184,"11214",NA,27067,11215,411115,"hasPlace","Salmon Spawning-hasPlace-Chehalis River","","","","active","2017-10-24",""
"205",21238,0,2561,1184,"11214",NA,27115,11215,411115,"hasPlace","Salmon Spawning-hasPlace-Harrison River","","","","active","2017-10-24",""
"208",21238,0,2562,1158,"11214",NA,27143,11215,411104,"hasPlace","Salmonid Enhancement-hasPlace-Mission","","","","active","2017-10-24",""
"209",21238,0,2563,1158,"11214",NA,27132,11215,411107,"hasPlace","Salmonid Enhancement-hasPlace-Lower Fraser Watersheds","","","","active","2017-10-24",""
"210",21238,0,2564,1158,"11214",NA,27237,11215,411115,"hasPlace","Salmonid Enhancement-hasPlace-Stave River","","","","active","2017-10-24",""
"211",21238,0,2565,1158,"11214",NA,27155,11215,411115,"hasPlace","Salmonid Enhancement-hasPlace-Nicomen Slough","","","","active","2017-10-24",""
"212",21238,0,2566,1158,"11214",NA,27160,11215,411115,"hasPlace","Salmonid Enhancement-hasPlace-Norrish Creek","","","","active","2017-10-24",""
"213",21238,0,2567,1158,"11214",NA,27120,11215,411115,"hasPlace","Salmonid Enhancement-hasPlace-Inch Creek","","","","active","2017-10-24",""
"214",21238,0,2568,1158,"11214",NA,27154,11215,411115,"hasPlace","Salmonid Enhancement-hasPlace-Nicomekl River","","","","active","2017-10-24",""
"215",21238,0,2569,1158,"11214",NA,27219,11215,411115,"hasPlace","Salmonid Enhancement-hasPlace-Serpentine River","","","","active","2017-10-24",""
"216",21238,0,2570,1158,"11214",NA,27023,11215,411104,"hasPlace","Salmonid Enhancement-hasPlace-Cultus Lake","","","","active","2017-10-24",""
"217",21238,0,2571,1158,"11214",NA,27177,11215,411115,"hasPlace","Salmonid Enhancement-hasPlace-Pitt River","","","","active","2017-10-24",""
"218",21238,0,2572,1160,"11214",NA,27171,11215,411117,"hasPlace","Salmonid Enhancement Production Planning-hasPlace-Pacific","","","","active","2017-10-24",""
"220",21238,0,2573,1160,"11214",NA,27249,11215,411104,"hasPlace","Salmonid Enhancement Production Planning-hasPlace-Vancouver","","","","active","2017-10-24",""
"221",21238,0,2574,1160,"11214",NA,27045,11215,411103,"hasPlace","Salmonid Enhancement Production Planning-hasPlace-BC North Coast","","","","active","2017-10-24",""
"222",21238,0,2575,1160,"11214",NA,27044,11215,411103,"hasPlace","Salmonid Enhancement Production Planning-hasPlace-BC Interior","","","","active","2017-10-24",""
"223",21238,0,2576,1154,"11214",NA,27064,11215,411105,"hasPlace","Science Partnerships-hasPlace-Centre for Aquaculture and Environmental Research","","","","active","2017-10-24",""
"224",21238,0,2577,1154,"11214",NA,27022,11215,411104,"hasPlace","Science Partnerships-hasPlace-West Vancouver","","","","active","2017-10-24",""
"225",21238,0,2578,1154,"11214",NA,27174,11215,411105,"hasPlace","Science Partnerships-hasPlace-Pacific Science Enterprise Centre (PSEC)","","","","active","2017-10-24",""
"227",21238,0,2579,1149,"11214",NA,27137,11215,411107,"hasPlace","Smolt predation studies-hasPlace-Maritimes","","","","active","2017-10-24",""
"228",21238,0,2580,1149,"11214",NA,27003,11215,411103,"hasPlace","Smolt predation studies-hasPlace-Nova Scotia","","","","active","2017-10-24",""
"229",21238,0,2581,1149,"11214",NA,27004,11215,411103,"hasPlace","Smolt predation studies-hasPlace-New Brunswick","","","","active","2017-10-24",""
"230",21238,0,2582,1149,"11214",NA,27239,11215,411104,"hasPlace","Smolt predation studies-hasPlace-Stewiacke","","","","active","2017-10-24",""
"231",21238,0,2583,1149,"11214",NA,27104,11215,411104,"hasPlace","Smolt predation studies-hasPlace-Fredericton","","","","active","2017-10-24",""
"232",21238,0,2584,1149,"11214",NA,27213,11215,411115,"hasPlace","Smolt predation studies-hasPlace-Saint John River","","","","active","2017-10-24",""
"233",21238,0,2585,1149,"11214",NA,27240,11215,411115,"hasPlace","Smolt predation studies-hasPlace-Stewiacke River","","","","active","2017-10-24",""
"234",21238,0,2586,1224,"11214",NA,27004,11215,411103,"hasPlace","Smolt Survival at Sea-hasPlace-New Brunswick","","","","active","2017-10-24",""
"235",21238,0,2587,1224,"11214",NA,27003,11215,411103,"hasPlace","Smolt Survival at Sea-hasPlace-Nova Scotia","","","","active","2017-10-24",""
"236",21238,0,2588,1224,"11214",NA,27051,11215,411115,"hasPlace","Smolt Survival at Sea-hasPlace-Big Salmon River","","","","active","2017-10-24",""
"237",21238,0,2589,1224,"11214",NA,27108,11215,411103,"hasPlace","Smolt Survival at Sea-hasPlace-Fundy National Park","","","","active","2017-10-24",""
"238",21238,0,2590,1172,"11214",NA,27249,11215,411104,"hasPlace","Sockeye Test Fisheries-hasPlace-Vancouver","","","","active","2017-10-24",""
"241",21238,0,2591,1226,"11214",NA,27068,11215,411107,"hasPlace","Steelhead and Cutthroat Production-hasPlace-Chehalis River Hatchery","","","","active","2017-10-24",""
"243",21238,0,2592,1226,"11214",NA,27036,11215,411104,"hasPlace","Steelhead and Cutthroat Production-hasPlace-Agassiz","","","","active","2017-10-24",""
"244",21238,0,2593,1226,"11214",NA,27067,11215,411115,"hasPlace","Steelhead and Cutthroat Production-hasPlace-Chehalis River","","","","active","2017-10-24",""
"245",21238,0,2594,1226,"11214",NA,27115,11215,411115,"hasPlace","Steelhead and Cutthroat Production-hasPlace-Harrison River","","","","active","2017-10-24",""
"246",21238,0,2595,1226,"11214",NA,27102,11215,411107,"hasPlace","Steelhead and Cutthroat Production-hasPlace-Fraser Valley Trout Hatchery","","","","active","2017-10-24",""
"247",21238,0,2596,1226,"11214",NA,27035,11215,411104,"hasPlace","Steelhead and Cutthroat Production-hasPlace-Abbotsford","","","","active","2017-10-24",""
"250",21238,0,2597,1182,"11214",NA,27099,11215,411115,"hasPlace","Stock-Habitat-Recruit Models-hasPlace-Fraser River","","","","active","2017-10-24",""
"251",21238,0,2598,1182,"11214",NA,27069,11215,411116,"hasPlace","Stock-Habitat-Recruit Models-hasPlace-Chilko Lake","","","","active","2017-10-24",""
"252",21238,0,2599,1192,"11214",NA,27172,11215,411105,"hasPlace","Strategies for Red-status CUs-hasPlace-Pacific Biological Station","","","","active","2017-10-24",""
"255",21238,0,2600,1169,"11214",NA,27222,11215,411115,"hasPlace","Tyee Test Fishery-hasPlace-Skeena River","","","","active","2017-10-24",""
"256",21238,0,2601,1169,"11214",NA,27185,11215,411104,"hasPlace","Tyee Test Fishery-hasPlace-Prince Rupert","","","","active","2017-10-24",""
"258",21238,0,2602,1147,"11214",NA,27229,11215,411103,"hasPlace","Wild vs. Aquaculture Salmon-hasPlace-Southwest New Brunswick","","","","active","2017-10-24",""
"259",21238,0,2603,1147,"11214",NA,27004,11215,411103,"hasPlace","Wild vs. Aquaculture Salmon-hasPlace-New Brunswick","","","","active","2017-10-24",""
"260",21238,0,2604,1170,"11214",NA,27259,11215,411115,"hasPlace","Yukon River SONAR-hasPlace-Yukon River","","","","active","2017-10-24",""
"261",21238,0,2605,1170,"11214",NA,27260,11215,411107,"hasPlace","Yukon River SONAR-hasPlace-Yukon River Watershed","","","","active","2017-10-24",""
