"","resourceNodeTypeID","resourceNodeSubTypeID","ID","label","name","description","status","start_date","end_date","addressString","postOfficeBox","aptNumber","street","locality","region","country","postalCode"
"1","11223",NA,1529,"Big Qualicum River Hatchery","","","active","2017-01-24","",",,215 Fisheries Rd,Qualicum Beach,BC,Canada,V9K1Z5","","","215 Fisheries Rd","Qualicum Beach","BC","Canada","V9K1Z5"
"2","11223",NA,1530,"Bella Coola Field Office","","","active","2017-01-24","","PO Box 130,,Highway 20,Bella Coola,BC,Canada,V0T1C0","PO Box 130","","Highway 20","Bella Coola","BC","Canada","V0T1C0"
"3","11223",NA,1531,"Campbell River (Tamarac)","","","active","2017-01-24","",",,1520 Tamarac Street,Campbell River,BC,Canada,V9W3M5","","","1520 Tamarac Street","Campbell River","BC","Canada","V9W3M5"
"4","11223",NA,1532,"Campbell River Field Office","","","active","2017-01-24","",",,315-940 Alder Street,Campbell River,BC,Canada,V9W2P8","","","315-940 Alder Street","Campbell River","BC","Canada","V9W2P8"
"5","11223",NA,1533,"Capilano Salmon Hatchery","","","active","2017-01-24","",",,4500 Capilano Park Road,North Vancouver,BC,Canada,V7R4L3","","","4500 Capilano Park Road","North Vancouver","BC","Canada","V7R4L3"
"6","11223",NA,1534,"Charlottetown (Diadromous)","","","active","2017-01-24","","Box 1236,,Kent Street,Charlottetown,PEI,Canada,C1A7M8","Box 1236","","Kent Street","Charlottetown","PEI","Canada","C1A7M8"
"7","11223",NA,1535,"Chehalis River Hatchery","","","active","2017-01-24","",",,16250 Morris Valley Road,Agassiz,BC,Canada,V0M1A1","","","16250 Morris Valley Road","Agassiz","BC","Canada","V0M1A1"
"8","11223",NA,1536,"Chilliwack Fish Hatchery","","","active","2017-01-24","",",,55205 Chilliwack Lake Road,Chilliwack,BC,Canada,V4Z1A7","","","55205 Chilliwack Lake Road","Chilliwack","BC","Canada","V4Z1A7"
"9","11223",NA,1537,"Chilliwack Field Office","","","active","2017-01-24","",",,327-44500 South Sumas Road,Chilliwack,BC,Canada,V2R5M3","","","327-44500 South Sumas Road","Chilliwack","BC","Canada","V2R5M3"
"10","11223",NA,1538,"Comox Valley Field Office","","","active","2017-01-24","",",,148 Port Agusta Street,Comox,BC,Canada,V9M3N6","","","148 Port Agusta Street","Comox","BC","Canada","V9M3N6"
"11","11223",NA,1539,"Conuma River Hatchery","","","active","2017-01-24","","PO Box 247,,Head Bay Road,Tahsis,BC,Canada,V0P1X0","PO Box 247","","Head Bay Road","Tahsis","BC","Canada","V0P1X0"
"12","11223",NA,1540,"Dewdney Field Office","","","active","2017-01-24","","PO Box 61,,38620 Bell Road,Dewdney,BC,Canada,V0M1H0","PO Box 61","","38620 Bell Road","Dewdney","BC","Canada","V0M1H0"
"13","11223",NA,1541,"DFO Gulf Nova Scotia Area Office","","","active","2017-01-24","",",,2920 Highway 104,Antigonish,NS,Canada,B2G2K6","","","2920 Highway 104","Antigonish","NS","Canada","B2G2K6"
"14","11223",NA,1542,"Duncan Field Office","","","active","2017-01-24","",",,5345 Trans Canada Highway,Duncan,BC,Canada,V0R2C0","","","5345 Trans Canada Highway","Duncan","BC","Canada","V0R2C0"
"15","11223",NA,1543,"Fulton River Spawning Channel","","","active","2017-01-24","","PO Box 9,,Highway 118 Central Babine Lake Highway PO Box 9,Granisle,BC,Canada,V0J1W0","PO Box 9","","Highway 118 Central Babine Lake Highway PO Box 9","Granisle","BC","Canada","V0J1W0"
"16","11223",NA,1544,"Inch Creek Hatchery","","","active","2017-01-24","","PO Box 61,,38620 Bell Road,Dewdney,BC,Canada,V0M1H0","PO Box 61","","38620 Bell Road","Dewdney","BC","Canada","V0M1H0"
"17","11223",NA,1545,"Kitimat River Hatchery","","","active","2017-01-24","","PO Box 197,,283 Haisla Boulevard,Kitimat,BC,Canada,V8C2G7","PO Box 197","","283 Haisla Boulevard","Kitimat","BC","Canada","V8C2G7"
"18","11223",NA,1546,"Langley Field Office","","","active","2017-01-24","",",,5550-268th Street,Langley,BC,Canada,V4W3X4","","","5550-268th Street","Langley","BC","Canada","V4W3X4"
"19","11223",NA,1547,"Miramichi Salmon Conservation Centre","","","active","2017-01-24","",",,477 Route 420,Miramichi,NB,Canada,E1V4L9","","","477 Route 420","Miramichi","NB","Canada","E1V4L9"
"20","11223",NA,1548,"Marine House","","","active","2017-01-24","","PO Box 1035,,NA,Dartmouth,NS,Canada,B2Y 4T3","PO Box 1035","",NA,"Dartmouth","NS","Canada","B2Y 4T3"
"21","11223",NA,1549,"Mission Field Office","","","active","2017-01-24","",",,A1-7266 River Place,Mission,BC,Canada,V4S0A2","","","A1-7266 River Place","Mission","BC","Canada","V4S0A2"
"22","11223",NA,1550,"Morgan Falls Fishway","","","active","2017-01-24","",",,1254 Osbourne Road,New Germany,NS,Canada,B0R1E0","","","1254 Osbourne Road","New Germany","NS","Canada","B0R1E0"
"23","11223",NA,1551,"Nanaimo (SEP)","","","active","2017-01-24","",",,1965 Island Diesel Way,Nanaimo,BC,Canada,V9S5W8","","","1965 Island Diesel Way","Nanaimo","BC","Canada","V9S5W8"
"24","11223",NA,1552,"Nitinat River Hatchery","","","active","2017-01-24","","PO Box 369,,Nitinat Road,Port Alberni,BC,Canada,V9Y7M8","PO Box 369","","Nitinat Road","Port Alberni","BC","Canada","V9Y7M8"
"25","11223",NA,1553,"PEI Area Office","","","active","2017-01-24","","PO Box 1236,,165 John Yeo Drive,Charlottetown,PEI,Canada,C1E 3J3","PO Box 1236","","165 John Yeo Drive","Charlottetown","PEI","Canada","C1E 3J3"
"26","11223",NA,1554,"Port Alberni Field Office","","","active","2017-01-24","",",,4706 Tebo Avenue,Port Alberni,BC,Canada,V9Y8B1","","","4706 Tebo Avenue","Port Alberni","BC","Canada","V9Y8B1"
"27","11223",NA,1555,"Port Hardy Field Office","","","active","2017-01-24","","PO Box 10,,8585 Wollason Street,Port Hardy,BC,Canada,V0N2P0","PO Box 10","","8585 Wollason Street","Port Hardy","BC","Canada","V0N2P0"
"28","11223",NA,1556,"Puntledge River Hatchery","","","active","2017-01-24","","PO Box 3111,,38 Powerhouse Road,Courtenay,BC,Canada,V9N9L3","PO Box 3111","","38 Powerhouse Road","Courtenay","BC","Canada","V9N9L3"
"29","11223",NA,1557,"Queen Charlotte City Field Office","","","active","2017-01-24","",",,137 Bay Street,Queen Charlotte,BC,Canada,V0T1S0","","","137 Bay Street","Queen Charlotte","BC","Canada","V0T1S0"
"30","11223",NA,1558,"Quinsam River Hatchery","","","active","2017-01-24","",",,4217 Argonaut Road,Campbell River,BC,Canada,V9H1P3","","","4217 Argonaut Road","Campbell River","BC","Canada","V9H1P3"
"31","11223",NA,1559,"Robertson Creek Hatchery","","","active","2017-01-24","",",,10333B Central Lake Road,Port Alberni,BC,Canada,V9Y8Z2","","","10333B Central Lake Road","Port Alberni","BC","Canada","V9Y8Z2"
"32","11223",NA,1560,"Smithers Field Office","","","active","2017-01-24","","PO Box 578,,3177 Tatlow Road,Smithers,BC,Canada,V0J2N0","PO Box 578","","3177 Tatlow Road","Smithers","BC","Canada","V0J2N0"
"33","11223",NA,1561,"Snootli Creek Hatchery","","","active","2017-01-24","","PO Box 95,,1450 Highway 20,Bella Coola,BC,Canada,V0T1C0","PO Box 95","","1450 Highway 20","Bella Coola","BC","Canada","V0T1C0"
"34","11223",NA,1562,"Spius Creek Hatchery","","","active","2017-01-24","",",,2857 Prospect Creek Road,Merritt,BC,Canada,V9K1N8","","","2857 Prospect Creek Road","Merritt","BC","Canada","V9K1N8"
"35","11223",NA,1563,"Squamish Field Office","","","active","2017-01-24","","PO Box 2360,,1120 Hunter Place,Squamish,BC,Canada,V0N3G0","PO Box 2360","","1120 Hunter Place","Squamish","BC","Canada","V0N3G0"
"36","11223",NA,1564,"Steveston Field Office","","","active","2017-01-24","",",,12551 No. 1 Road,Richmond,BC,Canada,V7E1T7","","","12551 No. 1 Road","Richmond","BC","Canada","V7E1T7"
"37","11223",NA,1565,"Tenderfoot Creek Hatchery","","","active","2017-01-24","","PO Box 477,,1000 Midnight Way,Brackendale,BC,Canada,V0N1H0","PO Box 477","","1000 Midnight Way","Brackendale","BC","Canada","V0N1H0"
"38","11223",NA,1566,"Terrace Field Office","","","active","2017-01-24","","PO Box 216,,5235A Keith Avenue,Terrace,BC,Canada,V8G1L2","PO Box 216","","5235A Keith Avenue","Terrace","BC","Canada","V8G1L2"
"39","11223",NA,1567,"Vancouver (SEP)","","","active","2017-01-24","",",,2734 Trinity Street,Vancouver,BC,Canada,V5K3E7","","","2734 Trinity Street","Vancouver","BC","Canada","V5K3E7"
"40","11223",NA,1568,"Williams Lake Field Office","","","active","2017-01-24","",",,280C Third Avenue North,Williams Lake,BC,Canada,V2G4T5","","","280C Third Avenue North","Williams Lake","BC","Canada","V2G4T5"
"41","11223",NA,1569,"Canada Centre for Insland Waters (Bayfield Institute)","","","active","2017-01-24","",",,867 Lakeshore Road,Burlington,ON,Canada,L7S1A1","","","867 Lakeshore Road","Burlington","ON","Canada","L7S1A1"
"42","11223",NA,1570,"Freshwater Institute","","","active","2017-01-24","",",,501 University Crescent,Winnipeg,MN,Canada,R3T2N6","","","501 University Crescent","Winnipeg","MN","Canada","R3T2N6"
"43","11223",NA,1571,"Sea Lamprey Control Centre","","","active","2017-01-24","",",,1219 Queen Street East,Sault Ste. Marie,ON,Canada,P6A2E5","","","1219 Queen Street East","Sault Ste. Marie","ON","Canada","P6A2E5"
"44","11223",NA,1572,"HQ","","","active","2017-01-24","",",,200 Kent Street,Ottawa,ON,Canada,K1A0E6","","","200 Kent Street","Ottawa","ON","Canada","K1A0E6"
"45","11223",NA,1573,"Gulf Fisheries Centre","","","active","2017-01-24","",",,343 University Avenue,Moncton,NB,Canada,E1C9B6","","","343 University Avenue","Moncton","NB","Canada","E1C9B6"
"46","11223",NA,1574,"Bedford Institute of Oceanography","","","active","2017-01-24","","PO Box 1006,,1 Challenger Drive,Dartmouth,NS,Canada,B2Y4A2","PO Box 1006","","1 Challenger Drive","Dartmouth","NS","Canada","B2Y4A2"
"47","11223",NA,1575,"Coldbrook Biodiversity Facility","","","active","2017-01-24","",",,1420 Fish Hatchery Road, Hwy #1,Coldbrook,NS,Canada,B4R1B6","","","1420 Fish Hatchery Road, Hwy #1","Coldbrook","NS","Canada","B4R1B6"
"48","11223",NA,1576,"Mactaquac Biodiversity Facility","","","active","2017-01-24","",",,114 Fish Hatchery Lane,French Village,NB,Canada,E3E2C6","","","114 Fish Hatchery Lane","French Village","NB","Canada","E3E2C6"
"49","11223",NA,1577,"St. Andrews Biological Station","","","active","2017-01-24","",",,531 Brandy Cove Road,St. Andrews,NB,Canada,E5B2L9","","","531 Brandy Cove Road","St. Andrews","NB","Canada","E5B2L9"
"50","11223",NA,1578,"Northwest Atlantic Fisheries Centre","","","active","2017-01-24","","PO Box 5666,,80 East White Hills,St. John's,NL,Canada,A1C5X1","PO Box 5666","","80 East White Hills","St. John's","NL","Canada","A1C5X1"
"51","11223",NA,1579,"Institute Maurice Lamontagne","","","active","2017-01-24","",",,850 Route de la Mer,Mont-Joli,QU,Canada,G5H3Z4","","","850 Route de la Mer","Mont-Joli","QU","Canada","G5H3Z4"
"52","11223",NA,1580,"Pacific Biological Station","","","active","2017-01-24","",",,3190 Hammond Bay Road,Nanaimo,BC,Canada,V9T6N7","","","3190 Hammond Bay Road","Nanaimo","BC","Canada","V9T6N7"
"53","11223",NA,1581,"Simon Fraser University","","","active","2017-01-24","",",,8888 University Drive,Burnaby,BC,Canada,V5A1S6","","","8888 University Drive","Burnaby","BC","Canada","V5A1S6"
"54","11223",NA,1582,"Institute of Ocean Sciences","","","active","2017-01-24","",",,9860 West Saanich Road,Sidney,BC,Canada,V8L4B2","","","9860 West Saanich Road","Sidney","BC","Canada","V8L4B2"
"55","11223",NA,1583,"Cultus Lake Salmon Research Laboratory","","","active","2017-01-24","",",,4222 Columbia Valley Highway,Cultus Lake,BC,Canada,V2R5B6","","","4222 Columbia Valley Highway","Cultus Lake","BC","Canada","V2R5B6"
"56","11223",NA,1584,"Whitehorse Field Office","","","active","2017-01-24","",",,100 - 419 Range Road,Whitehorse,YT,Canada,Y1A3V1","","","100 - 419 Range Road","Whitehorse","YT","Canada","Y1A3V1"
"57","11223",NA,1585,"Prince Rupert Field Office","","","active","2017-01-24","",",,417 2nd Ave West,Prince Rupert,BC,Canada,V8J1G8","","","417 2nd Ave West","Prince Rupert","BC","Canada","V8J1G8"
"58","11223",NA,1586,"South Coast Area Office","","","active","2017-01-24","",",,3225 Stephenson Point Road,Nanaimo,BC,Canada,V9T1K3","","","3225 Stephenson Point Road","Nanaimo","BC","Canada","V9T1K3"
"59","11223",NA,1587,"Kamloops Field Office","","","active","2017-01-24","",",,985 McGill Place,Kamloops,BC,Canada,V2C6X6","","","985 McGill Place","Kamloops","BC","Canada","V2C6X6"
"60","11223",NA,1588,"Vancouver (RHQ)","","","active","2017-01-24","",",,200-401 Burrard Street,Vancouver,BC,Canada,V6C3S4","","","200-401 Burrard Street","Vancouver","BC","Canada","V6C3S4"
"61","11223",NA,1589,"Centre for Aquaculture and Environmental Research","","","active","2017-01-24","",",,4160 Marine Drive,West Vancouver,BC,Canada,V7V1N6","","","4160 Marine Drive","West Vancouver","BC","Canada","V7V1N6"
"62","11223",NA,1590,"Annacis Island","","","active","2017-01-24","",",,100 Annacis Parkway, Unit 3,Delta,BC,Canada,V3M6A2","","","100 Annacis Parkway, Unit 3","Delta","BC","Canada","V3M6A2"
