"","resourceNodeTypeID","resourceNodeSubTypeID","ID","label","name","description","status","start_date","end_date","contactServiceString"
"1","11224",NA,771,"Aaron Burgoyne","Aaron Burgoyne","","active","2017-01-24","","Aaron.Burgoyne@dfo-mpo.gc.ca 250-757-8412"
"2","11224",NA,772,"Adam Bruno","Adam Bruno","","active","2017-01-24","","Adam.Bruno@dfo-mpo.gc.ca 250-572-2496"
"3","11224",NA,773,"Adam Burns","Adam Burns","","active","2017-01-24","","Adam.Burns@dfo-mpo.gc.ca 613-993-6853"
"4","11224",NA,774,"Adam Silverstein","Adam Silverstein","","active","2017-01-24","","Adam.Silverstein@dfo-mpo.gc.ca 250-339-2809"
"5","11224",NA,775,"Adena Peters","Adena Peters","","active","2017-01-24","","Adena.Peters@dfo-mpo.gc.ca 506-261-5561"
"6","11224",NA,776,"Al Jonsson","Al Jonsson","","active","2017-01-24","","Alan.Jonsson@dfo-mpo.gc.ca 604-666-0226"
"7","11224",NA,777,"Alanna MacFarlane","Alanna MacFarlane","","active","2017-01-24","","Alanna.MacFarlane@dfo-mpo.gc.ca 506-639-4721"
"8","11224",NA,778,"Aleta Rushton","Aleta Rushton","","active","2017-01-24","","Aleta.Rushton@dfo-mpo.gc.ca 250-949-6788"
"9","11224",NA,779,"Alex Levy","Alex Levy","","active","2017-01-24","","Alex.Levy@dfo-mpo.gc.ca 902-478-7837"
"10","11224",NA,780,"Alfred Lavallee","Alfred Lavallee","","active","2017-01-24","","Alfred.Lavallee@dfo-mpo.gc.ca 867-393-6722"
"11","11224",NA,781,"Allison Webb","Allison Webb","","active","2017-01-24","","Allison.Webb@dfo-mpo.gc.ca 604-666-8118"
"12","11224",NA,782,"Amanda Metz","Amanda Metz","","active","2017-01-24","","Amanda.Kelley@dfo-mpo.gc.ca 506-238-4203"
"13","11224",NA,783,"Andrea Goruk","Andrea Goruk","","active","2017-01-24","","Andrea.Goruk@dfo-mpo.gc.ca 250-756-7287"
"14","11224",NA,784,"Andrew Campbell","Andrew Campbell","","active","2017-01-24","","Andrew.Campbell@dfo-mpo.gc.ca 250-756-7393"
"15","11224",NA,785,"Andrew Grant","Andrew Grant","","active","2017-01-24","","Andrew.Grant@dfo-mpo.gc.ca 604-316-7586"
"16","11224",NA,786,"Andrew MacDonald","Andrew MacDonald","","active","2017-01-24","","Andrew.MacDonald@dfo-mpo.gc.ca 506-478-0223"
"17","11224",NA,787,"Andrew Pereboom","Andrew Pereboom","","active","2017-01-24","","Andrew.Pereboom@dfo-mpo.gc.ca 250-286-5884"
"18","11224",NA,788,"Andrew Smith","Andrew Smith","","active","2017-01-24","","Andrew.Smith4@dfo-mpo.gc.ca 418-775-0665"
"19","11224",NA,789,"Andrew Thomson","Andrew Thomson","","active","2017-01-24","","Andrew.Thomson@dfo-mpo.gc.ca 604-666-0751"
"20","11224",NA,790,"Andy Carlick","Andy Carlick","","active","2017-01-24","","Andy.Carlick@dfo-mpo.gc.ca 867-393-6722"
"21","11224",NA,791,"Andy Lewis","Andy Lewis","","active","2017-01-24","","Andy.Lewis@dfo-mpo.gc.ca 250) 615-5361"
"22","11224",NA,792,"Angela Bate","Angela Bate","","active","2017-01-24","","Angela.Bate@dfo-mpo.gc.ca 604-666-6478"
"23","11224",NA,793,"Angela Stadel","Angela Stadel","","active","2017-01-24","","Angela.Stadel@dfo-mpo.gc.ca 604-666-7013"
"24","11224",NA,794,"Ann Susnik","Ann Susnik","","active","2017-01-24","","Ann.Susnik@dfo-mpo.gc.ca 604-363-1647"
"25","11224",NA,795,"Ann-Marie Huang","Ann-Marie Huang","","active","2017-01-24","","Ann-Marie.Huang@dfo-mpo.gc.ca 604-666-7112"
"26","11224",NA,796,"Anna MacDonnell","Anna MacDonnell","","active","2017-01-24","","Anna.MacDonnell@dfo-mpo.gc.ca 902-679-5627"
"27","11224",NA,797,"Antonio Velez-Espino","Antonio Velez-Espino","","active","2017-01-24","","Antonio.Velez-Espino@dfo-mpo.gc.ca 250-756-7119"
"28","11224",NA,798,"Art Demsky","Art Demsky","","active","2017-01-24","","Arthur.Demsky@dfo-mpo.gc.ca 604-607-4168"
"29","11224",NA,799,"Ashley Uittenbogaard","Ashley Uittenbogaard","","active","2017-01-24","","Ashley.Uittenbogaard@dfo-mpo.gc.ca 604-666-1819"
"30","11224",NA,800,"Athena Ogden","Athena Ogden","","active","2017-01-24","","Athena.Ogden@dfo-mpo.gc.ca 250-756-3375"
"31","11224",NA,801,"Averil Lamont","Averil Lamont","","active","2017-01-24","","Averil.Lamont@dfo-mpo.gc.ca 604-658-2837"
"32","11224",NA,802,"Barbara Mueller","Barbara Mueller","","active","2017-01-24","","Barbara.Mueller@dfo-mpo.gc.ca 604-666-2370"
"33","11224",NA,803,"Barry Finnegan","Barry Finnegan","","active","2017-01-24","","Barry.Finnegan@dfo-mpo.gc.ca 250-847-3916"
"34","11224",NA,804,"Becky Graham","Becky Graham","","active","2017-01-24","","Becky.Graham@dfo-mpo.gc.ca 506-238-5769"
"35","11224",NA,805,"Beth Lenentine","Beth Lenentine","","active","2017-01-24","","Beth.Lenentine@dfo-mpo.gc.ca 902-679-5572"
"36","11224",NA,806,"Beth Pechter","Beth Pechter","","active","2017-01-24","","Beth.Pechter@dfo-mpo.gc.ca 250-286-5880"
"37","11224",NA,807,"Bhagwant Sandhu","Bhagwant Sandhu","","active","2017-01-24","","Bhagwant.Sandhu@dfo-mpo.gc.ca 613-998-8117"
"38","11224",NA,808,"Bill Waugh","Bill Waugh","","active","2017-01-24","","Bill.Waugh@dfo-mpo.gc.ca 867-393-6764"
"39","11224",NA,809,"Bob Devlin","Bob Devlin","","active","2017-01-24","","Robert.Devlin@dfo-mpo.gc.ca (604) 666-7926"
"40","11224",NA,810,"Bob Stanton","Bob Stanton","","active","2017-01-24","","Robert.Stanton@dfo-mpo.gc.ca 604-858-9305"
"41","11224",NA,811,"Bonnie Antcliffe","Bonnie Antcliffe","","active","2017-01-24","","Bonnie.Antcliffe@dfo-mpo.gc.ca 604-666-0920"
"42","11224",NA,812,"Brad Beaith","Brad Beaith","","active","2017-01-24","","Brad.Beaith@dfo-mpo.gc.ca 250-713-0437"
"43","11224",NA,813,"Brad Fanos","Brad Fanos","","active","2017-01-24","","Brad.Fanos@dfo-mpo.gc.ca 604-666-3909"
"44","11224",NA,814,"Brad Wattie","Brad Wattie","","active","2017-01-24","","Brad.Wattie@dfo-mpo.gc.ca 604-814-1061"
"45","11224",NA,815,"Bradley Koroluk","Bradley Koroluk","","active","2017-01-24","","Bradley.Koroluk@dfo-mpo.gc.ca 250-799-5729"
"46","11224",NA,816,"Brenda Ridgway","Brenda Ridgway","","active","2017-01-24","","Brenda.Ridgway@dfo-mpo.gc.ca 250-756-7094"
"47","11224",NA,817,"Brenda Wright","Brenda Wright","","active","2017-01-24","","Brenda.Wright@dfo-mpo.gc.ca 250-756-7151"
"48","11224",NA,818,"Brian Dempson","Brian Dempson","","active","2017-01-24","","Brian.Dempson@dfo-mpo.gc.ca 709-772-4475"
"49","11224",NA,819,"Brian Leaf","Brian Leaf","","active","2017-01-24","","Brian.Leaf@dfo-mpo.gc.ca 250-851-4988"
"50","11224",NA,820,"Brian Matts","Brian Matts","","active","2017-01-24","","Brian.Matts@dfo-mpo.gc.ca 604-666-2096"
"51","11224",NA,821,"Brian Polchies","Brian Polchies","","active","2017-01-24","","Brian.Polchies@dfo-mpo.gc.ca 506-594-0361"
"52","11224",NA,822,"Brittany Jenewein","Brittany Jenewein","","active","2017-01-24","","Brittany.Jenewein@dfo-mpo.gc.ca 604-666-2417"
"53","11224",NA,823,"Bronwyn MacDonald","Bronwyn MacDonald","","active","2017-01-24","","Bronwyn.MacDonald@dfo-mpo.gc.ca 604-666-8496"
"54","11224",NA,824,"Brooke Davis","Brooke Davis","","active","2017-01-24","","Brooke.Davis@dfo-mpo.gc.ca 604-666-8713"
"55","11224",NA,825,"Bruce Baxter","Bruce Baxter","","active","2017-01-24","","Bruce.Baxter@dfo-mpo.gc.ca 250-756-7063"
"56","11224",NA,826,"Bruce Patten","Bruce Patten","","active","2017-01-24","","Bruce.Patten@dfo-mpo.gc.ca 250-756-7303"
"57","11224",NA,827,"Bruce Whitehead","Bruce Whitehead","","active","2017-01-24","","Bruce.Whitehead@dfo-mpo.gc.ca 250-851-4850"
"58","11224",NA,828,"Bryan Rusch","Bryan Rusch","","active","2017-01-24","","Bryan.Rusch@dfo-mpo.gc.ca 250-756-7294"
"59","11224",NA,829,"Carlos Martinez","Carlos Martinez","","active","2017-01-24","","Carlos.Martinez@dfo-mpo.gc.ca 604-666-8833"
"60","11224",NA,830,"Carmel Lowe","Carmel Lowe","","active","2017-01-24","","Carmel.Lowe@dfo-mpo.gc.ca "
"61","11224",NA,831,"Carmen McConnell","Carmen McConnell","","active","2017-01-24","","Carmen.McConnell@dfo-mpo.gc.ca 250-756=7272"
"62","11224",NA,832,"Carole Grant","Carole Grant","","active","2017-01-24","","Carole.Grant@dfo-mpo.gc.ca 709-772-2128"
"63","11224",NA,833,"Carolyn Harvie","Carolyn Harvie","","active","2017-01-24","","Carolyn.Harvie@DFo-mpo.gc.ca 902-426-8891"
"64","11224",NA,834,"Carrie Holt","Carrie Holt","","active","2017-01-24","","Carrie.Holt@dfo-mpo.gc.ca 250-756-7136"
"65","11224",NA,835,"Cathy McClean","Cathy McClean","","active","2017-01-24","","Catherine.McClean@dfo-mpo.gc.ca 604-820-7419"
"66","11224",NA,836,"Chad Ridley","Chad Ridley","","active","2017-01-24","","Chad.Ridley@dfo-mpo.gc.ca 250-319-1753"
"67","11224",NA,837,"Chantal Nessman","Chantal Nessman","","active","2017-01-24","","Chantal.Nessman@dfo-mpo.gc.ca 250-746-5137"
"68","11224",NA,838,"Cheryl Webb","Cheryl Webb","","active","2017-01-24","","Cheryl.Webb@dfo-mpo.bc.ca "
"69","11224",NA,839,"Chris Carr","Chris Carr","","active","2017-01-24","","Christopher.Carr@dfo-mpo.gc.ca 506-238-006"
"70","11224",NA,840,"Chris McKindsey","Chris McKindsey","","active","2017-01-24","","Chris.Mckindsey@dfo-mpo.gc.ca 418-775-0667"
"71","11224",NA,841,"Christine Bukta","Christine Bukta","","active","2017-01-24","","Christine.Bukta@dfo-mpo.gc.ca 250-286-5888"
"72","11224",NA,842,"Christine MacWilliams","Christine MacWilliams","","active","2017-01-24","","Christine.MacWilliams@dfo-mpo.gc.ca 250-729-8377"
"73","11224",NA,843,"Christy Wilson","Christy Wilson","","active","2017-01-24","","Christy.Wilson2@dfo-mpo.gc.ca 250-754-0330"
"74","11224",NA,844,"Chrys Neville","Chrys Neville","","active","2017-01-24","","Chrys.Neville@dfo-mpo.gc.ca 250-756-7185"
"75","11224",NA,845,"Chuck Parken","Chuck Parken","","active","2017-01-24","","Chuck.Parken@dfo-mpo.gc.ca 250-851-4948"
"76","11224",NA,846,"Cindy Breau","Cindy Breau","","active","2017-01-24","","Cindy.Breau@dfo-mpo.gc.ca 506-851-6238"
"77","11224",NA,847,"Cindy Wong","Cindy Wong","","active","2017-01-24","","Cindy.Wong@dfo-mpo.gc.ca 604-666-6622"
"78","11224",NA,848,"Claude Fitzherbert","Claude Fitzherbert","","active","2017-01-24","","Claude.Fitzherbert@dfo-mpo.gc.ca 506-477-8678"
"79","11224",NA,849,"Colin Masson","Colin Masson","","active","2017-01-24","","Colin.Masson@dfo-mpo.gc.ca 250-627-3416"
"80","11224",NA,850,"Colin McGregor","Colin McGregor","","active","2017-01-24","","Colin.Mcgregor@dfo-mpo.gc.ca 250-754-0349"
"81","11224",NA,851,"Colin Nettles","Colin Nettles","","active","2017-01-24","","Colin.Nettles@dfo-mpo.gc.ca 250-320-8814"
"82","11224",NA,852,"Corey Martens","Corey Martens","","active","2017-01-24","","Corey.Martens@dfo-mpo.gc.ca "
"83","11224",NA,853,"Corino Salomi","Corino Salomi","","active","2017-01-24","","Corino.Salomi@dfo-mpo.gc.ca 604-666-8712"
"84","11224",NA,854,"Craig Keddy","Craig Keddy","","active","2017-01-24","","Craig.Keddy@dfo-mpo.gc.ca 902-679-5572"
"85","11224",NA,855,"Cynthia Hawthorne","Cynthia Hawthorne","","active","2017-01-24","","Cynthia.Hawthorne@dfo-mpo.gc.ca 506-529-5705"
"86","11224",NA,856,"Dale Desrochers","Dale Desrochers","","active","2017-01-24","","Dale.Desrochers@dfo-mpo.gc.ca 250-756-7122"
"87","11224",NA,857,"Dale Michie","Dale Michie","","active","2017-01-24","","Dale.Michie@dfo-mpo.gc.ca 250-851-4946"
"88","11224",NA,858,"Dan Selbie","Dan Selbie","","active","2017-01-24","","Daniel.Selbie@dfo-mpo.gc.ca 604-824-4702"
"89","11224",NA,859,"Daniel Caissie","Daniel Caissie","","active","2017-01-24","","Daniel.Caissie@dfo-mpo.gc.ca 506-851-6287"
"90","11224",NA,860,"Darcy McNicholl","Darcy McNicholl","","active","2017-01-24","","Darcy.McNicholl@dfo-mpo.gc.ca 204-983-5287"
"91","11224",NA,861,"Darren Goetze","Darren Goetze","","active","2017-01-24","","Darren.Goetze@dfo-mpo.gc.ca 613-993-1414"
"92","11224",NA,862,"Dave Davies","Dave Davies","","active","2017-01-24","","Dave.Davies@dfo-mpo.gc.ca 250-339-0431"
"93","11224",NA,863,"Dave Loop","Dave Loop","","active","2017-01-24","","Dave.Loop@dfo-mpo.gc.ca 604-892-3292"
"94","11224",NA,864,"Dave Nanson","Dave Nanson","","active","2017-01-24","","Dave.Nanson@dfo-mpo.gc.ca 604-666-8182"
"95","11224",NA,865,"David Cairns","David Cairns","","active","2017-01-24","","David.Cairns@dfo-mpo.gc.ca 902-566-7825"
"96","11224",NA,866,"David Hardie","David Hardie","","active","2017-01-24","","David.Hardie@dfo-mpo.gc.ca 902-225-6001"
"97","11224",NA,867,"David O'Brien","David O'Brien","","active","2017-01-24","","David.OBrien@dfo-mpo.gc.ca 250-756-7003"
"98","11224",NA,868,"David Patterson","David Patterson","","active","2017-01-24","","David.Patterson@dfo-mpo.gc.ca 604-666-5671"
"99","11224",NA,869,"David Willis","David Willis","","active","2017-01-24","","David.Willis@dfo-mpo.gc.ca 604-666-2030"
"100","11224",NA,870,"Dawn Lewis","Dawn Lewis","","active","2017-01-24","","Dawn.Lewis@dfo-mpo.gc.ca 250-756-7236"
"101","11224",NA,871,"Dean Allan","Dean Allan","","active","2017-01-24","","Dean.Allan@dfo-mpo.gc.ca (250) 851-4821"
"102","11224",NA,872,"Dennis Klassen","Dennis Klassen","","active","2017-01-24","","Dennis.Klassen@dfo-mpo.gc.ca 250-318-5932"
"103","11224",NA,873,"Denver Gilbert","Denver Gilbert","","active","2017-01-24","","Denver.Gilbert@dfo-mpo.gc.ca "
"104","11224",NA,874,"Devona Adams","Devona Adams","","active","2017-01-24","","Devona.Adams@dfo-mpo.gc.ca 604-666-3271"
"105","11224",NA,875,"Diana Dobson","Diana Dobson","","active","2017-01-24","","Diana.Dobson@dfo-mpo.gc.ca 250-756-7186"
"106","11224",NA,876,"Diana McHugh","Diana McHugh","","active","2017-01-24","","Diana.McHugh@dfo-mpo.gc.ca 250-756-7006"
"107","11224",NA,877,"Diane Lavoie","Diane Lavoie","","active","2017-01-24","","Diane.Lavoie@dfo-mpo.gc.ca 418-775-0569"
"108","11224",NA,878,"Don MacKinlay","Don MacKinlay","","active","2017-01-24","","Don.MacKinlay@dfo-mpo.gc.ca 604-230-5435"
"109","11224",NA,879,"Don Radford","Don Radford","","active","2017-01-24","","Don.Radford@dfo-mpo.gc.ca "
"110","11224",NA,880,"Doug Bliss","Doug Bliss","","active","2017-01-24","","Doug.Bliss@dfo-mpo.gc.ca 506-851-6206"
"111","11224",NA,881,"Doug Clift","Doug Clift","","active","2017-01-24","","Doug.Clift@dfo-mpo.gc.ca 604-824-3315"
"112","11224",NA,882,"Doug Herriott","Doug Herriott","","active","2017-01-24","","Doug.Herriott@dfo-mpo.gc.ca 250-756-7383"
"113","11224",NA,883,"Eamon Miyagi","Eamon Miyagi","","active","2017-01-24","","Eamon.Miyagi@dfo-mpo.gc.ca 250-286-5896"
"114","11224",NA,884,"Ed Walls","Ed Walls","","active","2017-01-24","","Edward.Walls@dfo-mpo.gc.ca 250-287-9564x223"
"115","11224",NA,885,"Eddy Kennedy","Eddy Kennedy","","active","2017-01-24","","Eddy.Kennedy@dfo-mpo.gc.ca 250-756-3360"
"116","11224",NA,886,"Elan Park","Elan Park","","active","2017-01-24","","Elan.Park@dfo-mpo.gc.ca 604-666-5295"
"117","11224",NA,887,"Erica Blake","Erica Blake","","active","2017-01-24","","Erica.Blake@dfo-mpo.gc.ca 250-714-3074"
"118","11224",NA,888,"Erik Grundmann","Erik Grundmann","","active","2017-01-24","","Erik.Grundmann@dfo-mpo.gc.ca 250-756-7374"
"119","11224",NA,889,"Erin Dunne","Erin Dunne","","active","2017-01-24","","Erin.Dunne@dfo-mpo.gc.ca 709-772-2045"
"120","11224",NA,890,"Erin Porszt","Erin Porszt","","active","2017-01-24","","Erin.Porszt@dfo-mpo.gc.ca 250-756-7255"
"121","11224",NA,891,"Frank Corbett","Frank Corbett","","active","2017-01-24","","Frank.Corbett@dfo-mpo.gc.ca 709-772-6935"
"122","11224",NA,892,"Frank Quinn","Frank Quinn","","active","2017-01-24","","Frank.Quinn@dfo-mpo.gc.ca 506-851-7752"
"123","11224",NA,893,"Fred Phelan","Fred Phelan","","active","2017-01-24","","Fred.Phelan@dfo-mpo.gc.ca 709-772-6931"
"124","11224",NA,894,"Frederic Butruille","Frederic Butruille","","active","2017-01-24","","Frederic.Butruille@dfo-mpo.gc.ca 506-851-7358"
"125","11224",NA,895,"Garrett Lidin","Garrett Lidin","","active","2017-01-24","","Garrett.Lidin@dfo-mpo.gc.ca 604-824-4705"
"126","11224",NA,896,"Garry Zwack","Garry Zwack","","active","2017-01-24","","Garry.Zwack@dfo-mpo.gc.ca 250-851-4958"
"127","11224",NA,897,"Gary Miller","Gary Miller","","active","2017-01-24","","Gary.Miller@dfo-mpo.gc.ca 604-607-4160"
"128","11224",NA,898,"Gary Whitlock","Gary Whitlock","","active","2017-01-24","","Gary.Whitlock@dfo-mpo.gc.ca 506-292-4313"
"129","11224",NA,899,"Gayle Brown","Gayle Brown","","active","2017-01-24","","Gayle.Brown@dfo-mpo.gc.ca 250-756-7296"
"130","11224",NA,900,"Geoff Perry","Geoff Perry","","active","2017-01-24","","Geoff.Perry@dfo-mpo.gc.ca 709-772-0183"
"131","11224",NA,901,"Geoff Veinott","Geoff Veinott","","active","2017-01-24","","Geoff.Veinott@dfo-mpo.gc.ca 709-772-7989"
"132","11224",NA,902,"Gerald Chaput","Gerald Chaput","","active","2017-01-24","","Gerald.Chaput@dfo-mpo.gc.ca 506-851-2022"
"133","11224",NA,903,"Gilles Paulin","Gilles Paulin","","active","2017-01-24","","Gilles.Paulin@dfo-mpo.gc.ca 506-851-6150"
"134","11224",NA,904,"Gilles Verret","Gilles Verret","","active","2017-01-24","","Gilles.Verret@dfo-mpo.gc.ca 604-666-3855"
"135","11224",NA,905,"Greg Hornby","Greg Hornby","","active","2017-01-24","","Greg.Hornby@dfo-mpo.gc.ca 250-286-5886"
"136","11224",NA,906,"Greg Perley","Greg Perley","","active","2017-01-24","","Greg.Perley@dfo-mpo.gc.ca 506-261-5794"
"137","11224",NA,907,"Greg Schuler","Greg Schuler","","active","2017-01-24","","Greg.Schuler@dfo-mpo.gc.ca 250-851-4928"
"138","11224",NA,908,"Gregor Reid","Gregor Reid","","active","2017-01-24","","Gregor.Reid@dfo-mpo.gc.ca 506-529-5703"
"139","11224",NA,909,"Guy Brown","Guy Brown","","active","2017-01-24","","Guy.Brown@dfo-mpo.gc.ca 604-666-2319"
"140","11224",NA,910,"Haakon Hammer","Haakon Hammer","","active","2017-01-24","","Haakon.Hammer@dfo-mpo.gc.ca 250-982-2214"
"141","11224",NA,911,"Heather Braun","Heather Braun","","active","2017-01-24","","Heather.Braun@dfo-mpo.gc.ca 250-757-8412"
"142","11224",NA,912,"Helen Kerr","Helen Kerr","","active","2017-01-24","","Helen.Kerr@dfo-mpo.gc.ca 902-318-0489"
"143","11224",NA,913,"Helen Olynyk","Helen Olynyk","","active","2017-01-24","","Helen.Olynyk@dfo-mpo.gc.ca 250-319-0078"
"144","11224",NA,914,"Herb Redekopp","Herb Redekopp","","active","2017-01-24","","Herb.Redekopp@dfo-mpo.gc.ca 604-666-2807"
"145","11224",NA,915,"Hunter Atwin","Hunter Atwin","","active","2017-01-24","","Hunter.Atwin@dfo-mpo.gc.ca 506-478-1249"
"146","11224",NA,916,"Ian Barnes","Ian Barnes","","active","2017-01-24","","Ian.Barnes@dfo-mpo.gc.ca 250-851-4958"
"147","11224",NA,917,"Ian Boyce","Ian Boyce","","active","2017-01-24","","Ian.Boyce@dfo-mpo.gc.ca 867-393-6739"
"148","11224",NA,918,"Ian Bradbury","Ian Bradbury","","active","2017-01-24","","Ian.Bradbury@dfo-mpo.gc.ca 709-772-3869"
"149","11224",NA,919,"Ian Matthews","Ian Matthews","","active","2017-01-24","","Ian.Matthews@dfo-mpo.gc.ca 250-756-7178"
"150","11224",NA,920,"Ian Perry","Ian Perry","","active","2017-01-24","","Ian.Perry@dfo-mpo.gc.ca 250-756-7137"
"151","11224",NA,921,"Ivan Benwell","Ivan Benwell","","active","2017-01-24","","Ivan.Benwell@dfo-mpo.gc.ca 506-684-6258"
"152","11224",NA,922,"Ivan Winther","Ivan Winther","","active","2017-01-24","","Ivan.Winther@dfo-mpo.gc.ca 250-627-3459"
"153","11224",NA,923,"Jackie Kean","Jackie Kean","","active","2017-01-24","","Jackie.Kean@dfo-mpo.gc.ca 709-772-2045"
"154","11224",NA,924,"Jackie King","Jackie King","","active","2017-01-24","","Jackie.King@dfo-mpo.gc.ca 250-756-7176"
"155","11224",NA,925,"James Bell","James Bell","","active","2017-01-24","","James.Bell@dfo-mpo.gc.ca 506-261-5798"
"156","11224",NA,926,"James Weger","James Weger","","active","2017-01-24","","James.Weger@dfo-mpo.gc.ca 604-826-0244"
"157","11224",NA,927,"Jamie Scroggie","Jamie Scroggie","","active","2017-01-24","","Jamie.Scroggie@dfo-mpo.gc.ca 250-851-4878"
"158","11224",NA,928,"Jason Evans","Jason Evans","","active","2017-01-24","","Jason.Evans@dfo-mpo.gc.ca 604-802-9477"
"159","11224",NA,929,"Jason Ladell","Jason Ladell","","active","2017-01-24","","Jason.Ladell@dfo-mpo.gc.ca 613-854-1225"
"160","11224",NA,930,"Jason Mahoney","Jason Mahoney","","active","2017-01-24","","Jason.Mahoney@dfo-mpo.gc.ca 604-666-5017"
"161","11224",NA,931,"Jayme Hills","Jayme Hills","","active","2017-01-24","","Jayme.Hills@dfo-mpo.gc.ca 604-666-7917"
"162","11224",NA,932,"Jeff Grout","Jeff Grout","","active","2017-01-24","","Jeff.Grout@dfo-mpo.gc.ca 604-666-0497"
"163","11224",NA,933,"Jeff Jung","Jeff Jung","","active","2017-01-24","","Jeff.Jung@dfo-mpo.gc.ca (604) 666-2948"
"164","11224",NA,934,"Jeff Radford","Jeff Radford","","active","2017-01-24","","Jeff.Radford@dfo-mpo.gc.ca "
"165","11224",NA,935,"Jeff Till","Jeff Till","","active","2017-01-24","","Jeff.Till@dfo-mpo.gc.ca 250-756-7226"
"166","11224",NA,936,"Jeffrey Lemieux","Jeffrey Lemieux","","active","2017-01-24","","Jeffrey.Lemieux@dfo-mpo.gc.ca 604-824-4710"
"167","11224",NA,937,"Jennifer Nener","Jennifer Nener","","active","2017-01-24","","Jennifer.Nener@dfo-mpo.gc.ca 604) 666-0789"
"168","11224",NA,938,"Jeremy Mothus","Jeremy Mothus","","active","2017-01-24","","Jeremy.Mothus@dfo-mpo.gc.ca 604-858-7227"
"169","11224",NA,939,"Jeremy Smith","Jeremy Smith","","active","2017-01-24","","Jeremy.Smith@dfo-mpo.gc.ca 604-666-1819"
"170","11224",NA,940,"Jim Echols","Jim Echols","","active","2017-01-24","","James.Echols@dfo-mpo.gc.ca 604-666-2600"
"171","11224",NA,941,"Jim Irvine","Jim Irvine","","active","2017-01-24","","James.Irvine@dfo-mpo.gc.ca 250-619-8197"
"172","11224",NA,942,"Jim Krivanek","Jim Krivanek","","active","2017-01-24","","Jim.Krivanek@dfo-mpo.gc.ca 250-851-7755"
"173","11224",NA,943,"Joan Bennett","Joan Bennett","","active","2017-01-24","","Joan.Bennett@dfo-mpo.gc.ca 250-286-5894"
"174","11224",NA,944,"Joanne Lawrence","Joanne Lawrence","","active","2017-01-24","","Joanne.Lawrence@dfo-mpo.gc.ca 604-666-7168"
"175","11224",NA,945,"Jody Mackenzie-Grieve","Jody Mackenzie-Grieve","","active","2017-01-24","","Jody.Mackenzie-Grieve@dfo-mpo.gc.ca 867-393-6723"
"176","11224",NA,946,"Joe Sheasgreen","Joe Sheasgreen","","active","2017-01-24","","Joe.Sheasgreen@dfo-mpo.gc.ca 506-778-2837"
"177","11224",NA,947,"Joe Tadey","Joe Tadey","","active","2017-01-24","","Joe.Tadey@dfo-mpo.gc.ca 604-666-7273"
"178","11224",NA,948,"Joel Harding","Joel Harding","","active","2017-01-24","","Joel.Harding@dfo-mpo.gc.ca 867-393-6865"
"179","11224",NA,949,"Joel Sawada","Joel Sawada","","active","2017-01-24","","Joel.Sawada@dfo-mpo.gc.ca 250-756-7363"
"180","11224",NA,950,"John Candy","John Candy","","active","2017-01-24","","John.Candy@dfo-mpo.gc.ca 250-756-7224"
"181","11224",NA,951,"John Hayward","John Hayward","","active","2017-01-24","","John.Hayward@dfo-mpo.gc.ca 506-778-2837"
"182","11224",NA,952,"John Holmes","John Holmes","","active","2017-01-24","","John.Holmes@dfo-mpo.gc.ca 250-756-7145"
"183","11224",NA,953,"John Mallery","John Mallery","","active","2017-01-24","","John.Mallery@dfo-mpo.gc.ca 506-261-6009"
"184","11224",NA,954,"John Morris","John Morris","","active","2017-01-24","","John.Morris@dfo-mpo.gc.ca 250-756-7067"
"185","11224",NA,955,"John Webb","John Webb","","active","2017-01-24","","John.Webb@dfo-mpo.gc.ca "
"186","11224",NA,956,"John Whitelaw","John Whitelaw","","active","2017-01-24","","John.Whitelaw@dfo-mpo.gc.ca 506-261-5561"
"187","11224",NA,957,"John Willis","John Willis","","active","2017-01-24","","John.Willis@dfo-mpo.gc.ca 250-982-2522"
"188","11224",NA,958,"Johnny Sembsmoen","Johnny Sembsmoen","","active","2017-01-24","","Johnny.Sembsmoen@dfo-mpo.gc.ca 867-393-6898"
"189","11224",NA,959,"Jonathan Bulcock","Jonathan Bulcock","","active","2017-01-24","","Jonathan.Bulcock@dfo-mpo.gc.ca 604-666-6306"
"190","11224",NA,960,"Jonathan Fershau","Jonathan Fershau","","active","2017-01-24","","Jonathan.Fershau@dfo-mpo.gc.ca 604-666-2344"
"191","11224",NA,961,"Jonathan Joe","Jonathan Joe","","active","2017-01-24","","Jonathan.Joe@dfo-mpo.gc.ca 250-746-5701"
"192","11224",NA,962,"Julia Bradshaw","Julia Bradshaw","","active","2017-01-24","","Julia.Bradshaw@dfo-mpo.gc.ca 250-756-7054"
"193","11224",NA,963,"Justine Mannion","Justine Mannion","","active","2017-01-24","","Justine.Mannion@dfo-mpo.gc.ca 613-991-1819"
"194","11224",NA,964,"Karen Burnett","Karen Burnett","","active","2017-01-24","","Karen.Burnett@dfo-mpo.gc.ca 604-666-4819"
"195","11224",NA,965,"Karen Calla","Karen Calla","","active","2017-01-24","","Karen.Calla@dfo-mpo.gc.ca (604) 666-7009"
"196","11224",NA,966,"Karen Dunmall","Karen Dunmall","","active","2017-01-24","","Karen.Dunmall@dfo-mpo.gc.ca 204-984-2522"
"197","11224",NA,967,"Karen Okahori","Karen Okahori","","active","2017-01-24","","Karen.Okahori@dfo-mpo.gc.ca 604-666-6979"
"198","11224",NA,968,"Karen Vaudry","Karen Vaudry","","active","2017-01-24","","Karen.Vaudry@dfo-mpo.gc.ca 604-666-8616"
"199","11224",NA,969,"Kari Underhill","Kari Underhill","","active","2017-01-24","","Kari.Underhill@dfo-mpo.gc.ca 506-778-2837"
"200","11224",NA,970,"Karin Mathias","Karin Mathias","","active","2017-01-24","","Karin.Mathias@dfo-mpo.gc.ca 250-756-7290"
"201","11224",NA,971,"Kathy Fraser","Kathy Fraser","","active","2017-01-24","","Kathryn.Fraser@dfo-mpo.gc.ca 250-756-7371"
"202","11224",NA,972,"Keith Clarke","Keith Clarke","","active","2017-01-24","","Keith.Clarke@dfo-mpo.gc.ca 709-772-2907"
"203","11224",NA,973,"Kelcy Tousignant","Kelcy Tousignant","","active","2017-01-24","","Kelcy.Tousignant@dfo-mpo.gc.ca 867-332-1354"
"204","11224",NA,974,"Kelly Malange","Kelly Malange","","active","2017-01-24","","Kelly.Malange@dfo-mpo.gc.ca 604-824-4706"
"205","11224",NA,975,"Ken Green","Ken Green","","active","2017-01-24","","Ken.Green@dfo-mpo.gc.ca 604-664-9251"
"206","11224",NA,976,"Kendra Holt","Kendra Holt","","active","2017-01-24","","Kendra.Holt@dfo-mpo.gc.ca 250-756-7165"
"207","11224",NA,977,"Kent Smedbol","Kent Smedbol","","active","2017-01-24","","Kent.Smedbol@dfo-mpo.gc.ca 902-426-4721"
"208","11224",NA,978,"Kent Spencer","Kent Spencer","","active","2017-01-24","","Kent.Spencer@dfo-mpo.gc.ca 250-286-5885"
"209","11224",NA,979,"Keri Benner","Keri Benner","","active","2017-01-24","","Keri.Benner@dfo-mpo.gc.ca 250-851-4864"
"210","11224",NA,980,"Kerra Shaw","Kerra Shaw","","active","2017-01-24","","Kerra.Shaw@dfo-mpo.gc.ca 250-286-5831"
"211","11224",NA,981,"Kevin Conley","Kevin Conley","","active","2017-01-24","","Kevin.Conley@dfo-mpo.gc.ca 250-756-7196"
"212","11224",NA,982,"Kevin Pellett","Kevin Pellett","","active","2017-01-24","","Kevin.Pellett@dfo-mpo.gc.ca 250-756-7273"
"213","11224",NA,983,"Kim Houston","Kim Houston","","active","2017-01-24","","Kim.Houston@dfo-mpo.gc.ca 250-363-6378"
"214","11224",NA,984,"Kim Hyatt","Kim Hyatt","","active","2017-01-24","","Kim.Hyatt@dfo-mpo.gc.ca 250-756-7217"
"215","11224",NA,985,"Kirby Rietze","Kirby Rietze","","active","2017-01-24","","Kirby.Rietze@dfo-mpo.gc.ca 250-754-0340"
"216","11224",NA,986,"Kris Hein","Kris Hein","","active","2017-01-24","","Kris.Hein@dfo-mpo.gc.ca 250-756-7028"
"217","11224",NA,987,"Kris Hunter","Kris Hunter","","active","2017-01-24","","Kristopher.Hunter@dfo-mpo.gc.ca "
"218","11224",NA,988,"Kristi Miller-Saunders","Kristi Miller-Saunders","","active","2017-01-24","","Kristi.Saunders@dfo-mpo.gc.ca 250-756-7155"
"219","11224",NA,989,"Laura Brown","Laura Brown","","active","2017-01-24","","Laura.Brown@dfo-mpo.gc.ca 250-756-7280"
"220","11224",NA,990,"Laura Chase","Laura Chase","","active","2017-01-24","","Laura.Chase@dfo-mpo.gc.ca 506-238-4203"
"221","11224",NA,991,"Laura Terry","Laura Terry","","active","2017-01-24","","Laura.Terry@dfo-mpo.gc.ca 250-703-0909"
"222","11224",NA,992,"Lee Kearey","Lee Kearey","","active","2017-01-24","","Lee.Kearey@dfo-mpo.gc.ca 250-756-7116"
"223","11224",NA,993,"Lei Harris","Lei Harris","","active","2017-01-24","","Lei.Harris@dfo-mpo.gc.ca 902-426-3520"
"224","11224",NA,994,"Leroy Anderson","Leroy Anderson","","active","2017-01-24","","Leroy.Anderson@dfo-mpo.gc.ca 506-447-7701"
"225","11224",NA,995,"Les Clint","Les Clint","","active","2017-01-24","","Les.Clint@dfo-mpo.gc.ca 250-757-8412"
"226","11224",NA,996,"Lesley MacDougall","Lesley MacDougall","","active","2017-01-24","","Lesley.MacDougall@dfo-mpo.gc.ca 250-756-7088"
"227","11224",NA,997,"Linda Stevens","Linda Stevens","","active","2017-01-24","","Linda.Stevens@dfo-mpo.gc.ca 250-305-4004"
"228","11224",NA,998,"Lisa Kerr","Lisa Kerr","","active","2017-01-24","","Lisa.Kerr@dfo-mpo.gc.ca 604-666-0208"
"229","11224",NA,999,"Lorne Frisson","Lorne Frisson","","active","2017-01-24","","Laurent.Frisson@dfo-mpo.gc.ca 250-703-0908"
"230","11224",NA,1000,"Lother Kunze","Lother Kunze","","active","2017-01-24","","Lother.Kunze@dfo-mpo.gc.ca 604-302-8528"
"231","11224",NA,1001,"Louise de Mestral","Louise de Mestral","","active","2017-01-24","","Louise.deMestral@dfo-mpo.gc.ca 902-401-8163"
"232","11224",NA,1002,"Louise Naylor","Louise Naylor","","active","2017-01-24","","Louise.Naylor@dfo-mpo.gc.ca 867-393-6765"
"233","11224",NA,1003,"Louvi Whyte","Louvi Whyte","","active","2017-01-24","","Lourdes.Whyte@dfo-mpo.gc.ca 604-666-8614"
"234","11224",NA,1004,"Lucas Pon","Lucas Pon","","active","2017-01-24","","Lucas.Pon@dfo-mpo.gc.ca 604-824-4707"
"235","11224",NA,1005,"Lynda Ritchie","Lynda Ritchie","","active","2017-01-24","","Lynda.Ritchie@dfo-mpo.gc.ca 250-318-0531"
"236","11224",NA,1006,"Lyse Godbout","Lyse Godbout","","active","2017-01-24","","Lyse.Godbout@dfo-mpo.gc.ca 250-756-7193"
"237","11224",NA,1007,"Marc Lecouffe","Marc Lecouffe","","active","2017-01-24","","Marc.Lecouffe@dfo-mpo.gc.ca 506-851-7790"
"238","11224",NA,1008,"Marc Trudel","Marc Trudel","","active","2017-01-24","","Marc.Trudel@dfo-mpo.gc.ca 506-529-5844"
"239","11224",NA,1009,"Margaret Wright","Margaret Wright","","active","2017-01-24","","Margaret.Wright@dfo-mpo.gc.ca 250-754-0355"
"240","11224",NA,1010,"Margot Stockwell","Margot Stockwell","","active","2017-01-24","","Margot.Stockwell@dfo-mpo.gc.ca 250-756-7314"
"241","11224",NA,1011,"Marilyn Helin","Marilyn Helin","","active","2017-01-24","","Marilyn.Helin@dfo-mpo.gc.ca 250-627-3448"
"242","11224",NA,1012,"Marina Milligan","Marina Milligan","","active","2017-01-24","","Marina.Milligan@dfo-mpo.gc.ca 867-336-8802"
"243","11224",NA,1013,"Mark McFarland","Mark McFarland","","active","2017-01-24","","Mark.McFarland@dfo-mpo.gc.ca 867-393-6722"
"244","11224",NA,1014,"Mark Potyrala","Mark Potyrala","","active","2017-01-24","","Mark.Potyrala@dfo-mpo.gc.ca "
"245","11224",NA,1015,"Markus Feldhoff","Markus Feldhoff","","active","2017-01-24","","Markus.Feldhoff@dfo-mpo.gc.ca 250-639-9888"
"246","11224",NA,1016,"Marla Maxwell","Marla Maxwell","","active","2017-01-24","","Marla.Maxwell@dfo-mpo.gc.ca 604-666-2417"
"247","11224",NA,1017,"Martha Robertson","Martha Robertson","","active","2017-01-24","","Martha.Robertson@dfo-mpo.gc.ca 709-772-4553"
"248","11224",NA,1018,"Marthe Berube","Marthe Berube","","active","2017-01-24","","Marthe.Berube@dfo-mpo.gc.ca 418-775-0586"
"249","11224",NA,1019,"Martin Castonguay","Martin Castonguay","","active","2017-01-24","","Martin.Castonguay@dfo-mpo.gc.ca 418-775-0634"
"250","11224",NA,1020,"Mary Ellen Jarvis","Mary Ellen Jarvis","","active","2017-01-24","","MaryEllen.Jarvis@dfo-mpo.gc.ca 867-393-6815"
"251","11224",NA,1021,"Mary Thiess","Mary Thiess","","active","2017-01-24","","Mary.Thiess@dfo-mpo.gc.ca 250-756-7018"
"252","11224",NA,1022,"Matt Mortimer","Matt Mortimer","","active","2017-01-24","","Matt.Mortimer@dfo-mpo.gc.ca 250-286-5814"
"253","11224",NA,1023,"Matthew Novak","Matthew Novak","","active","2017-01-24","","Matthew.Novak@dfo-mpo.gc.ca 506-639-9631"
"254","11224",NA,1024,"Matthew Parslow","Matthew Parslow","","active","2017-01-24","","Matthew.Parslow @dfo-mpo.gc.ca 604-666-6608"
"255","11224",NA,1025,"Matthew Townsend","Matthew Townsend","","active","2017-01-24","","Matthew.Townsend@dfo-mpo.gc.ca 604-666-2453"
"256","11224",NA,1026,"Megan Wilson","Megan Wilson","","active","2017-01-24","","Megan.Wilson@dfo-mpo.gc.ca 902-426-6042"
"257","11224",NA,1027,"Mel Kotyk","Mel Kotyk","","active","2017-01-24","","Mel.Kotyk@dfo-mpo.gc.ca 604-666-6784"
"258","11224",NA,1028,"Merv Mochizuki","Merv Mochizuki","","active","2017-01-24","","Merv.Mochizuki@dfo-mpo.gc.ca 250-851-4952"
"259","11224",NA,1029,"Michael Folkes","Michael Folkes","","active","2017-01-24","","Michael.Folkes@dfo-mpo.gc.ca 250-756-7264"
"260","11224",NA,1030,"Michael O'Brien","Michael O'Brien","","active","2017-01-24","","Michael.O'Brien@dfo-mpo.gc.ca 250-756-7008"
"261","11224",NA,1031,"Michael Scarratt","Michael Scarratt","","active","2017-01-24","","Michael.Scarratt@dfo-mpo.gc.ca 418-775-0508"
"262","11224",NA,1032,"Michel Arsenault","Michel Arsenault","","active","2017-01-24","","Michel.Arsenault@dfo-mpo.gc.ca 506-684-6258"
"263","11224",NA,1033,"Michel Biron","Michel Biron","","active","2017-01-24","","Michel.Biron@dfo-mpo.gc.ca 506-851-2618"
"264","11224",NA,1034,"Mike Austin","Mike Austin","","active","2017-01-24","","Mike.Austin@dfo-mpo.gc.ca 250-283-7171"
"265","11224",NA,1035,"Mike Bradford","Mike Bradford","","active","2017-01-24","","Mike.Bradford@dfo-mpo.gc.ca 604-666-7912"
"266","11224",NA,1036,"Mike Carlson","Mike Carlson","","active","2017-01-24","","Mike.Carlson@dfo-mpo.gc.ca 604-666-0604"
"267","11224",NA,1037,"Mike Crowe","Mike Crowe","","active","2017-01-24","","Michael.Crowe@dfo-mpo.gc.ca 604-666-8712"
"268","11224",NA,1038,"Mike Goguen","Mike Goguen","","active","2017-01-24","","Michael.Goguen@dfo-mpo.gc.ca 902-679-5627"
"269","11224",NA,1039,"Mike Hawkshaw","Mike Hawkshaw","","active","2017-01-24","","Mike.Hawkshaw@dfo-mpo.gc.ca 604-666-6390"
"270","11224",NA,1040,"Mike Jakubowski","Mike Jakubowski","","active","2017-01-24","","Mike.Jakubowski@dfo-mpo.gc.ca 250-627-3469"
"271","11224",NA,1041,"Mike Spence","Mike Spence","","active","2017-01-24","","Michael.Spence@dfo-mpo.gc.ca 250-720-4448"
"272","11224",NA,1042,"Mike Thorburne","Mike Thorburne","","active","2017-01-24","","Mike.Thorburne@dfo-mpo.gc.ca 902-644-3333"
"273","11224",NA,1043,"Mitchell Harborne","Mitchell Harborne","","active","2017-01-24","","Mitchell.Harborne@dfo-mpo.gc.ca 250-697-2314"
"274","11224",NA,1044,"Murray Manson","Murray Manson","","active","2017-01-24","","Murray.Manson@dfo-mpo.gc.ca 604-666-8327"
"275","11224",NA,1045,"Nathan Millar","Nathan Millar","","active","2017-01-24","","Nathan.Millar@dfo-mpo.gc.ca 867-393-6840"
"276","11224",NA,1046,"Nathan Taylor","Nathan Taylor","","active","2017-01-24","","Nathan.Taylor@dfo-mpo.gc.ca 250-756-7395"
"277","11224",NA,1047,"Neil Jantz","Neil Jantz","","active","2017-01-24","","Neil.Jantz@dfo-mpo.gc.ca 250-378-2992"
"278","11224",NA,1048,"Nicholas Komick","Nicholas Komick","","active","2017-01-24","","Nicholas.Komick@dfo-mpo.gc.ca 250-756-7182"
"279","11224",NA,1049,"Nick Leone","Nick Leone","","active","2017-01-24","","Nick.Leone@dfo-mpo.gc.ca 250-754-0357"
"280","11224",NA,1050,"Nicki Watson","Nicki Watson","","active","2017-01-24","","Nicolette.Watson@dfo-mpo.gc.ca 250-713-5711"
"281","11224",NA,1051,"Nicole Gallant","Nicole Gallant","","active","2017-01-24","","Nicole.Gallant@dfo-mpo.gc.ca 604-607-4169"
"282","11224",NA,1052,"Nicole Trouton","Nicole Trouton","","active","2017-01-24","","Nicole.Trouton@dfo-mpo.gc.ca 250-320-4505"
"283","11224",NA,1053,"Paige Ackerman","Paige Ackerman","","active","2017-01-24","","Paige.Ackerman@dfo-mpo.gc.ca 604-666-2879"
"284","11224",NA,1054,"Patricia Edwards","Patricia Edwards","","active","2017-01-24","","Patricia.Edwards@dfo-mpo.gc.ca 506-851-4793"
"285","11224",NA,1055,"Patrick OReilly","Patrick OReilly","","active","2017-01-24","","Patrick.OReilly@dfo-mpo.gc.ca 613-820-3142"
"286","11224",NA,1056,"Patrik Zetterberg","Patrik Zetterberg","","active","2017-01-24","","Patrik.Zetterberg@dfo-mpo.gc.ca 250-756-7304"
"287","11224",NA,1057,"Paul Chamberland","Paul Chamberland","","active","2017-01-24","","Paul.Chamberland@dfo-mpo.gc.ca 506-851-2363"
"288","11224",NA,1058,"Paul Preston","Paul Preston","","active","2017-01-24","","Paul.Preston@dfo-mpo.gc.ca 250-756-7243"
"289","11224",NA,1059,"Paul Welch","Paul Welch","","active","2017-01-24","","Paul.Welch@dfo-mpo.gc.ca 250-320-8122"
"290","11224",NA,1060,"Pedro Nilo","Pedro Nilo","","active","2017-01-24","","Pedro.Nilo@dfo-mpo.gc.ca 418-775-0675"
"291","11224",NA,1061,"Pete Campbell","Pete Campbell","","active","2017-01-24","","Pete.Campbell@dfo-mpo.gc.ca 604-666-1943"
"292","11224",NA,1062,"Pete Etherton","Pete Etherton","","active","2017-01-24","","Pete.Etherton@dfo-mpo.gc.ca 867-393-6726"
"293","11224",NA,1063,"Peter Hall","Peter Hall","","active","2017-01-24","","Peter.Hall@dfo-mpo.gc.ca 250-720-4445"
"294","11224",NA,1064,"Peter Katinic","Peter Katinic","","active","2017-01-24","","Peter.Katinic@dfo-mpo.gc.ca "
"295","11224",NA,1065,"Philippe Beaulieu","Philippe Beaulieu","","active","2017-01-24","","Philippe.Beaulieu@dfo-mpo.gc.ca 867-393-6722"
"296","11224",NA,1066,"Pieter Van Will","Pieter Van Will","","active","2017-01-24","","Pieter.VanWill@dfo-mpo.gc.ca 250-949-9273"
"297","11224",NA,1067,"Rebecca Reid","Rebecca Reid","","active","2017-01-24","","Rebecca.Reid@dfo-mpo.gc.ca 604-666-6098"
"298","11224",NA,1068,"Reid Schrul","Reid Schrul","","active","2017-01-24","","Reid.Schrul@dfo-mpo.gc.ca 604-796-2281"
"299","11224",NA,1069,"Renelle Doucette","Renelle Doucette","","active","2017-01-24","","Renelle.Doucette@dfo-mpo.gc.ca 506-851-3577"
"300","11224",NA,1070,"Richard Bailey","Richard Bailey","","active","2017-01-24","","Richard.Bailey2@dfo-mpo.gc.ca 250-851-4873"
"301","11224",NA,1071,"Richard Gerard","Richard Gerard","","active","2017-01-24","","Richard.Gerard@dfo-mpo.gc.ca 604-666-2319"
"302","11224",NA,1072,"Rick Rempel","Rick Rempel","","active","2017-01-24","","Rick.Rempel@dfo-mpo.gc.ca 604-666-0691"
"303","11224",NA,1073,"Rob Bell-Irving","Rob Bell-Irving","","active","2017-01-24","","Rob.Bell-Irving@dfo-mpo.gc.ca 604-892-6395"
"304","11224",NA,1074,"Rob Bemister","Rob Bemister","","active","2017-01-24","","Rob.Bemister@dfo-mpo.gc.ca 250-851-4950"
"305","11224",NA,1075,"Rob Brouwer","Rob Brouwer","","active","2017-01-24","","Robert.Brouwer@dfo-mpo.gc.ca 250-745-3321"
"306","11224",NA,1076,"Rob Houtman","Rob Houtman","","active","2017-01-24","","Rob.Houtman@dfo-mpo.gc.ca 250-729-8385"
"307","11224",NA,1077,"Rob Schaefer","Rob Schaefer","","active","2017-01-24","","Robert.Schaefer@dfo-mpo.gc.ca 604-814-1070"
"308","11224",NA,1078,"Robert Beaumaster","Robert Beaumaster","","active","2017-01-24","","Robert.Beaumaster@dfo-mpo.gc.ca 506-478-2764"
"309","11224",NA,1079,"Robyn Forrest","Robyn Forrest","","active","2017-01-24","","Robyn.Forrest@dfo-mpo.gc.ca 250-756-7205"
"310","11224",NA,1080,"Roger Wysocki","Roger Wysocki","","active","2017-01-24","","Roger.Wysocki@dfo-mpo.gc.ca 613-990-0704"
"311","11224",NA,1081,"Ron Goruk","Ron Goruk","","active","2017-01-24","","Ron.Goruk@dfo-mpo.gc.ca 250-756-7392"
"312","11224",NA,1082,"Ross Jones","Ross Jones","","active","2017-01-24","","Ross.Jones@dfo-mpo.gc.ca 506-851-6441"
"313","11224",NA,1083,"Ruth Withler","Ruth Withler","","active","2017-01-24","","Ruth.Withler@dfo-mpo.gc.ca 250-756-7148"
"314","11224",NA,1084,"Ryan Galbraith","Ryan Galbraith","","active","2017-01-24","","Ryan.Galbraith@dfo-mpo.gc.ca 604-666-0179"
"315","11224",NA,1085,"Sandra Davies","Sandra Davies","","active","2017-01-24","","Sandra.Davies@dfo-mpo.gc.ca 250-627-3426"
"316","11224",NA,1086,"Sandy Devcic","Sandy Devcic","","active","2017-01-24","","Sandra.Devcic@dfo-mpo.gc.ca 250-615-5353"
"317","11224",NA,1087,"Sarah Hawkshaw","Sarah Hawkshaw","","active","2017-01-24","","Sarah.Hawkshaw@dfo-mpo.gc.ca 250-363-6519"
"318","11224",NA,1088,"Sarah Murdoch","Sarah Murdoch","","active","2017-01-24","","Sarah.Murdoch@dfo-mpo.gc.ca 604-666-7963"
"319","11224",NA,1089,"Sarah Tuziak","Sarah Tuziak","","active","2017-01-24","","Sarah.Tuziak@dfo-mpo.gc.ca 506-238-5769"
"320","11224",NA,1090,"Scott Akenhead","Scott Akenhead","","active","2017-01-24","","Scott.Akenhead@dfo-mpo.gc.ca 250-210-4410"
"321","11224",NA,1091,"Scott Decker","Scott Decker","","active","2017-01-24","","Scott.Decker@dfo-mpo.gc.ca 250-572-3593"
"322","11224",NA,1092,"Scott Douglas","Scott Douglas","","active","2017-01-24","","Scott.Douglas@dfo-mpo.gc.ca 506-851-3218"
"323","11224",NA,1093,"Scott Ducharme","Scott Ducharme","","active","2017-01-24","","Scott.Ducharme@dfo-mpo.gc.ca 604-666-2821"
"324","11224",NA,1094,"Scott Melville","Scott Melville","","active","2017-01-24","","Scott.Melville@dfo-mpo.gc.ca 604-898-3657"
"325","11224",NA,1095,"Sean Collins","Sean Collins","","active","2017-01-24","","Sean.Collins@dfo-mpo.gc.ca 867-393-6785"
"326","11224",NA,1096,"Sean Dolan","Sean Dolan","","active","2017-01-24","","Sean.Dolan@dfo-mpo.gc.ca 506-261-1624"
"327","11224",NA,1097,"Sean Stark","Sean Stark","","active","2017-01-24","","Sean.Stark@dfo-mpo.gc.ca 867-393-6813"
"328","11224",NA,1098,"Serge Doucet","Serge Doucet","","active","2017-01-24","","Serge.Doucet@dfo-mpo.gc.ca 506-851-7750"
"329","11224",NA,1099,"Shane Kalyn","Shane Kalyn","","active","2017-01-24","","Shane.Kalyn@dfo-mpo.gc.ca 604-666-7271"
"330","11224",NA,1100,"Shannon Anderson","Shannon Anderson","","active","2017-01-24","","Shannon.Anderson@dfo-mpo.gc.ca 250-287-9564x253"
"331","11224",NA,1101,"Sharan Johal","Sharan Johal","","active","2017-01-24","","Sharan.Johal@dfo-mpo.gc.ca 604-666-1376"
"332","11224",NA,1102,"Shaun Davies","Shaun Davies","","active","2017-01-24","","Shaun.Davies@dfo-mpo.gc.ca 250-627-3472"
"333","11224",NA,1103,"Shaun Spenard","Shaun Spenard","","active","2017-01-24","","Shaun.Spenard@dfo-mpo.gc.ca 604-796-2281"
"334","11224",NA,1104,"Shawn McFarland","Shawn McFarland","","active","2017-01-24","","Shawn.McFarland@dfo-mpo.gc.ca 867-393-6722"
"335","11224",NA,1105,"Sheldon Evers","Sheldon Evers","","active","2017-01-24","","Sheldon.Evers@dfo-mpo.gc.ca 604-666-8049"
"336","11224",NA,1106,"Shelee Hamilton","Shelee Hamilton","","active","2017-01-24","","Shelee.Hamilton@dfo-mpo.gc.ca 250-756-7279"
"337","11224",NA,1107,"Sherisse McWilliam","Sherisse McWilliam","","active","2017-01-24","","Sherisse.McWilliam-Hughes@dfo-mpo.gc.ca "
"338","11224",NA,1108,"Sherri Schmidt","Sherri Schmidt","","active","2017-01-24","","Sherri.Schmidt@dfo-mpo.gc.ca 250-319-8225"
"339","11224",NA,1109,"Sophie Leblanc","Sophie Leblanc","","active","2017-01-24","","Sophie.Leblanc2@dfo-mpo.gc.ca 506-851-3211"
"340","11224",NA,1110,"Stacey Larsen","Stacey Larsen","","active","2017-01-24","","Stacey.Larsen@dfo-mpo.gc.ca 250-286-5883"
"341","11224",NA,1111,"Stefan Howarth","Stefan Howarth","","active","2017-01-24","","Stefan.Howarth@dfo-mpo.gc.ca 867-393-6722"
"342","11224",NA,1112,"Steve Cox-Rogers","Steve Cox-Rogers","","active","2017-01-24","","Steve.CoxRogers@dfo-mpo.gc.ca 250-627-3490"
"343","11224",NA,1113,"Steve Emmonds","Steve Emmonds","","active","2017-01-24","","Steven.Emmonds@dfo-mpo.gc.ca 250-724-6521"
"344","11224",NA,1114,"Steve Gotch","Steve Gotch","","active","2017-01-24","","Steve.Gotch@dfo-mpo.gc.ca 867-393-6719"
"345","11224",NA,1115,"Steve MacDonald","Steve MacDonald","","active","2017-01-24","","Steve.MacDonald@dfo-mpo.gc.ca 604-666-6286"
"346","11224",NA,1116,"Steve Smith","Steve Smith","","active","2017-01-24","","Steve.JSmith@dfo-mpo.gc.ca 867-393-6724"
"347","11224",NA,1117,"Steven Leadbeater","Steven Leadbeater","","active","2017-01-24","","Steven.Leadbeater@dfo-mpo.gc.ca 506-529-5960"
"348","11224",NA,1118,"Stewart Johnson","Stewart Johnson","","active","2017-01-24","","Stewart.Johnson@dfo-mpo.gc.ca 250-756-7077"
"349","11224",NA,1119,"Strahan Tucker","Strahan Tucker","","active","2017-01-24","","Strahan.Tucker@dfo-mpo.gc.ca 250-756-7092"
"350","11224",NA,1120,"Stuart LePage","Stuart LePage","","active","2017-01-24","","Stuart.LePage@dfo-mpo.gc.ca 250-320-4178"
"351","11224",NA,1121,"Sue Grant","Sue Grant","","active","2017-01-24","","Sue.Grant@dfo-mpo.gc.ca 604-666-7270"
"352","11224",NA,1122,"Sue Lemke","Sue Lemke","","active","2017-01-24","","Sue.Lemke@dfo-mpo.gc.ca 250-851-7741"
"353","11224",NA,1123,"Tanya Vivian","Tanya Vivian","","active","2017-01-24","","Tanya.Vivian@dfo-mpo.gc.ca 250-851-6882"
"354","11224",NA,1124,"Terry Beacham","Terry Beacham","","active","2017-01-24","","Terry.Beacham@dfo-mpo.gc.ca 250-756-7149"
"355","11224",NA,1125,"Tim Pankratz","Tim Pankratz","","active","2017-01-24","","Tim.Pankratz@dfo-mpo.gc.ca 250-318-7728"
"356","11224",NA,1126,"Timber Whitehouse","Timber Whitehouse","","active","2017-01-24","","Timber.Whitehouse@dfo-mpo.gc.ca 250-851-4833"
"357","11224",NA,1127,"Tony Rathbone","Tony Rathbone","","active","2017-01-24","","Tony.Rathbone@dfo-mpo.gc.ca 250-319-1498"
"358","11224",NA,1128,"Tracy Cone","Tracy Cone","","active","2017-01-24","","Tracy.Cone@dfo-mpo.gc.ca 604-666-7269"
"359","11224",NA,1129,"Travis Desy","Travis Desy","","active","2017-01-24","","Travis.Desy@dfo-mpo.gc.ca 778-220-5453"
"360","11224",NA,1130,"Tyler Collie","Tyler Collie","","active","2017-01-24","","Tyler.Collie@dfo-mpo.gc.ca 604-666-7478"
"361","11224",NA,1131,"Tyler Zubkowski","Tyler Zubkowski","","active","2017-01-24","","Tyler.Zubkowski@dfo-mpo.gc.ca 250-756-7106"
"362","11224",NA,1132,"Vesta Mather","Vesta Mather","","active","2017-01-24","","Vesta.Mather@dfo-mpo.gc.ca 867-393-6789"
"363","11224",NA,1133,"Vince Sealy","Vince Sealy","","active","2017-01-24","","Vince.Sealy@dfo-mpo.gc.ca 250-639-9888"
"364","11224",NA,1134,"Wayne Fairchild","Wayne Fairchild","","active","2017-01-24","","Wayne.Fairchild@dfo-mpo.gc.ca 506-851-2056"
"365","11224",NA,1135,"Wilf Luedke","Wilf Luedke","","active","2017-01-24","","Wilf.Luedke@dfo-mpo.gc.ca 250-756-7222"
"366","11224",NA,1136,"Zach Trefry","Zach Trefry","","active","2017-01-24","","Zach.Trefry@dfo-mpo.gc.ca "
