"","resourceNodeTypeID","resourceNodeSubTypeID","ID","label","name","description","status","start_date","end_date"
"1","11233",NA,618,"Arctic char biology","","","active","2017-01-24",""
"2","11233",NA,619,"Arctic monitoring","","monitoring of salmon colonizing new habitats in Arctic and Sub-Arctic regions","active","2017-01-24",""
"3","11233",NA,620,"by-catch","","Commercial by-catches data at sea from commercial fishermenSalmon by-catch at sea in all fisheries","active","2017-01-24",""
"4","11233",NA,621,"collaboration buy-in","","working groups and open workshops to get buy-in to collaborative initiatives","active","2017-01-24",""
"5","11233",NA,622,"collaboration process","","","active","2017-01-24",""
"6","11233",NA,623,"collaboration support systems","","","active","2017-01-24",""
"7","11233",NA,624,"colonizing","","","active","2017-01-24",""
"8","11233",NA,625,"Cypher","","","active","2017-01-24",""
"9","11233",NA,626,"data management","","","active","2017-01-24",""
"10","11233",NA,627,"DIDSON","","DIDSON sonar systems that can monitor entire smolt runs","active","2017-01-24",""
"11","11233",NA,628,"Dydimo","","","active","2017-01-24",""
"12","11233",NA,629,"EBM","","ecosystem-based management","active","2017-01-24",""
"13","11233",NA,630,"eco-regions","","","active","2017-01-24",""
"14","11233",NA,631,"eDNA","","genetics and genomics for environmental monitoring","active","2017-01-24",""
"15","11233",NA,632,"education","","","active","2017-01-24",""
"16","11233",NA,633,"field data","","Collaborations for field data collection and assessment given our geographic spread","active","2017-01-24",""
"17","11233",NA,634,"First Nations","","","active","2017-01-24",""
"18","11233",NA,635,"fish passage","","","active","2017-01-24",""
"19","11233",NA,636,"fitness","","assessment of salmon health and fitness","active","2017-01-24",""
"20","11233",NA,637,"freshwater census","","censusing adult salmon in pools","active","2017-01-24",""
"21","11233",NA,638,"genetic adaptation","","","active","2017-01-24",""
"22","11233",NA,639,"GIS","","high-resolution georeferenced maps","active","2017-01-24",""
"23","11233",NA,640,"graph database","","","active","2017-01-24",""
"24","11233",NA,641,"Gyrodactylus","","","active","2017-01-24",""
"25","11233",NA,642,"habitat change","","measuring how salmon respond to environmental change","active","2017-01-24",""
"26","11233",NA,643,"habitat drivers","","environmental drivers operating within freshwater and marine ecosystems","active","2017-01-24",""
"27","11233",NA,644,"index rivers","","ondex rivers in Eastern Canada","active","2017-01-24",""
"28","11233",NA,645,"indicator populations","","Formal development and documentation of a subset of data rich salmon populations as high resolution diagnostic indicators of cause and effect associations between salmon production variations and environmental conditions in separate Pacific freshwater and marine eco-regions","active","2017-01-24",""
"29","11233",NA,646,"jusidiction","","Québec has jurisdiction for salmon assessment and management","active","2017-01-24",""
"30","11233",NA,647,"juvenile salmon","","juvenile salmon work/tools/assessment types","active","2017-01-24",""
"31","11233",NA,648,"lake capacity","","sockeye lake area and quality as priors for capacity estimates","active","2017-01-24",""
"32","11233",NA,649,"management strategy evaluation","","","active","2017-01-24",""
"33","11233",NA,650,"migrating salmon","","","active","2017-01-24",""
"34","11233",NA,651,"migration stress","","recognizing when migrating salmon are experiencing different types of environmental stress","active","2017-01-24",""
"35","11233",NA,652,"MPA","","marine protected areas and policy,governance,and engagement","active","2017-01-24",""
"36","11233",NA,653,"neo4j","","","active","2017-01-24",""
"37","11233",NA,654,"new enhancement tech","","Advances in fish culture and stock enhancement methods to offset environmental change/fluctuations","active","2017-01-24",""
"38","11233",NA,655,"new FM","","new processes for fisheries management","active","2017-01-24",""
"39","11233",NA,656,"new genetrics","","advances in genetics and genomics","active","2017-01-24",""
"40","11233",NA,657,"novel organisms","","Risk assessment of novel organisms (engineered,cultured,or selected) in Canadian environments","active","2017-01-24",""
"41","11233",NA,658,"OPP","","Oceans Protection Plan engagement","active","2017-01-24",""
"42","11233",NA,659,"outreach process","","standardized processes for outreach and education","active","2017-01-24",""
"43","11233",NA,660,"outreach tutorials","","written and video tutorials for outreach and education","active","2017-01-24",""
"44","11233",NA,661,"parasites","","","active","2017-01-24",""
"45","11233",NA,662,"phenotypic resilience","","","active","2017-01-24",""
"46","11233",NA,663,"production variation","","Linkages among status and trend assessments of production variations exhibited by wild salmon conservation units","active","2017-01-24",""
"47","11233",NA,664,"production variations","","","active","2017-01-24",""
"48","11233",NA,665,"rearing habitat","","mapping and classifying salmon rearing habitat","active","2017-01-24",""
"49","11233",NA,666,"redd counts","","Use of redd counts as indicators of stock status and trends","active","2017-01-24",""
"50","11233",NA,667,"river fisheries","","River-specific management approaches to recreational fisheries management","active","2017-01-24",""
"51","11233",NA,668,"river SONAR","","SONAR enumeration especially in large river systems and in remote areas","active","2017-01-24",""
"52","11233",NA,669,"salmon interactions","","Salmon interdependencies with other species during different periods in their life cycle","active","2017-01-24",""
"53","11233",NA,670,"Salmon Net","","activating DFO Salmon Net","active","2017-01-24",""
"54","11233",NA,671,"salmon pathogens","","Impact of parasites and introduced organisms on salmon populations and habitat","active","2017-01-24",""
"55","11233",NA,672,"sea-lice","","","active","2017-01-24",""
"56","11233",NA,673,"simulation models","","","active","2017-01-24",""
"57","11233",NA,674,"smolt survival models","","","active","2017-01-24",""
"58","11233",NA,675,"spatial behaviour","","","active","2017-01-24",""
"59","11233",NA,676,"species at risk","","","active","2017-01-24",""
"60","11233",NA,677,"statistics","","","active","2017-01-24",""
"61","11233",NA,678,"stewardship groups","","","active","2017-01-24",""
"62","11233",NA,679,"stock assessment genetics","","genetics and genomics in future stock assessment","active","2017-01-24",""
"63","11233",NA,680,"stock-habitat-recruit models","","","active","2017-01-24",""
"64","11233",NA,681,"stock-recruit models","","","active","2017-01-24",""
"65","11233",NA,682,"technology transfer","","","active","2017-01-24",""
"66","11233",NA,683,"watershed assessment and restoration","","","active","2017-01-24",""
"67","11233",NA,684,"WSP","","Wild Salmon Policy implementation planWild Salmon Policy implementation","active","2017-01-24",""
