"","resourceNodeTypeID","resourceNodeSubTypeID","ID","label","name","description","status","start_date","end_date"
"1","11233",NA,367,"Aboriginal organisations","","","active","2017-01-24",""
"2","11233",NA,368,"Aboriginal organisations  science","","","active","2017-01-24",""
"3","11233",NA,369,"Aboriginal Organisations Science","","","active","2017-01-24",""
"4","11233",NA,370,"acoustic tag tech","","Vemco VR2W receivers and Vemco V8 transmitters.","active","2017-01-24",""
"5","11233",NA,371,"acoustic telemetry","","","active","2017-01-24",""
"6","11233",NA,372,"acoustics","","","active","2017-01-24",""
"7","11233",NA,373,"adipose clip","","","active","2017-01-24",""
"8","11233",NA,374,"adult enumeration","","","active","2017-01-24",""
"9","11233",NA,375,"adult returns","","","active","2017-01-24",""
"10","11233",NA,376,"age","","","active","2017-01-24",""
"11","11233",NA,377,"Alaska","","","active","2017-01-24",""
"12","11233",NA,378,"angling opportunities","","","active","2017-01-24",""
"13","11233",NA,379,"anthropic stressors","","","active","2017-01-24",""
"14","11233",NA,380,"aquaculture","","","active","2017-01-24",""
"15","11233",NA,381,"Arctic","","","active","2017-01-24",""
"16","11233",NA,382,"ARIS","","Adaptive Resolution Imaging Sonar for counting fish passage and estimating behaviour and size distributions of salmon","active","2017-01-24",""
"17","11233",NA,383,"assessment","","","active","2017-01-24",""
"18","11233",NA,384,"assessment planning","","","active","2017-01-24",""
"19","11233",NA,385,"Atlantic salmon","","","active","2017-01-24",""
"20","11233",NA,386,"audits","","","active","2017-01-24",""
"21","11233",NA,387,"AUV","","autonomous underwater vehicle","active","2017-01-24",""
"22","11233",NA,388,"behavior","","","active","2017-01-24",""
"23","11233",NA,389,"brood collection","","","active","2017-01-24",""
"24","11233",NA,390,"broodstock collection","","","active","2017-01-24",""
"25","11233",NA,391,"budgets","","","active","2017-01-24",""
"26","11233",NA,392,"business practices","","","active","2017-01-24",""
"27","11233",NA,393,"catch monitoring","","","active","2017-01-24",""
"28","11233",NA,394,"catch per set","","","active","2017-01-24",""
"29","11233",NA,395,"catch reporting","","","active","2017-01-24",""
"30","11233",NA,396,"catches","","catch Monitoring and reporting","active","2017-01-24",""
"31","11233",NA,397,"CEDP","","","active","2017-01-24",""
"32","11233",NA,398,"Chinook","","","active","2017-01-24",""
"33","11233",NA,399,"chum","","","active","2017-01-24",""
"34","11233",NA,400,"Chum","","","active","2017-01-24",""
"35","11233",NA,401,"citizen science","","","active","2017-01-24",""
"36","11233",NA,402,"clients","","","active","2017-01-24",""
"37","11233",NA,403,"climate","","","active","2017-01-24",""
"38","11233",NA,404,"climate change","","","active","2017-01-24",""
"39","11233",NA,405,"climate effects","","","active","2017-01-24",""
"40","11233",NA,406,"Coho","","","active","2017-01-24",""
"41","11233",NA,407,"collaboration","","","active","2017-01-24",""
"42","11233",NA,408,"colonization","","","active","2017-01-24",""
"43","11233",NA,409,"commercial fisheries","","","active","2017-01-24",""
"44","11233",NA,410,"communication","","","active","2017-01-24",""
"45","11233",NA,411,"communications","","","active","2017-01-24",""
"46","11233",NA,412,"compliance","","","active","2017-01-24",""
"47","11233",NA,413,"connectivity","","","active","2017-01-24",""
"48","11233",NA,414,"conservation","","","active","2017-01-24",""
"49","11233",NA,415,"conservation unit","","","active","2017-01-24",""
"50","11233",NA,416,"conservation units","","","active","2017-01-24",""
"51","11233",NA,417,"Conservation Units","","","active","2017-01-24",""
"52","11233",NA,418,"consultation","","","active","2017-01-24",""
"53","11233",NA,419,"cross-sector","","","active","2017-01-24",""
"54","11233",NA,420,"cutthroat","","","active","2017-01-24",""
"55","11233",NA,421,"CWT","","coded wire taggingcoded wire tag","active","2017-01-24",""
"56","11233",NA,422,"cyanobacteria.","","","active","2017-01-24",""
"57","11233",NA,423,"dam","","","active","2017-01-24",""
"58","11233",NA,424,"data lifecycle","","data lifecycle,plan,process,preserve,publish,share,review,audit","active","2017-01-24",""
"59","11233",NA,425,"data management","","","active","2017-01-24",""
"60","11233",NA,426,"data request","","","active","2017-01-24",""
"61","11233",NA,427,"data sharing","","","active","2017-01-24",""
"62","11233",NA,428,"data standards","","","active","2017-01-24",""
"63","11233",NA,429,"data-limited CU","","conservation units without sufficient data for conventional fisheries management models","active","2017-01-24",""
"64","11233",NA,430,"density dependence","","","active","2017-01-24",""
"65","11233",NA,431,"density estimation","","","active","2017-01-24",""
"66","11233",NA,432,"design outreach models","","","active","2017-01-24",""
"67","11233",NA,433,"DFO integration","","","active","2017-01-24",""
"68","11233",NA,434,"DFO priorities","","","active","2017-01-24",""
"69","11233",NA,435,"diet","","","active","2017-01-24",""
"70","11233",NA,436,"disease","","","active","2017-01-24",""
"71","11233",NA,437,"disease risk","","pathogen transfer risk assessment","active","2017-01-24",""
"72","11233",NA,438,"distributional shifts","","","active","2017-01-24",""
"73","11233",NA,439,"domestication","","","active","2017-01-24",""
"74","11233",NA,440,"drone mapping","","","active","2017-01-24",""
"75","11233",NA,441,"early marine growth","","","active","2017-01-24",""
"76","11233",NA,442,"ecosystem model","","","active","2017-01-24",""
"77","11233",NA,443,"egg collection","","","active","2017-01-24",""
"78","11233",NA,444,"electrofishing","","","active","2017-01-24",""
"79","11233",NA,445,"enforcement","","","active","2017-01-24",""
"80","11233",NA,446,"engagement","","engage with user groups and adapt models using a case study approach","active","2017-01-24",""
"81","11233",NA,447,"enhancement","","","active","2017-01-24",""
"82","11233",NA,448,"enumeration","","","active","2017-01-24",""
"83","11233",NA,449,"escapement","","","active","2017-01-24",""
"84","11233",NA,450,"escapement plans","","","active","2017-01-24",""
"85","11233",NA,451,"estuaries","","","active","2017-01-24",""
"86","11233",NA,452,"fatty acids","","","active","2017-01-24",""
"87","11233",NA,453,"First Nations","","","active","2017-01-24",""
"88","11233",NA,454,"First Nations fisheries","","","active","2017-01-24",""
"89","11233",NA,455,"fish fence","","","active","2017-01-24",""
"90","11233",NA,456,"fish habitat research","","","active","2017-01-24",""
"91","11233",NA,457,"fish passage","","","active","2017-01-24",""
"92","11233",NA,458,"fish productivity","","","active","2017-01-24",""
"93","11233",NA,459,"fish releases or stocking","","","active","2017-01-24",""
"94","11233",NA,460,"fish travel time","","","active","2017-01-24",""
"95","11233",NA,461,"fish-forestry interactions","","","active","2017-01-24",""
"96","11233",NA,462,"fisheries management","","","active","2017-01-24",""
"97","11233",NA,463,"Fisheries monitoring","","","active","2017-01-24",""
"98","11233",NA,464,"fishway","","new fishway or fish passage  facility construction","active","2017-01-24",""
"99","11233",NA,465,"forecasting","","","active","2017-01-24",""
"100","11233",NA,466,"freshwater census","","censusing adult salmon in pools","active","2017-01-24",""
"101","11233",NA,467,"freshwater habitat","","","active","2017-01-24",""
"102","11233",NA,468,"freshwater juvenile abundance","","","active","2017-01-24",""
"103","11233",NA,469,"freshwater survival","","","active","2017-01-24",""
"104","11233",NA,470,"FSC","","Food,social,and ceremonial fishery","active","2017-01-24",""
"105","11233",NA,471,"funding programs","","","active","2017-01-24",""
"106","11233",NA,472,"genetics","","","active","2017-01-24",""
"107","11233",NA,473,"GIS","","high-resolution georeferenced maps","active","2017-01-24",""
"108","11233",NA,474,"GMO","","genetically modified organisms","active","2017-01-24",""
"109","11233",NA,475,"growth","","","active","2017-01-24",""
"110","11233",NA,476,"growth indicators","","","active","2017-01-24",""
"111","11233",NA,477,"guardian","","","active","2017-01-24",""
"112","11233",NA,478,"guidelines","","","active","2017-01-24",""
"113","11233",NA,479,"habitat compensation","","","active","2017-01-24",""
"114","11233",NA,480,"habitat features","","","active","2017-01-24",""
"115","11233",NA,481,"habitat indicators","","","active","2017-01-24",""
"116","11233",NA,482,"habitat management","","","active","2017-01-24",""
"117","11233",NA,483,"habitat-based benchmarks","","","active","2017-01-24",""
"118","11233",NA,484,"hatchery","","","active","2017-01-24",""
"119","11233",NA,485,"hydro-acoustics","","","active","2017-01-24",""
"120","11233",NA,486,"hydroacoustics","","","active","2017-01-24",""
"121","11233",NA,487,"hydroelectric dam","","","active","2017-01-24",""
"122","11233",NA,488,"hydroelectric development","","","active","2017-01-24",""
"123","11233",NA,489,"incubation","","","active","2017-01-24",""
"124","11233",NA,490,"indicator stock","","","active","2017-01-24",""
"125","11233",NA,491,"indigenous","","","active","2017-01-24",""
"126","11233",NA,492,"Indigenous","","","active","2017-01-24",""
"127","11233",NA,493,"infectious agents","","","active","2017-01-24",""
"128","11233",NA,494,"information management","","","active","2017-01-24",""
"129","11233",NA,495,"instream flow","","","active","2017-01-24",""
"130","11233",NA,496,"Integrated fishery planning","","","active","2017-01-24",""
"131","11233",NA,497,"international","","","active","2017-01-24",""
"132","11233",NA,498,"international reporting","","","active","2017-01-24",""
"133","11233",NA,499,"invasive species","","","active","2017-01-24",""
"134","11233",NA,500,"Juvenile density","","","active","2017-01-24",""
"135","11233",NA,501,"juvenile salmon","","","active","2017-01-24",""
"136","11233",NA,502,"juvenile sockeye health","","","active","2017-01-24",""
"137","11233",NA,503,"length","","","active","2017-01-24",""
"138","11233",NA,504,"LEP","","loi sur les espèces en péril","active","2017-01-24",""
"139","11233",NA,505,"liver","","","active","2017-01-24",""
"140","11233",NA,506,"management strategy evaluation","","","active","2017-01-24",""
"141","11233",NA,507,"mapping of bottom habitat","","","active","2017-01-24",""
"142","11233",NA,508,"marine algal toxins","","","active","2017-01-24",""
"143","11233",NA,509,"marine survival","","","active","2017-01-24",""
"144","11233",NA,510,"mark recapture","","","active","2017-01-24",""
"145","11233",NA,511,"mark-rate","","","active","2017-01-24",""
"146","11233",NA,512,"memos","","","active","2017-01-24",""
"147","11233",NA,513,"microcystin","","","active","2017-01-24",""
"148","11233",NA,514,"migration","","","active","2017-01-24",""
"149","11233",NA,515,"molecular epidemiology","","","active","2017-01-24",""
"150","11233",NA,516,"mortality at sea","","","active","2017-01-24",""
"151","11233",NA,517,"North Pacific","","","active","2017-01-24",""
"152","11233",NA,518,"novel organism","","","active","2017-01-24",""
"153","11233",NA,519,"NPLD","","net pen liver disease","active","2017-01-24",""
"154","11233",NA,520,"ocean habitat conditions","","","active","2017-01-24",""
"155","11233",NA,521,"Ocean survival","","","active","2017-01-24",""
"156","11233",NA,522,"offsetting","","","active","2017-01-24",""
"157","11233",NA,523,"open data","","","active","2017-01-24",""
"158","11233",NA,524,"Pacific salmon","","","active","2017-01-24",""
"159","11233",NA,525,"parasites","","","active","2017-01-24",""
"160","11233",NA,526,"pathogens","","","active","2017-01-24",""
"161","11233",NA,527,"PCR","","polymerase chain reaction is a technique to enormously multiply one or a few copies of a DNA segment","active","2017-01-24",""
"162","11233",NA,528,"periodic surveys","","","active","2017-01-24",""
"163","11233",NA,529,"phenology","","","active","2017-01-24",""
"164","11233",NA,530,"phytoplankton","","","active","2017-01-24",""
"165","11233",NA,531,"PIT tag","","passive integrated transponder tags aka radio frequency identification tags","active","2017-01-24",""
"166","11233",NA,532,"PIT tags","","","active","2017-01-24",""
"167","11233",NA,533,"plan de gestion","","","active","2017-01-24",""
"168","11233",NA,534,"plankton","","","active","2017-01-24",""
"169","11233",NA,535,"planning","","","active","2017-01-24",""
"170","11233",NA,536,"policy","","","active","2017-01-24",""
"171","11233",NA,537,"population","","","active","2017-01-24",""
"172","11233",NA,538,"population structure","","","active","2017-01-24",""
"173","11233",NA,539,"post smolt migrations","","","active","2017-01-24",""
"174","11233",NA,540,"Predation tagging","","","active","2017-01-24",""
"175","11233",NA,541,"production","","","active","2017-01-24",""
"176","11233",NA,542,"production planning","","","active","2017-01-24",""
"177","11233",NA,543,"program delivery","","","active","2017-01-24",""
"178","11233",NA,544,"programme de rétablissement","","","active","2017-01-24",""
"179","11233",NA,545,"public viewing of salmon","","","active","2017-01-24",""
"180","11233",NA,546,"quota","","","active","2017-01-24",""
"181","11233",NA,547,"RAS","","recirculation systems","active","2017-01-24",""
"182","11233",NA,548,"re-circulation incubation system","","","active","2017-01-24",""
"183","11233",NA,549,"rearing habitat","","mapping and classifying salmon rearing habitat","active","2017-01-24",""
"184","11233",NA,550,"recovery","","","active","2017-01-24",""
"185","11233",NA,551,"recreational fisheries","","","active","2017-01-24",""
"186","11233",NA,552,"regional fishery management organizations","","","active","2017-01-24",""
"187","11233",NA,553,"research management","","","active","2017-01-24",""
"188","11233",NA,554,"research projects","","","active","2017-01-24",""
"189","11233",NA,555,"restoration","","","active","2017-01-24",""
"190","11233",NA,556,"Risk assessment","","","active","2017-01-24",""
"191","11233",NA,557,"RST","","rotary screw trap","active","2017-01-24",""
"192","11233",NA,558,"run timing","","","active","2017-01-24",""
"193","11233",NA,559,"salmon","","","active","2017-01-24",""
"194","11233",NA,560,"Salmon aquaculture","","","active","2017-01-24",""
"195","11233",NA,561,"Salmon biodata","","","active","2017-01-24",""
"196","11233",NA,562,"salmon enhancement","","","active","2017-01-24",""
"197","11233",NA,563,"salmon escapement","","","active","2017-01-24",""
"198","11233",NA,564,"salmon incubation","","","active","2017-01-24",""
"199","11233",NA,565,"salmon interactions","","interactions between farmed,ranched,and wild salmon","active","2017-01-24",""
"200","11233",NA,566,"salmon production","","","active","2017-01-24",""
"201","11233",NA,567,"salmon productivity","","","active","2017-01-24",""
"202","11233",NA,568,"salmon status","","","active","2017-01-24",""
"203","11233",NA,569,"sand and charcoal filtration","","","active","2017-01-24",""
"204","11233",NA,570,"science advice","","","active","2017-01-24",""
"205","11233",NA,571,"SEP","","salmon enhancement planning","active","2017-01-24",""
"206","11233",NA,572,"sex ratios","","","active","2017-01-24",""
"207","11233",NA,573,"simulation model","","","active","2017-01-24",""
"208","11233",NA,574,"smolt","","","active","2017-01-24",""
"209","11233",NA,575,"smolt attributes","","","active","2017-01-24",""
"210","11233",NA,576,"smolt outmigration","","","active","2017-01-24",""
"211","11233",NA,577,"smolt passage","","","active","2017-01-24",""
"212","11233",NA,578,"smolt phenology","","","active","2017-01-24",""
"213","11233",NA,579,"Smolts","","","active","2017-01-24",""
"214","11233",NA,580,"snorkel","","","active","2017-01-24",""
"215","11233",NA,581,"sockeye","","","active","2017-01-24",""
"216","11233",NA,582,"Sockeye","","","active","2017-01-24",""
"217","11233",NA,583,"SONAR","","","active","2017-01-24",""
"218","11233",NA,584,"SPATT","","solid phase adsorption toxin tracking is a monitoring tool that simulates contamination of filter feeding bivalves by hydrophilic phycotoxins such as domoic acid and saxitoxin","active","2017-01-24",""
"219","11233",NA,585,"spawning  escapement estimates","","","active","2017-01-24",""
"220","11233",NA,586,"species at risk","","","active","2017-01-24",""
"221","11233",NA,587,"stable isotopes","","","active","2017-01-24",""
"222","11233",NA,588,"stakeholders","","","active","2017-01-24",""
"223","11233",NA,589,"statistics","","","active","2017-01-24",""
"224","11233",NA,590,"status","","","active","2017-01-24",""
"225","11233",NA,591,"status assessment","","","active","2017-01-24",""
"226","11233",NA,592,"steelhead","","","active","2017-01-24",""
"227","11233",NA,593,"stewardship","","","active","2017-01-24",""
"228","11233",NA,594,"stock assessment","","","active","2017-01-24",""
"229","11233",NA,595,"stock enhancement","","","active","2017-01-24",""
"230","11233",NA,596,"stock identification","","","active","2017-01-24",""
"231","11233",NA,597,"stock-recuit","","","active","2017-01-24",""
"232","11233",NA,598,"stocking","","","active","2017-01-24",""
"233","11233",NA,599,"striped bass","","","active","2017-01-24",""
"234","11233",NA,600,"supplementation","","","active","2017-01-24",""
"235","11233",NA,601,"surgery","","","active","2017-01-24",""
"236","11233",NA,602,"survival","","","active","2017-01-24",""
"237","11233",NA,603,"survival rate","","","active","2017-01-24",""
"238","11233",NA,604,"telemetry","","","active","2017-01-24",""
"239","11233",NA,605,"terminal mark selective fisheries","","","active","2017-01-24",""
"240","11233",NA,606,"test fisheries","","","active","2017-01-24",""
"241","11233",NA,607,"thermal tolerances","","","active","2017-01-24",""
"242","11233",NA,608,"thermic refugia","","","active","2017-01-24",""
"243","11233",NA,609,"time series","","","active","2017-01-24",""
"244","11233",NA,610,"ultraviolet sterilization","","","active","2017-01-24",""
"245","11233",NA,611,"upstream migration","","","active","2017-01-24",""
"246","11233",NA,612,"VIE","","visual implant elastomer","active","2017-01-24",""
"247","11233",NA,613,"virus","","","active","2017-01-24",""
"248","11233",NA,614,"water quality","","","active","2017-01-24",""
"249","11233",NA,615,"water travel time","","","active","2017-01-24",""
"250","11233",NA,616,"WSP","","","active","2017-01-24",""
"251","11233",NA,617,"year class strength","","","active","2017-01-24",""
