"","resourceNodeTypeID","resourceNodeSubTypeID","ID","label","name","description","status","start_date","end_date","acronym"
"1","11211",NA,1227,"Pacific","","","active","2017-01-24","",""
"2","11211",NA,1228,"HQ","","","active","2017-01-24","",""
"3","11211",NA,1229,"Fisheries and Aquaculture Management Branch, Salmonid Enhancement Program","","","active","2017-01-24","",""
"4","11211",NA,1230,"Maritimes","","","active","2017-01-24","",""
"5","11211",NA,1231,"Fisheries and Aquaculture Management Branch, Salmonid Enhancement Program,  RRU","","","active","2017-01-24","",""
"6","11211",NA,1232,"Fisheries and Aquaculture Management, South Coast Division, Stock Assessmenet","","","active","2017-01-24","",""
"7","11211",NA,1233,"Science Branch/Population Ecology Division/Salmon Section","","","active","2017-01-24","",""
"8","11211",NA,1234,"Resource Management, South Coast","","","active","2017-01-24","",""
"9","11211",NA,1235,"Stock Assessment","","","active","2017-01-24","",""
"10","11211",NA,1236,"Science Branch","","","active","2017-01-24","",""
"11","11211",NA,1237,"Quebec","","","active","2017-01-24","",""
"12","11211",NA,1238,"Fisheries and Aquaculture Management Branch, Fraser and Interior","","","active","2017-01-24","",""
"13","11211",NA,1239,"Policy Branch","","","active","2017-01-24","",""
"14","11211",NA,1240,"Fisheries and Aquaculture Management Branch, Aboriginal Programs Division","","","active","2017-01-24","",""
"15","11211",NA,1241,"Science Branch,""Aquatic Resources, Research, and Assessment Division"", Salmon Assessment","","","active","2017-01-24","",""
"16","11211",NA,1242,"Fisheries and Aquaculture Management Branch, Conservation and Protection","","","active","2017-01-24","",""
"17","11211",NA,1243,"Science Branch, Ecosystem Science Division, Regional Ecosystem Effects on Fish and Fisheries Section","","","active","2017-01-24","",""
"18","11211",NA,1244,"Science Branch, Ecosystem Science Division, Population Ecology","","","active","2017-01-24","",""
"19","11211",NA,1245,"Fisheries and Aquaculture Management Branch","","","active","2017-01-24","",""
"20","11211",NA,1246,"Science Branch, Applied Diagnostics and Genetics Division","","","active","2017-01-24","",""
"21","11211",NA,1247,"Newfoundland","","","active","2017-01-24","",""
"22","11211",NA,1248,"Fisheries and Aquaculture Management, Interior Fraser, Stock Assessment","","","active","2017-01-24","",""
"23","11211",NA,1249,"Ecosystems and Fisheries Management","","","active","2017-01-24","",""
"24","11211",NA,1250,"Science Branch/Ecosystems/REEF","","","active","2017-01-24","",""
"25","11211",NA,1251,"Science Branch, ""Aquatic Resources, Research, and Assessment Division"", Quantitative Assessment Methods Section","","","active","2017-01-24","",""
"26","11211",NA,1252,"Science Branch, Fishery and Assessment Data Section","","","active","2017-01-24","",""
"27","11211",NA,1253,"Science Branch, ""Aquatic Resources, Research, and Assessment Division""","","","active","2017-01-24","",""
"28","11211",NA,1254,"Fisheries and Aquaculture Management,  South Coast Area, Stock Assessment","","","active","2017-01-24","",""
"29","11211",NA,1255,"Fisheries and Aquaculture Management Branch, Salmonid Enhancement Program, Lower Fraser","","","active","2017-01-24","",""
"30","11211",NA,1256,"Fisheries and Aquaculture Management Branch, Salmonid Enhancement Program, CIP, South Coast Area","","","active","2017-01-24","",""
"31","11211",NA,1257,"Science Branch, Demersal and Benthic Science Branchs","","","active","2017-01-24","",""
"32","11211",NA,1258,"Gulf","","","active","2017-01-24","",""
"33","11211",NA,1259,"Fisheries and Aquaculture Management, Aboriginal Programs Division","","","active","2017-01-24","",""
"34","11211",NA,1260,"Science Branch, Fraser StAD, Sockeye","","","active","2017-01-24","",""
"35","11211",NA,1261,"Science Branch,","","","active","2017-01-24","",""
"36","11211",NA,1262,"Ecosystems Management Branch, Salmonid Enhancement","","","active","2017-01-24","",""
"37","11211",NA,1263,"Central and Arctic","","","active","2017-01-24","",""
"38","11211",NA,1264,"Fisheries and Aquaculture Management Branch, Salmonid Enhancement Program, Community Involvement","","","active","2017-01-24","",""
"39","11211",NA,1265,"Science Branch, Aquatic Resources Division, Diadromous Section","","","active","2017-01-24","",""
"40","11211",NA,1266,"Science Branch, Population Ecology","","","active","2017-01-24","",""
"41","11211",NA,1267,"Fisheries and Aquaculture Management Branch; Salmonid Enhancement Program","","","active","2017-01-24","",""
"42","11211",NA,1268,"Science Branch, Fraser Sockeye, Stock Assessment","","","active","2017-01-24","",""
"43","11211",NA,1269,"Fisheries Management,  Recreational","","","active","2017-01-24","",""
"44","11211",NA,1270,"Science Branch, Salmon Stock Assessment","","","active","2017-01-24","",""
"45","11211",NA,1271,"Fisheries and Aquaculture Management Branch; Salmonid Enhancement Program, Enhancement Operations Division","","","active","2017-01-24","",""
"46","11211",NA,1272,"Fisheries and Aquaculture Management Branch, Salmonid Enhancement Program, South Coast","","","active","2017-01-24","",""
"47","11211",NA,1273,"Science Branch, Oceans and Ecosystems Science Division","","","active","2017-01-24","",""
"48","11211",NA,1274,"RDG office in partnership with Science sector.","","","active","2017-01-24","",""
"49","11211",NA,1275,"Fisheries and Aquaculture Management Branch, South Coast, Stock Assessment","","","active","2017-01-24","",""
"50","11211",NA,1276,"Fisheries Management, Resource Management","","","active","2017-01-24","",""
"51","11211",NA,1277,"Freshwater Ecosystems","","","active","2017-01-24","",""
"52","11211",NA,1278,"Ecosystems Management","","","active","2017-01-24","",""
"53","11211",NA,1279,"Fisheries and Aquaculture Management Branch, Salmonid Enhancement Program,","","","active","2017-01-24","",""
"54","11211",NA,1280,"Ecosystem Management Branch, Salmonid Enhancement Program","","","active","2017-01-24","",""
"55","11211",NA,1281,"Science Branch, Ecosystems","","","active","2017-01-24","",""
"56","11211",NA,1282,"Resource Management, Fisheries and Aquaculture Management Branch","","","active","2017-01-24","",""
"57","11211",NA,1283,"Science Branch, Salmon Section","","","active","2017-01-24","",""
"58","11211",NA,1284,"Fisheries and Aquaculture Management Branch, Salmonid Enhancement Program, Operations","","","active","2017-01-24","",""
"59","11211",NA,1285,"Ecosystems and Oceans Science, Ecosystems Science, Fish Population Science","","","active","2017-01-24","",""
"60","11211",NA,1286,"Fisheries and Aquaculture Management Branch, Salmonid Enhancement Program, Planning and Assessment Unit","","","active","2017-01-24","",""
"61","11211",NA,1287,"Fisheries and Aquaculture Management Branch, Salmonid Enhancement Program, Lower Fraser Area","","","active","2017-01-24","",""
"62","11211",NA,1288,"Fisheries and Aquaculture Management Branch, Aboriginal Negotiations Division, Policy Analysis and Treaty Support","","","active","2017-01-24","",""
"63","11211",NA,1289,"Science Branch, Ecosystems Science Branch Division, Regional Ecosystem Effects on Fish and Fisheries","","","active","2017-01-24","",""
"64","11211",NA,1290,"FPP, FCSAP","","","active","2017-01-24","",""
"65","11211",NA,1291,"Fisheries and Aquaculture Management Branch, Yukon-Transboundary Rivers Area","","","active","2017-01-24","",""
"66","11211",NA,1292,"Science Branch, ""Aquatic Resources, Research, and Assessment Division"", Ecosystems and Oceans Science","","","active","2017-01-24","",""
"67","11211",NA,1293,"Science Branch, Ecosystems and Oceans Science","","","active","2017-01-24","",""
"68","11211",NA,1294,"Fisheries and Aquaculture Management Branch  Salmon Enhancement Program","","","active","2017-01-24","",""
"69","11211",NA,1295,"Fisheries and Aquaculture Management Branch, Species at Risk Program","","","active","2017-01-24","",""
"70","11211",NA,1296,"Science Branch, Ecosystems Sciences Division, Ecosystem Interactions","","","active","2017-01-24","",""
"71","11211",NA,1297,"Fish Population Science/Ecosystems Science Directorate/Ecosystems and Oceans Science Sector","","","active","2017-01-24","",""
"72","11211",NA,1298,"Science Branch, Arctic Aquatic Research Division","","","active","2017-01-24","",""
"73","11211",NA,1299,"Science Branch, Environmental Sciences Division","","","active","2017-01-24","",""
"74","11211",NA,1300,"Fisheries and Aquaculture Management Branch, Yukon Transboundary River Area","","","active","2017-01-24","",""
"75","11211",NA,1301,"Fisheries and Aquaculture Management, Aquaculture Management Division,  Aquaculture Environmental Operations","","","active","2017-01-24","",""
"76","11211",NA,1302,"Fisheries and Aquaculture Management, South Coast, Resource Management","","","active","2017-01-24","",""
"77","11211",NA,1303,"Fisheries and Aquaculture Management Branch, Salmonid Enhancement Program, RRU","","","active","2017-01-24","",""
"78","11211",NA,1304,"Science Branch, Applied Diagnostics and Genomics Technology Division, Genetics and Genomics Section","","","active","2017-01-24","",""
"79","11211",NA,1305,"Fisheries and Aquaculture Management Division","","","active","2017-01-24","",""
"80","11211",NA,1306,"Science Branch, Ecosystems and Oceans Sector","","","active","2017-01-24","",""
"81","11211",NA,1307,"Science Branch, Population Ecology Division","","","active","2017-01-24","",""
"82","11211",NA,1308,"Fisheries and Aquaculture Management Branch, Salmonid Enhancement Program, South Coast Area","","","active","2017-01-24","",""
"83","11211",NA,1309,"TAPD, FIA","","","active","2017-01-24","",""
"84","11211",NA,1310,"Fisheries and Aquaculture Management Branch, Coastal Operations","","","active","2017-01-24","",""
"85","11211",NA,1311,"Yukon Transboundary River Area","","","active","2017-01-24","",""
"86","11211",NA,1312,"Science Branch,""Aquatic Resources, Research, and Assessment Division"", Quantitative Assessment Methods Section","","","active","2017-01-24","",""
"87","11211",NA,1313,"North Coast Stock Assessment","","","active","2017-01-24","",""
"88","11211",NA,1314,"Stock assessment","","","active","2017-01-24","",""
"89","11211",NA,1315,"Science Branch, Ecosystem and Ocean Science Division","","","active","2017-01-24","",""
"90","11211",NA,1316,"Gestion des ecosystèmes de la division de la gestion des espèces en péril","","","active","2017-01-24","",""
"91","11211",NA,1317,"Direction des Sciences pélagiques et écosystémiques / Sciences / Région du Québec","","","active","2017-01-24","",""
"92","11211",NA,1318,"Fisheries and Aquaculture Management Branch, Yukon and Transboundary Rivers Area","","","active","2017-01-24","",""
"93","11211",NA,1319,"Science Branch, ""Aquatic Resources, Research, and Assessment Division"", Salmon Assessment","","","active","2017-01-24","",""
"94","11211",NA,1320,"Fisheries and Aquaculture Management Branch, South Coast Area","","","active","2017-01-24","",""
"95","11211",NA,1321,"Science Branch, ""Aquatic Resources, Research, and Assessment Division"",  Stock Assessment, Fraser and Interior Area","","","active","2017-01-24","",""
"96","11211",NA,1322,"Science Branch, Aquatic Resources, Diadromous","","","active","2017-01-24","",""
"97","11211",NA,1323,"Fisheries and Aquaculture Management Branch, Salmonid Enhancement Program, Coastal Ops","","","active","2017-01-24","",""
"98","11211",NA,1324,"Science Branch, Ecosystem, Freshwater","","","active","2017-01-24","",""
"99","11211",NA,1325,"Resource Management","","","active","2017-01-24","",""
"100","11211",NA,1326,"Science Branch, Ocean and Ecosystems Division, Salmon","","","active","2017-01-24","",""
"101","11211",NA,1327,"Science Branch, Aquatic Resources Division, Diadromous Fish Section","","","active","2017-01-24","",""
"102","11211",NA,1328,"Sciences Directorate, ""Demersal, Pelagic and Ecosystem Division""","","","active","2017-01-24","",""
"103","11211",NA,1329,"Fisheries and Aquaculture Management, South Coast Area","","","active","2017-01-24","",""
"104","11211",NA,1330,"Fisheries and Aquaculture Management, North Coast","","","active","2017-01-24","",""
"105","11211",NA,1331,"Fisheries and Aquaculture Management Branch, Stock Assessment Division, Yukon Transboundary Rivers Area","","","active","2017-01-24","",""
"106","11211",NA,1332,"Science Branch, Fraser and Interior Area Stock Assessment","","","active","2017-01-24","",""
"107","11211",NA,1333,"Science Branch, ""Aquatic Resources, Research, and Assessment Division"", Salmon Stock Assessment","","","active","2017-01-24","",""
"108","11211",NA,1334,"Fish Population Science Branch,  Ecosystem Science Directorate,  Ecosystems and Oceans Science Sector","","","active","2017-01-24","",""
"109","11211",NA,1335,"Ecosystems and Fisheries Management, Resource Management","","","active","2017-01-24","",""
"110","11211",NA,1336,"Science Branch, Population Ecology Division, Salmon Section","","","active","2017-01-24","",""
"111","11211",NA,1337,"Regional Director General","","","active","2017-01-24","",""
"112","11211",NA,1338,"Science Branch, Ecosystem Science Division","","","active","2017-01-24","",""
"113","11211",NA,1339,"Science Branch, Diadromous","","","active","2017-01-24","",""
"114","11211",NA,1340,"Fisheries and Aquaculture Management Branch, Yukon Transboundary Rivers Area, Stock Assessment Division","","","active","2017-01-24","",""
"115","11211",NA,1341,"Fisheries and Aquaculture Management Branch, Yukon Transboundary Rivers Area","","","active","2017-01-24","",""
"116","11211",NA,1342,"Science Branch, Coastal Ecosystem Science Division","","","active","2017-01-24","",""
"117","11211",NA,1343,"Science Branch, Basin and Coastal Scale Interactions group at Nanaimo","","","active","2017-01-24","",""
"118","11211",NA,1344,"Science Branch, Ecosystem Division","","","active","2017-01-24","",""
"119","11211",NA,1345,"Science Branch, Stock Assessment, Sockeye","","","active","2017-01-24","",""
"120","11211",NA,1346,"Science Branch, ""Aquatic Resources, Research, and Assessment Division"",  Fraser and Interior Area","","","active","2017-01-24","",""
"121","11211",NA,1347,"Science Branch, Ecosystem and Fisheries Management, Yukon Transboundary Rivers Area","","","active","2017-01-24","",""
