"","resourceLinkTypeID","resourceLinkSubTypeID","ID","fromResourceNodeID","fromResourceNodeTypeID","fromResourceNodeSubTypeID","toResourceNodeID","toResourceNodeTypeID","toResourceNodeSubTypeID","linkLabel","name","description","isPrimary","language","status","start_date","end_date"
"2",21243,0,2643,1317,"11211",NA,1237,"11211",NA,"isRelatedTo","Direction des Sciences pélagiques et écosystémiques / Sciences / Région du Québec-isRelatedTo-Quebec","","","","active","2017-10-24",""
"3",21243,0,2644,1280,"11211",NA,1227,"11211",NA,"isRelatedTo","Ecosystem Management Branch, Salmonid Enhancement Program-isRelatedTo-Pacific","","","","active","2017-10-24",""
"4",21243,0,2645,1280,"11211",NA,1227,"11211",NA,"isRelatedTo","Ecosystem Management Branch, Salmonid Enhancement Program-isRelatedTo-Pacific","","","","active","2017-10-24",""
"5",21243,0,2646,1249,"11211",NA,1227,"11211",NA,"isRelatedTo","Ecosystems and Fisheries Management-isRelatedTo-Pacific","","","","active","2017-10-24",""
"6",21243,0,2647,1335,"11211",NA,1227,"11211",NA,"isRelatedTo","Ecosystems and Fisheries Management, Resource Management-isRelatedTo-Pacific","","","","active","2017-10-24",""
"7",21243,0,2648,1285,"11211",NA,1228,"11211",NA,"isRelatedTo","Ecosystems and Oceans Science, Ecosystems Science, Fish Population Science-isRelatedTo-HQ","","","","active","2017-10-24",""
"8",21243,0,2649,1278,"11211",NA,1247,"11211",NA,"isRelatedTo","Ecosystems Management-isRelatedTo-Newfoundland","","","","active","2017-10-24",""
"9",21243,0,2650,1262,"11211",NA,1227,"11211",NA,"isRelatedTo","Ecosystems Management Branch, Salmonid Enhancement-isRelatedTo-Pacific","","","","active","2017-10-24",""
"10",21243,0,2651,1334,"11211",NA,1228,"11211",NA,"isRelatedTo","Fish Population Science Branch,  Ecosystem Science Directorate,  Ecosystems and Oceans Science Sector-isRelatedTo-HQ","","","","active","2017-10-24",""
"11",21243,0,2652,1297,"11211",NA,1227,"11211",NA,"isRelatedTo","Fish Population Science/Ecosystems Science Directorate/Ecosystems and Oceans Science Sector-isRelatedTo-Pacific","","","","active","2017-10-24",""
"12",21243,0,2653,1245,"11211",NA,1227,"11211",NA,"isRelatedTo","Fisheries and Aquaculture Management Branch-isRelatedTo-Pacific","","","","active","2017-10-24",""
"13",21243,0,2654,1245,"11211",NA,1227,"11211",NA,"isRelatedTo","Fisheries and Aquaculture Management Branch-isRelatedTo-Pacific","","","","active","2017-10-24",""
"14",21243,0,2655,1245,"11211",NA,1227,"11211",NA,"isRelatedTo","Fisheries and Aquaculture Management Branch-isRelatedTo-Pacific","","","","active","2017-10-24",""
"15",21243,0,2656,1245,"11211",NA,1227,"11211",NA,"isRelatedTo","Fisheries and Aquaculture Management Branch-isRelatedTo-Pacific","","","","active","2017-10-24",""
"16",21243,0,2657,1245,"11211",NA,1227,"11211",NA,"isRelatedTo","Fisheries and Aquaculture Management Branch-isRelatedTo-Pacific","","","","active","2017-10-24",""
"17",21243,0,2658,1245,"11211",NA,1227,"11211",NA,"isRelatedTo","Fisheries and Aquaculture Management Branch-isRelatedTo-Pacific","","","","active","2017-10-24",""
"18",21243,0,2659,1245,"11211",NA,1227,"11211",NA,"isRelatedTo","Fisheries and Aquaculture Management Branch-isRelatedTo-Pacific","","","","active","2017-10-24",""
"19",21243,0,2660,1245,"11211",NA,1227,"11211",NA,"isRelatedTo","Fisheries and Aquaculture Management Branch-isRelatedTo-Pacific","","","","active","2017-10-24",""
"20",21243,0,2661,1294,"11211",NA,1227,"11211",NA,"isRelatedTo","Fisheries and Aquaculture Management Branch  Salmon Enhancement Program-isRelatedTo-Pacific","","","","active","2017-10-24",""
"21",21243,0,2662,1288,"11211",NA,1227,"11211",NA,"isRelatedTo","Fisheries and Aquaculture Management Branch, Aboriginal Negotiations Division, Policy Analysis and Treaty Support-isRelatedTo-Pacific","","","","active","2017-10-24",""
"22",21243,0,2663,1240,"11211",NA,1227,"11211",NA,"isRelatedTo","Fisheries and Aquaculture Management Branch, Aboriginal Programs Division-isRelatedTo-Pacific","","","","active","2017-10-24",""
"23",21243,0,2664,1310,"11211",NA,1227,"11211",NA,"isRelatedTo","Fisheries and Aquaculture Management Branch, Coastal Operations-isRelatedTo-Pacific","","","","active","2017-10-24",""
"24",21243,0,2665,1242,"11211",NA,1227,"11211",NA,"isRelatedTo","Fisheries and Aquaculture Management Branch, Conservation and Protection-isRelatedTo-Pacific","","","","active","2017-10-24",""
"25",21243,0,2666,1238,"11211",NA,1227,"11211",NA,"isRelatedTo","Fisheries and Aquaculture Management Branch, Fraser and Interior-isRelatedTo-Pacific","","","","active","2017-10-24",""
"26",21243,0,2667,1229,"11211",NA,1227,"11211",NA,"isRelatedTo","Fisheries and Aquaculture Management Branch, Salmonid Enhancement Program-isRelatedTo-Pacific","","","","active","2017-10-24",""
"27",21243,0,2668,1229,"11211",NA,1227,"11211",NA,"isRelatedTo","Fisheries and Aquaculture Management Branch, Salmonid Enhancement Program-isRelatedTo-Pacific","","","","active","2017-10-24",""
"28",21243,0,2669,1229,"11211",NA,1227,"11211",NA,"isRelatedTo","Fisheries and Aquaculture Management Branch, Salmonid Enhancement Program-isRelatedTo-Pacific","","","","active","2017-10-24",""
"29",21243,0,2670,1229,"11211",NA,1227,"11211",NA,"isRelatedTo","Fisheries and Aquaculture Management Branch, Salmonid Enhancement Program-isRelatedTo-Pacific","","","","active","2017-10-24",""
"30",21243,0,2671,1229,"11211",NA,1227,"11211",NA,"isRelatedTo","Fisheries and Aquaculture Management Branch, Salmonid Enhancement Program-isRelatedTo-Pacific","","","","active","2017-10-24",""
"31",21243,0,2672,1229,"11211",NA,1227,"11211",NA,"isRelatedTo","Fisheries and Aquaculture Management Branch, Salmonid Enhancement Program-isRelatedTo-Pacific","","","","active","2017-10-24",""
"32",21243,0,2673,1229,"11211",NA,1227,"11211",NA,"isRelatedTo","Fisheries and Aquaculture Management Branch, Salmonid Enhancement Program-isRelatedTo-Pacific","","","","active","2017-10-24",""
"33",21243,0,2674,1229,"11211",NA,1227,"11211",NA,"isRelatedTo","Fisheries and Aquaculture Management Branch, Salmonid Enhancement Program-isRelatedTo-Pacific","","","","active","2017-10-24",""
"34",21243,0,2675,1229,"11211",NA,1227,"11211",NA,"isRelatedTo","Fisheries and Aquaculture Management Branch, Salmonid Enhancement Program-isRelatedTo-Pacific","","","","active","2017-10-24",""
"35",21243,0,2676,1229,"11211",NA,1227,"11211",NA,"isRelatedTo","Fisheries and Aquaculture Management Branch, Salmonid Enhancement Program-isRelatedTo-Pacific","","","","active","2017-10-24",""
"36",21243,0,2677,1229,"11211",NA,1227,"11211",NA,"isRelatedTo","Fisheries and Aquaculture Management Branch, Salmonid Enhancement Program-isRelatedTo-Pacific","","","","active","2017-10-24",""
"37",21243,0,2678,1229,"11211",NA,1227,"11211",NA,"isRelatedTo","Fisheries and Aquaculture Management Branch, Salmonid Enhancement Program-isRelatedTo-Pacific","","","","active","2017-10-24",""
"38",21243,0,2679,1229,"11211",NA,1227,"11211",NA,"isRelatedTo","Fisheries and Aquaculture Management Branch, Salmonid Enhancement Program-isRelatedTo-Pacific","","","","active","2017-10-24",""
"39",21243,0,2680,1279,"11211",NA,1227,"11211",NA,"isRelatedTo","Fisheries and Aquaculture Management Branch, Salmonid Enhancement Program,-isRelatedTo-Pacific","","","","active","2017-10-24",""
"40",21243,0,2681,1231,"11211",NA,1227,"11211",NA,"isRelatedTo","Fisheries and Aquaculture Management Branch, Salmonid Enhancement Program,  RRU-isRelatedTo-Pacific","","","","active","2017-10-24",""
"41",21243,0,2682,1256,"11211",NA,1227,"11211",NA,"isRelatedTo","Fisheries and Aquaculture Management Branch, Salmonid Enhancement Program, CIP, South Coast Area-isRelatedTo-Pacific","","","","active","2017-10-24",""
"42",21243,0,2683,1323,"11211",NA,1227,"11211",NA,"isRelatedTo","Fisheries and Aquaculture Management Branch, Salmonid Enhancement Program, Coastal Ops-isRelatedTo-Pacific","","","","active","2017-10-24",""
"43",21243,0,2684,1264,"11211",NA,1227,"11211",NA,"isRelatedTo","Fisheries and Aquaculture Management Branch, Salmonid Enhancement Program, Community Involvement-isRelatedTo-Pacific","","","","active","2017-10-24",""
"44",21243,0,2685,1255,"11211",NA,1227,"11211",NA,"isRelatedTo","Fisheries and Aquaculture Management Branch, Salmonid Enhancement Program, Lower Fraser-isRelatedTo-Pacific","","","","active","2017-10-24",""
"45",21243,0,2686,1287,"11211",NA,1227,"11211",NA,"isRelatedTo","Fisheries and Aquaculture Management Branch, Salmonid Enhancement Program, Lower Fraser Area-isRelatedTo-Pacific","","","","active","2017-10-24",""
"46",21243,0,2687,1284,"11211",NA,1227,"11211",NA,"isRelatedTo","Fisheries and Aquaculture Management Branch, Salmonid Enhancement Program, Operations-isRelatedTo-Pacific","","","","active","2017-10-24",""
"47",21243,0,2688,1286,"11211",NA,1227,"11211",NA,"isRelatedTo","Fisheries and Aquaculture Management Branch, Salmonid Enhancement Program, Planning and Assessment Unit-isRelatedTo-Pacific","","","","active","2017-10-24",""
"48",21243,0,2689,1303,"11211",NA,1227,"11211",NA,"isRelatedTo","Fisheries and Aquaculture Management Branch, Salmonid Enhancement Program, RRU-isRelatedTo-Pacific","","","","active","2017-10-24",""
"49",21243,0,2690,1272,"11211",NA,1227,"11211",NA,"isRelatedTo","Fisheries and Aquaculture Management Branch, Salmonid Enhancement Program, South Coast-isRelatedTo-Pacific","","","","active","2017-10-24",""
"50",21243,0,2691,1308,"11211",NA,1227,"11211",NA,"isRelatedTo","Fisheries and Aquaculture Management Branch, Salmonid Enhancement Program, South Coast Area-isRelatedTo-Pacific","","","","active","2017-10-24",""
"51",21243,0,2692,1320,"11211",NA,1227,"11211",NA,"isRelatedTo","Fisheries and Aquaculture Management Branch, South Coast Area-isRelatedTo-Pacific","","","","active","2017-10-24",""
"52",21243,0,2693,1275,"11211",NA,1227,"11211",NA,"isRelatedTo","Fisheries and Aquaculture Management Branch, South Coast, Stock Assessment-isRelatedTo-Pacific","","","","active","2017-10-24",""
"53",21243,0,2694,1295,"11211",NA,1227,"11211",NA,"isRelatedTo","Fisheries and Aquaculture Management Branch, Species at Risk Program-isRelatedTo-Pacific","","","","active","2017-10-24",""
"54",21243,0,2695,1331,"11211",NA,1227,"11211",NA,"isRelatedTo","Fisheries and Aquaculture Management Branch, Stock Assessment Division, Yukon Transboundary Rivers Area-isRelatedTo-Pacific","","","","active","2017-10-24",""
"55",21243,0,2696,1318,"11211",NA,1227,"11211",NA,"isRelatedTo","Fisheries and Aquaculture Management Branch, Yukon and Transboundary Rivers Area-isRelatedTo-Pacific","","","","active","2017-10-24",""
"56",21243,0,2697,1300,"11211",NA,1227,"11211",NA,"isRelatedTo","Fisheries and Aquaculture Management Branch, Yukon Transboundary River Area-isRelatedTo-Pacific","","","","active","2017-10-24",""
"57",21243,0,2698,1341,"11211",NA,1227,"11211",NA,"isRelatedTo","Fisheries and Aquaculture Management Branch, Yukon Transboundary Rivers Area-isRelatedTo-Pacific","","","","active","2017-10-24",""
"58",21243,0,2699,1340,"11211",NA,1227,"11211",NA,"isRelatedTo","Fisheries and Aquaculture Management Branch, Yukon Transboundary Rivers Area, Stock Assessment Division-isRelatedTo-Pacific","","","","active","2017-10-24",""
"59",21243,0,2700,1291,"11211",NA,1227,"11211",NA,"isRelatedTo","Fisheries and Aquaculture Management Branch, Yukon-Transboundary Rivers Area-isRelatedTo-Pacific","","","","active","2017-10-24",""
"60",21243,0,2701,1267,"11211",NA,1227,"11211",NA,"isRelatedTo","Fisheries and Aquaculture Management Branch; Salmonid Enhancement Program-isRelatedTo-Pacific","","","","active","2017-10-24",""
"61",21243,0,2702,1271,"11211",NA,1227,"11211",NA,"isRelatedTo","Fisheries and Aquaculture Management Branch; Salmonid Enhancement Program, Enhancement Operations Division-isRelatedTo-Pacific","","","","active","2017-10-24",""
"62",21243,0,2703,1305,"11211",NA,1227,"11211",NA,"isRelatedTo","Fisheries and Aquaculture Management Division-isRelatedTo-Pacific","","","","active","2017-10-24",""
"63",21243,0,2704,1254,"11211",NA,1227,"11211",NA,"isRelatedTo","Fisheries and Aquaculture Management,  South Coast Area, Stock Assessment-isRelatedTo-Pacific","","","","active","2017-10-24",""
"64",21243,0,2705,1259,"11211",NA,1227,"11211",NA,"isRelatedTo","Fisheries and Aquaculture Management, Aboriginal Programs Division-isRelatedTo-Pacific","","","","active","2017-10-24",""
"65",21243,0,2706,1301,"11211",NA,1227,"11211",NA,"isRelatedTo","Fisheries and Aquaculture Management, Aquaculture Management Division,  Aquaculture Environmental Operations-isRelatedTo-Pacific","","","","active","2017-10-24",""
"66",21243,0,2707,1248,"11211",NA,1227,"11211",NA,"isRelatedTo","Fisheries and Aquaculture Management, Interior Fraser, Stock Assessment-isRelatedTo-Pacific","","","","active","2017-10-24",""
"67",21243,0,2708,1330,"11211",NA,1227,"11211",NA,"isRelatedTo","Fisheries and Aquaculture Management, North Coast-isRelatedTo-Pacific","","","","active","2017-10-24",""
"68",21243,0,2709,1329,"11211",NA,1227,"11211",NA,"isRelatedTo","Fisheries and Aquaculture Management, South Coast Area-isRelatedTo-Pacific","","","","active","2017-10-24",""
"69",21243,0,2710,1329,"11211",NA,1227,"11211",NA,"isRelatedTo","Fisheries and Aquaculture Management, South Coast Area-isRelatedTo-Pacific","","","","active","2017-10-24",""
"70",21243,0,2711,1232,"11211",NA,1227,"11211",NA,"isRelatedTo","Fisheries and Aquaculture Management, South Coast Division, Stock Assessmenet-isRelatedTo-Pacific","","","","active","2017-10-24",""
"71",21243,0,2712,1302,"11211",NA,1227,"11211",NA,"isRelatedTo","Fisheries and Aquaculture Management, South Coast, Resource Management-isRelatedTo-Pacific","","","","active","2017-10-24",""
"72",21243,0,2713,1269,"11211",NA,1227,"11211",NA,"isRelatedTo","Fisheries Management,  Recreational-isRelatedTo-Pacific","","","","active","2017-10-24",""
"73",21243,0,2714,1276,"11211",NA,1227,"11211",NA,"isRelatedTo","Fisheries Management, Resource Management-isRelatedTo-Pacific","","","","active","2017-10-24",""
"74",21243,0,2715,1290,"11211",NA,1227,"11211",NA,"isRelatedTo","FPP, FCSAP-isRelatedTo-Pacific","","","","active","2017-10-24",""
"75",21243,0,2716,1277,"11211",NA,1227,"11211",NA,"isRelatedTo","Freshwater Ecosystems-isRelatedTo-Pacific","","","","active","2017-10-24",""
"76",21243,0,2717,1316,"11211",NA,1237,"11211",NA,"isRelatedTo","Gestion des ecosystèmes de la division de la gestion des espèces en péril-isRelatedTo-Quebec","","","","active","2017-10-24",""
"81",21243,0,2718,1313,"11211",NA,1227,"11211",NA,"isRelatedTo","North Coast Stock Assessment-isRelatedTo-Pacific","","","","active","2017-10-24",""
"83",21243,0,2719,1239,"11211",NA,1227,"11211",NA,"isRelatedTo","Policy Branch-isRelatedTo-Pacific","","","","active","2017-10-24",""
"85",21243,0,2720,1274,"11211",NA,1227,"11211",NA,"isRelatedTo","RDG office in partnership with Science sector.-isRelatedTo-Pacific","","","","active","2017-10-24",""
"86",21243,0,2721,1337,"11211",NA,1258,"11211",NA,"isRelatedTo","Regional Director General-isRelatedTo-Gulf","","","","active","2017-10-24",""
"87",21243,0,2722,1325,"11211",NA,1227,"11211",NA,"isRelatedTo","Resource Management-isRelatedTo-Pacific","","","","active","2017-10-24",""
"88",21243,0,2723,1282,"11211",NA,1247,"11211",NA,"isRelatedTo","Resource Management, Fisheries and Aquaculture Management Branch-isRelatedTo-Newfoundland","","","","active","2017-10-24",""
"89",21243,0,2724,1234,"11211",NA,1227,"11211",NA,"isRelatedTo","Resource Management, South Coast-isRelatedTo-Pacific","","","","active","2017-10-24",""
"90",21243,0,2725,1236,"11211",NA,1227,"11211",NA,"isRelatedTo","Science Branch-isRelatedTo-Pacific","","","","active","2017-10-24",""
"91",21243,0,2726,1236,"11211",NA,1227,"11211",NA,"isRelatedTo","Science Branch-isRelatedTo-Pacific","","","","active","2017-10-24",""
"92",21243,0,2727,1236,"11211",NA,1227,"11211",NA,"isRelatedTo","Science Branch-isRelatedTo-Pacific","","","","active","2017-10-24",""
"93",21243,0,2728,1236,"11211",NA,1258,"11211",NA,"isRelatedTo","Science Branch-isRelatedTo-Gulf","","","","active","2017-10-24",""
"94",21243,0,2729,1236,"11211",NA,1258,"11211",NA,"isRelatedTo","Science Branch-isRelatedTo-Gulf","","","","active","2017-10-24",""
"95",21243,0,2730,1236,"11211",NA,1247,"11211",NA,"isRelatedTo","Science Branch-isRelatedTo-Newfoundland","","","","active","2017-10-24",""
"96",21243,0,2731,1236,"11211",NA,1230,"11211",NA,"isRelatedTo","Science Branch-isRelatedTo-Maritimes","","","","active","2017-10-24",""
"97",21243,0,2732,1236,"11211",NA,1230,"11211",NA,"isRelatedTo","Science Branch-isRelatedTo-Maritimes","","","","active","2017-10-24",""
"98",21243,0,2733,1236,"11211",NA,1230,"11211",NA,"isRelatedTo","Science Branch-isRelatedTo-Maritimes","","","","active","2017-10-24",""
"99",21243,0,2734,1236,"11211",NA,1258,"11211",NA,"isRelatedTo","Science Branch-isRelatedTo-Gulf","","","","active","2017-10-24",""
"100",21243,0,2735,1236,"11211",NA,1230,"11211",NA,"isRelatedTo","Science Branch-isRelatedTo-Maritimes","","","","active","2017-10-24",""
"101",21243,0,2736,1236,"11211",NA,1227,"11211",NA,"isRelatedTo","Science Branch-isRelatedTo-Pacific","","","","active","2017-10-24",""
"102",21243,0,2737,1236,"11211",NA,1227,"11211",NA,"isRelatedTo","Science Branch-isRelatedTo-Pacific","","","","active","2017-10-24",""
"103",21243,0,2738,1261,"11211",NA,1230,"11211",NA,"isRelatedTo","Science Branch,-isRelatedTo-Maritimes","","","","active","2017-10-24",""
"104",21243,0,2739,1253,"11211",NA,1227,"11211",NA,"isRelatedTo","Science Branch, ""Aquatic Resources, Research, and Assessment Division""-isRelatedTo-Pacific","","","","active","2017-10-24",""
"105",21243,0,2740,1346,"11211",NA,1227,"11211",NA,"isRelatedTo","Science Branch, ""Aquatic Resources, Research, and Assessment Division"",  Fraser and Interior Area-isRelatedTo-Pacific","","","","active","2017-10-24",""
"106",21243,0,2741,1321,"11211",NA,1227,"11211",NA,"isRelatedTo","Science Branch, ""Aquatic Resources, Research, and Assessment Division"",  Stock Assessment, Fraser and Interior Area-isRelatedTo-Pacific","","","","active","2017-10-24",""
"107",21243,0,2742,1292,"11211",NA,1227,"11211",NA,"isRelatedTo","Science Branch, ""Aquatic Resources, Research, and Assessment Division"", Ecosystems and Oceans Science-isRelatedTo-Pacific","","","","active","2017-10-24",""
"108",21243,0,2743,1292,"11211",NA,1227,"11211",NA,"isRelatedTo","Science Branch, ""Aquatic Resources, Research, and Assessment Division"", Ecosystems and Oceans Science-isRelatedTo-Pacific","","","","active","2017-10-24",""
"109",21243,0,2744,1251,"11211",NA,1227,"11211",NA,"isRelatedTo","Science Branch, ""Aquatic Resources, Research, and Assessment Division"", Quantitative Assessment Methods Section-isRelatedTo-Pacific","","","","active","2017-10-24",""
"110",21243,0,2745,1251,"11211",NA,1227,"11211",NA,"isRelatedTo","Science Branch, ""Aquatic Resources, Research, and Assessment Division"", Quantitative Assessment Methods Section-isRelatedTo-Pacific","","","","active","2017-10-24",""
"111",21243,0,2746,1251,"11211",NA,1227,"11211",NA,"isRelatedTo","Science Branch, ""Aquatic Resources, Research, and Assessment Division"", Quantitative Assessment Methods Section-isRelatedTo-Pacific","","","","active","2017-10-24",""
"112",21243,0,2747,1319,"11211",NA,1227,"11211",NA,"isRelatedTo","Science Branch, ""Aquatic Resources, Research, and Assessment Division"", Salmon Assessment-isRelatedTo-Pacific","","","","active","2017-10-24",""
"113",21243,0,2748,1333,"11211",NA,1227,"11211",NA,"isRelatedTo","Science Branch, ""Aquatic Resources, Research, and Assessment Division"", Salmon Stock Assessment-isRelatedTo-Pacific","","","","active","2017-10-24",""
"114",21243,0,2749,1246,"11211",NA,1227,"11211",NA,"isRelatedTo","Science Branch, Applied Diagnostics and Genetics Division-isRelatedTo-Pacific","","","","active","2017-10-24",""
"115",21243,0,2750,1304,"11211",NA,1227,"11211",NA,"isRelatedTo","Science Branch, Applied Diagnostics and Genomics Technology Division, Genetics and Genomics Section-isRelatedTo-Pacific","","","","active","2017-10-24",""
"116",21243,0,2751,1327,"11211",NA,1258,"11211",NA,"isRelatedTo","Science Branch, Aquatic Resources Division, Diadromous Fish Section-isRelatedTo-Gulf","","","","active","2017-10-24",""
"117",21243,0,2752,1265,"11211",NA,1258,"11211",NA,"isRelatedTo","Science Branch, Aquatic Resources Division, Diadromous Section-isRelatedTo-Gulf","","","","active","2017-10-24",""
"118",21243,0,2753,1322,"11211",NA,1258,"11211",NA,"isRelatedTo","Science Branch, Aquatic Resources, Diadromous-isRelatedTo-Gulf","","","","active","2017-10-24",""
"119",21243,0,2754,1298,"11211",NA,1263,"11211",NA,"isRelatedTo","Science Branch, Arctic Aquatic Research Division-isRelatedTo-Central and Arctic","","","","active","2017-10-24",""
"120",21243,0,2755,1343,"11211",NA,1227,"11211",NA,"isRelatedTo","Science Branch, Basin and Coastal Scale Interactions group at Nanaimo-isRelatedTo-Pacific","","","","active","2017-10-24",""
"121",21243,0,2756,1342,"11211",NA,1230,"11211",NA,"isRelatedTo","Science Branch, Coastal Ecosystem Science Division-isRelatedTo-Maritimes","","","","active","2017-10-24",""
"122",21243,0,2757,1257,"11211",NA,1237,"11211",NA,"isRelatedTo","Science Branch, Demersal and Benthic Science Branchs-isRelatedTo-Quebec","","","","active","2017-10-24",""
"123",21243,0,2758,1339,"11211",NA,1258,"11211",NA,"isRelatedTo","Science Branch, Diadromous-isRelatedTo-Gulf","","","","active","2017-10-24",""
"124",21243,0,2759,1347,"11211",NA,1227,"11211",NA,"isRelatedTo","Science Branch, Ecosystem and Fisheries Management, Yukon Transboundary Rivers Area-isRelatedTo-Pacific","","","","active","2017-10-24",""
"125",21243,0,2760,1315,"11211",NA,1247,"11211",NA,"isRelatedTo","Science Branch, Ecosystem and Ocean Science Division-isRelatedTo-Newfoundland","","","","active","2017-10-24",""
"126",21243,0,2761,1344,"11211",NA,1227,"11211",NA,"isRelatedTo","Science Branch, Ecosystem Division-isRelatedTo-Pacific","","","","active","2017-10-24",""
"127",21243,0,2762,1338,"11211",NA,1227,"11211",NA,"isRelatedTo","Science Branch, Ecosystem Science Division-isRelatedTo-Pacific","","","","active","2017-10-24",""
"128",21243,0,2763,1244,"11211",NA,1230,"11211",NA,"isRelatedTo","Science Branch, Ecosystem Science Division, Population Ecology-isRelatedTo-Maritimes","","","","active","2017-10-24",""
"129",21243,0,2764,1243,"11211",NA,1227,"11211",NA,"isRelatedTo","Science Branch, Ecosystem Science Division, Regional Ecosystem Effects on Fish and Fisheries Section-isRelatedTo-Pacific","","","","active","2017-10-24",""
"130",21243,0,2765,1243,"11211",NA,1227,"11211",NA,"isRelatedTo","Science Branch, Ecosystem Science Division, Regional Ecosystem Effects on Fish and Fisheries Section-isRelatedTo-Pacific","","","","active","2017-10-24",""
"131",21243,0,2766,1243,"11211",NA,1227,"11211",NA,"isRelatedTo","Science Branch, Ecosystem Science Division, Regional Ecosystem Effects on Fish and Fisheries Section-isRelatedTo-Pacific","","","","active","2017-10-24",""
"132",21243,0,2767,1243,"11211",NA,1227,"11211",NA,"isRelatedTo","Science Branch, Ecosystem Science Division, Regional Ecosystem Effects on Fish and Fisheries Section-isRelatedTo-Pacific","","","","active","2017-10-24",""
"133",21243,0,2768,1324,"11211",NA,1227,"11211",NA,"isRelatedTo","Science Branch, Ecosystem, Freshwater-isRelatedTo-Pacific","","","","active","2017-10-24",""
"134",21243,0,2769,1281,"11211",NA,1230,"11211",NA,"isRelatedTo","Science Branch, Ecosystems-isRelatedTo-Maritimes","","","","active","2017-10-24",""
"135",21243,0,2770,1293,"11211",NA,1230,"11211",NA,"isRelatedTo","Science Branch, Ecosystems and Oceans Science-isRelatedTo-Maritimes","","","","active","2017-10-24",""
"136",21243,0,2771,1306,"11211",NA,1230,"11211",NA,"isRelatedTo","Science Branch, Ecosystems and Oceans Sector-isRelatedTo-Maritimes","","","","active","2017-10-24",""
"137",21243,0,2772,1289,"11211",NA,1227,"11211",NA,"isRelatedTo","Science Branch, Ecosystems Science Branch Division, Regional Ecosystem Effects on Fish and Fisheries-isRelatedTo-Pacific","","","","active","2017-10-24",""
"138",21243,0,2773,1296,"11211",NA,1227,"11211",NA,"isRelatedTo","Science Branch, Ecosystems Sciences Division, Ecosystem Interactions-isRelatedTo-Pacific","","","","active","2017-10-24",""
"139",21243,0,2774,1299,"11211",NA,1247,"11211",NA,"isRelatedTo","Science Branch, Environmental Sciences Division-isRelatedTo-Newfoundland","","","","active","2017-10-24",""
"140",21243,0,2775,1252,"11211",NA,1227,"11211",NA,"isRelatedTo","Science Branch, Fishery and Assessment Data Section-isRelatedTo-Pacific","","","","active","2017-10-24",""
"141",21243,0,2776,1332,"11211",NA,1227,"11211",NA,"isRelatedTo","Science Branch, Fraser and Interior Area Stock Assessment-isRelatedTo-Pacific","","","","active","2017-10-24",""
"142",21243,0,2777,1268,"11211",NA,1227,"11211",NA,"isRelatedTo","Science Branch, Fraser Sockeye, Stock Assessment-isRelatedTo-Pacific","","","","active","2017-10-24",""
"143",21243,0,2778,1260,"11211",NA,1227,"11211",NA,"isRelatedTo","Science Branch, Fraser StAD, Sockeye-isRelatedTo-Pacific","","","","active","2017-10-24",""
"144",21243,0,2779,1326,"11211",NA,1230,"11211",NA,"isRelatedTo","Science Branch, Ocean and Ecosystems Division, Salmon-isRelatedTo-Maritimes","","","","active","2017-10-24",""
"145",21243,0,2780,1273,"11211",NA,1227,"11211",NA,"isRelatedTo","Science Branch, Oceans and Ecosystems Science Division-isRelatedTo-Pacific","","","","active","2017-10-24",""
"146",21243,0,2781,1266,"11211",NA,1230,"11211",NA,"isRelatedTo","Science Branch, Population Ecology-isRelatedTo-Maritimes","","","","active","2017-10-24",""
"147",21243,0,2782,1307,"11211",NA,1230,"11211",NA,"isRelatedTo","Science Branch, Population Ecology Division-isRelatedTo-Maritimes","","","","active","2017-10-24",""
"148",21243,0,2783,1307,"11211",NA,1230,"11211",NA,"isRelatedTo","Science Branch, Population Ecology Division-isRelatedTo-Maritimes","","","","active","2017-10-24",""
"149",21243,0,2784,1336,"11211",NA,1230,"11211",NA,"isRelatedTo","Science Branch, Population Ecology Division, Salmon Section-isRelatedTo-Maritimes","","","","active","2017-10-24",""
"150",21243,0,2785,1283,"11211",NA,1230,"11211",NA,"isRelatedTo","Science Branch, Salmon Section-isRelatedTo-Maritimes","","","","active","2017-10-24",""
"151",21243,0,2786,1270,"11211",NA,1227,"11211",NA,"isRelatedTo","Science Branch, Salmon Stock Assessment-isRelatedTo-Pacific","","","","active","2017-10-24",""
"152",21243,0,2787,1345,"11211",NA,1227,"11211",NA,"isRelatedTo","Science Branch, Stock Assessment, Sockeye-isRelatedTo-Pacific","","","","active","2017-10-24",""
"153",21243,0,2788,1312,"11211",NA,1227,"11211",NA,"isRelatedTo","Science Branch,""Aquatic Resources, Research, and Assessment Division"", Quantitative Assessment Methods Section-isRelatedTo-Pacific","","","","active","2017-10-24",""
"154",21243,0,2789,1241,"11211",NA,1227,"11211",NA,"isRelatedTo","Science Branch,""Aquatic Resources, Research, and Assessment Division"", Salmon Assessment-isRelatedTo-Pacific","","","","active","2017-10-24",""
"155",21243,0,2790,1250,"11211",NA,1227,"11211",NA,"isRelatedTo","Science Branch/Ecosystems/REEF-isRelatedTo-Pacific","","","","active","2017-10-24",""
"156",21243,0,2791,1233,"11211",NA,1230,"11211",NA,"isRelatedTo","Science Branch/Population Ecology Division/Salmon Section-isRelatedTo-Maritimes","","","","active","2017-10-24",""
"157",21243,0,2792,1328,"11211",NA,1237,"11211",NA,"isRelatedTo","Sciences Directorate, ""Demersal, Pelagic and Ecosystem Division""-isRelatedTo-Quebec","","","","active","2017-10-24",""
"158",21243,0,2793,1314,"11211",NA,1227,"11211",NA,"isRelatedTo","Stock assessment-isRelatedTo-Pacific","","","","active","2017-10-24",""
"159",21243,0,2794,1235,"11211",NA,1227,"11211",NA,"isRelatedTo","Stock Assessment-isRelatedTo-Pacific","","","","active","2017-10-24",""
"160",21243,0,2795,1309,"11211",NA,1227,"11211",NA,"isRelatedTo","TAPD, FIA-isRelatedTo-Pacific","","","","active","2017-10-24",""
"161",21243,0,2796,1311,"11211",NA,1227,"11211",NA,"isRelatedTo","Yukon Transboundary River Area-isRelatedTo-Pacific","","","","active","2017-10-24",""
