"","resourceLinkTypeID","resourceLinkSubTypeID","ID","fromResourceNodeID","fromResourceNodeTypeID","fromResourceNodeSubTypeID","toResourceNodeID","toResourceNodeTypeID","toResourceNodeSubTypeID","linkLabel","name","description","isPrimary","language","status","start_date","end_date"
"15",21227,0,2229,13,"11210","0",1193,"11214",NA,"hasActivity","Andrea Goruk-hasActivity-Roundtables and Treaty Groups","","","","active","2017-10-24",""
"16",21227,0,2230,14,"11210","0",1150,"11214",NA,"hasActivity","Andrew Campbell-hasActivity-Chinook Escapement Estimation","","","","active","2017-10-24",""
"17",21227,0,2231,17,"11210","0",1150,"11214",NA,"hasActivity","Andrew Pereboom-hasActivity-Chinook Escapement Estimation","","","","active","2017-10-24",""
"18",21227,0,2232,17,"11210","0",1191,"11214",NA,"hasActivity","Andrew Pereboom-hasActivity-NuSEDS","","","","active","2017-10-24",""
"20",21227,0,2233,25,"11210","0",1192,"11214",NA,"hasActivity","Ann-Marie Huang-hasActivity-Strategies for Red-status CUs","","","","active","2017-10-24",""
"35",21227,0,2234,38,"11210","0",1139,"11214",NA,"hasActivity","Bill Waugh-hasActivity-FSC catch monitoring","","","","active","2017-10-24",""
"37",21227,0,2235,39,"11210","0",1154,"11214",NA,"hasActivity","Bob Devlin-hasActivity-Science Partnerships","","","","active","2017-10-24",""
"38",21227,0,2236,41,"11210","0",1154,"11214",NA,"hasActivity","Bonnie Antcliffe-hasActivity-Science Partnerships","","","","active","2017-10-24",""
"42",21227,0,2237,46,"11210","0",1174,"11214",NA,"hasActivity","Brenda Ridgway-hasActivity-Chinook and Coho CWT","","","","active","2017-10-24",""
"43",21227,0,2238,47,"11210","0",1191,"11214",NA,"hasActivity","Brenda Wright-hasActivity-NuSEDS","","","","active","2017-10-24",""
"50",21227,0,2239,60,"11210","0",1154,"11214",NA,"hasActivity","Carmel Lowe-hasActivity-Science Partnerships","","","","active","2017-10-24",""
"52",21227,0,2240,64,"11210","0",1167,"11214",NA,"hasActivity","Carrie Holt-hasActivity-Marine Growth Fraser Sockeye","","","","active","2017-10-24",""
"53",21227,0,2241,64,"11210","0",1201,"11214",NA,"hasActivity","Carrie Holt-hasActivity-Early Marine Growth and Mortality","","","","active","2017-10-24",""
"54",21227,0,2242,64,"11210","0",1220,"11214",NA,"hasActivity","Carrie Holt-hasActivity-Climate and Juvenile Salmon","","","","active","2017-10-24",""
"58",21227,0,2243,74,"11210","0",1167,"11214",NA,"hasActivity","Chrys Neville-hasActivity-Marine Growth Fraser Sockeye","","","","active","2017-10-24",""
"59",21227,0,2244,74,"11210","0",1199,"11214",NA,"hasActivity","Chrys Neville-hasActivity-Juvenile Sockeye Health","","","","active","2017-10-24",""
"60",21227,0,2245,74,"11210","0",1201,"11214",NA,"hasActivity","Chrys Neville-hasActivity-Early Marine Growth and Mortality","","","","active","2017-10-24",""
"61",21227,0,2246,74,"11210","0",1202,"11214",NA,"hasActivity","Chrys Neville-hasActivity-Salish Sea Marine Survival","","","","active","2017-10-24",""
"62",21227,0,2247,74,"11210","0",1213,"11214",NA,"hasActivity","Chrys Neville-hasActivity-Hydro-acoustics: Juvenile Salmon","","","","active","2017-10-24",""
"63",21227,0,2248,76,"11210","0",1205,"11214",NA,"hasActivity","Cindy Breau-hasActivity-Survival of Smolts at Sea","","","","active","2017-10-24",""
"66",21227,0,2249,82,"11210","0",1203,"11214",NA,"hasActivity","Corey Martens-hasActivity-Salmon Escapements: North/Central Coast","","","","active","2017-10-24",""
"67",21227,0,2250,82,"11210","0",1221,"11214",NA,"hasActivity","Corey Martens-hasActivity-Salmon Escapement Data","","","","active","2017-10-24",""
"72",21227,0,2251,90,"11210","0",1164,"11214",NA,"hasActivity","Darcy McNicholl-hasActivity-Arctic Salmon","","","","active","2017-10-24",""
"76",21227,0,2252,96,"11210","0",1149,"11214",NA,"hasActivity","David Hardie-hasActivity-Smolt predation studies","","","","active","2017-10-24",""
"77",21227,0,2253,96,"11210","0",1168,"11214",NA,"hasActivity","David Hardie-hasActivity-Coastal Migration of Salmon","","","","active","2017-10-24",""
"78",21227,0,2254,99,"11210","0",1155,"11214",NA,"hasActivity","David Willis-hasActivity-Hatchery Chinook Straying","","","","active","2017-10-24",""
"84",21227,0,2255,105,"11210","0",1177,"11214",NA,"hasActivity","Diana Dobson-hasActivity-Area 25 Roundtable","","","","active","2017-10-24",""
"85",21227,0,2256,105,"11210","0",1185,"11214",NA,"hasActivity","Diana Dobson-hasActivity-Salmon Data Lifecycle","","","","active","2017-10-24",""
"86",21227,0,2257,106,"11210","0",1191,"11214",NA,"hasActivity","Diana McHugh-hasActivity-NuSEDS","","","","active","2017-10-24",""
"92",21227,0,2258,112,"11210","0",1174,"11214",NA,"hasActivity","Doug Herriott-hasActivity-Chinook and Coho CWT","","","","active","2017-10-24",""
"98",21227,0,2259,113,"11210","0",1150,"11214",NA,"hasActivity","Eamon Miyagi-hasActivity-Chinook Escapement Estimation","","","","active","2017-10-24",""
"100",21227,0,2260,118,"11210","0",1174,"11214",NA,"hasActivity","Erik Grundmann-hasActivity-Chinook and Coho CWT","","","","active","2017-10-24",""
"113",21227,0,2261,129,"11210","0",1143,"11214",NA,"hasActivity","Gayle Brown-hasActivity-Salmon CU Maps","","","","active","2017-10-24",""
"136",21227,0,2262,154,"11210","0",1187,"11214",NA,"hasActivity","Jackie King-hasActivity-Community Ecology Juvenile Salmon","","","","active","2017-10-24",""
"137",21227,0,2263,157,"11210","0",1140,"11214",NA,"hasActivity","Jamie Scroggie-hasActivity-Fraser Sockeye Spawning Initiative","","","","active","2017-10-24",""
"138",21227,0,2264,160,"11210","0",1155,"11214",NA,"hasActivity","Jason Mahoney-hasActivity-Hatchery Chinook Straying","","","","active","2017-10-24",""
"139",21227,0,2265,160,"11210","0",1155,"11214",NA,"hasActivity","Jason Mahoney-hasActivity-Hatchery Chinook Straying","","","","active","2017-10-24",""
"140",21227,0,2266,162,"11210","0",1140,"11214",NA,"hasActivity","Jeff Grout-hasActivity-Fraser Sockeye Spawning Initiative","","","","active","2017-10-24",""
"141",21227,0,2267,167,"11210","0",1140,"11214",NA,"hasActivity","Jennifer Nener-hasActivity-Fraser Sockeye Spawning Initiative","","","","active","2017-10-24",""
"142",21227,0,2268,171,"11210","0",1143,"11214",NA,"hasActivity","Jim Irvine-hasActivity-Salmon CU Maps","","","","active","2017-10-24",""
"143",21227,0,2269,171,"11210","0",1182,"11214",NA,"hasActivity","Jim Irvine-hasActivity-Stock-Habitat-Recruit Models","","","","active","2017-10-24",""
"148",21227,0,2270,178,"11210","0",1170,"11214",NA,"hasActivity","Joel Harding-hasActivity-Yukon River SONAR","","","","active","2017-10-24",""
"149",21227,0,2271,178,"11210","0",1204,"11214",NA,"hasActivity","Joel Harding-hasActivity-Juvenile Chinook Assessment","","","","active","2017-10-24",""
"150",21227,0,2272,180,"11210","0",1162,"11214",NA,"hasActivity","John Candy-hasActivity-Chinook and Chum Population Assessments","","","","active","2017-10-24",""
"155",21227,0,2273,196,"11210","0",1164,"11214",NA,"hasActivity","Karen Dunmall-hasActivity-Arctic Salmon","","","","active","2017-10-24",""
"160",21227,0,2274,201,"11210","0",1174,"11214",NA,"hasActivity","Kathy Fraser-hasActivity-Chinook and Coho CWT","","","","active","2017-10-24",""
"161",21227,0,2275,206,"11210","0",1192,"11214",NA,"hasActivity","Kendra Holt-hasActivity-Strategies for Red-status CUs","","","","active","2017-10-24",""
"162",21227,0,2276,208,"11210","0",1139,"11214",NA,"hasActivity","Kent Spencer-hasActivity-FSC catch monitoring","","","","active","2017-10-24",""
"163",21227,0,2277,214,"11210","0",1143,"11214",NA,"hasActivity","Kim Hyatt-hasActivity-Salmon CU Maps","","","","active","2017-10-24",""
"164",21227,0,2278,214,"11210","0",1182,"11214",NA,"hasActivity","Kim Hyatt-hasActivity-Stock-Habitat-Recruit Models","","","","active","2017-10-24",""
"165",21227,0,2279,214,"11210","0",1210,"11214",NA,"hasActivity","Kim Hyatt-hasActivity-Columbia River Sockeye Smolts","","","","active","2017-10-24",""
"171",21227,0,2280,224,"11210","0",1168,"11214",NA,"hasActivity","Leroy Anderson-hasActivity-Coastal Migration of Salmon","","","","active","2017-10-24",""
"175",21227,0,2281,238,"11210","0",1147,"11214",NA,"hasActivity","Marc Trudel-hasActivity-Wild vs. Aquaculture Salmon","","","","active","2017-10-24",""
"176",21227,0,2282,238,"11210","0",1167,"11214",NA,"hasActivity","Marc Trudel-hasActivity-Marine Growth Fraser Sockeye","","","","active","2017-10-24",""
"177",21227,0,2283,238,"11210","0",1199,"11214",NA,"hasActivity","Marc Trudel-hasActivity-Juvenile Sockeye Health","","","","active","2017-10-24",""
"178",21227,0,2284,238,"11210","0",1213,"11214",NA,"hasActivity","Marc Trudel-hasActivity-Hydro-acoustics: Juvenile Salmon","","","","active","2017-10-24",""
"179",21227,0,2285,238,"11210","0",1218,"11214",NA,"hasActivity","Marc Trudel-hasActivity-Food and Growth in Sockeye","","","","active","2017-10-24",""
"182",21227,0,2286,241,"11210","0",1191,"11214",NA,"hasActivity","Marilyn Helin-hasActivity-NuSEDS","","","","active","2017-10-24",""
"186",21227,0,2287,247,"11210","0",1219,"11214",NA,"hasActivity","Martha Robertson-hasActivity-Habitat Population Linkages","","","","active","2017-10-24",""
"188",21227,0,2288,249,"11210","0",1176,"11214",NA,"hasActivity","Martin Castonguay-hasActivity-Marine mortality, Jacques-Cartier Salmon","","","","active","2017-10-24",""
"189",21227,0,2289,249,"11210","0",1180,"11214",NA,"hasActivity","Martin Castonguay-hasActivity-International Governance","","","","active","2017-10-24",""
"190",21227,0,2290,251,"11210","0",1143,"11214",NA,"hasActivity","Mary Thiess-hasActivity-Salmon CU Maps","","","","active","2017-10-24",""
"191",21227,0,2291,251,"11210","0",1185,"11214",NA,"hasActivity","Mary Thiess-hasActivity-Salmon Data Lifecycle","","","","active","2017-10-24",""
"192",21227,0,2292,254,"11210","0",1139,"11214",NA,"hasActivity","Matthew Parslow-hasActivity-FSC catch monitoring","","","","active","2017-10-24",""
"198",21227,0,2293,264,"11210","0",1177,"11214",NA,"hasActivity","Mike Austin-hasActivity-Area 25 Roundtable","","","","active","2017-10-24",""
"199",21227,0,2294,265,"11210","0",1200,"11214",NA,"hasActivity","Mike Bradford-hasActivity-Habitat Compensation/Restoration","","","","active","2017-10-24",""
"200",21227,0,2295,265,"11210","0",1219,"11214",NA,"hasActivity","Mike Bradford-hasActivity-Habitat Population Linkages","","","","active","2017-10-24",""
"201",21227,0,2296,269,"11210","0",1140,"11214",NA,"hasActivity","Mike Hawkshaw-hasActivity-Fraser Sockeye Spawning Initiative","","","","active","2017-10-24",""
"214",21227,0,2297,275,"11210","0",1162,"11214",NA,"hasActivity","Nathan Millar-hasActivity-Chinook and Chum Population Assessments","","","","active","2017-10-24",""
"215",21227,0,2298,275,"11210","0",1198,"11214",NA,"hasActivity","Nathan Millar-hasActivity-Bilateral Chinook/Chum Forecasts","","","","active","2017-10-24",""
"221",21227,0,2299,280,"11210","0",1191,"11214",NA,"hasActivity","Nicki Watson-hasActivity-NuSEDS","","","","active","2017-10-24",""
"229",21227,0,2300,288,"11210","0",1193,"11214",NA,"hasActivity","Paul Preston-hasActivity-Roundtables and Treaty Groups","","","","active","2017-10-24",""
"233",21227,0,2301,294,"11210","0",1203,"11214",NA,"hasActivity","Peter Katinic-hasActivity-Salmon Escapements: North/Central Coast","","","","active","2017-10-24",""
"234",21227,0,2302,294,"11210","0",1221,"11214",NA,"hasActivity","Peter Katinic-hasActivity-Salmon Escapement Data","","","","active","2017-10-24",""
"235",21227,0,2303,296,"11210","0",1220,"11214",NA,"hasActivity","Pieter Van Will-hasActivity-Climate and Juvenile Salmon","","","","active","2017-10-24",""
"250",21227,0,2304,300,"11210","0",1191,"11214",NA,"hasActivity","Richard Bailey-hasActivity-NuSEDS","","","","active","2017-10-24",""
"259",21227,0,2305,310,"11210","0",1208,"11214",NA,"hasActivity","Roger Wysocki-hasActivity-FSERP","","","","active","2017-10-24",""
"262",21227,0,2306,312,"11210","0",1168,"11214",NA,"hasActivity","Ross Jones-hasActivity-Coastal Migration of Salmon","","","","active","2017-10-24",""
"263",21227,0,2307,313,"11210","0",1155,"11214",NA,"hasActivity","Ruth Withler-hasActivity-Hatchery Chinook Straying","","","","active","2017-10-24",""
"269",21227,0,2308,320,"11210","0",1161,"11214",NA,"hasActivity","Scott Akenhead-hasActivity-International Year of the Salmon","","","","active","2017-10-24",""
"278",21227,0,2309,336,"11210","0",1185,"11214",NA,"hasActivity","Shelee Hamilton-hasActivity-Salmon Data Lifecycle","","","","active","2017-10-24",""
"280",21227,0,2310,339,"11210","0",1175,"11214",NA,"hasActivity","Sophie Leblanc-hasActivity-ARIS Sonar","","","","active","2017-10-24",""
"281",21227,0,2311,339,"11210","0",1205,"11214",NA,"hasActivity","Sophie Leblanc-hasActivity-Survival of Smolts at Sea","","","","active","2017-10-24",""
"289",21227,0,2312,342,"11210","0",1216,"11214",NA,"hasActivity","Steve Cox-Rogers-hasActivity-Habitat Benchmarks of CUs","","","","active","2017-10-24",""
"290",21227,0,2313,345,"11210","0",1154,"11214",NA,"hasActivity","Steve MacDonald-hasActivity-Science Partnerships","","","","active","2017-10-24",""
"291",21227,0,2314,348,"11210","0",1163,"11214",NA,"hasActivity","Stewart Johnson-hasActivity-Net Pen Liver Disease","","","","active","2017-10-24",""
"292",21227,0,2315,348,"11210","0",1199,"11214",NA,"hasActivity","Stewart Johnson-hasActivity-Juvenile Sockeye Health","","","","active","2017-10-24",""
"293",21227,0,2316,348,"11210","0",1218,"11214",NA,"hasActivity","Stewart Johnson-hasActivity-Food and Growth in Sockeye","","","","active","2017-10-24",""
"300",21227,0,2317,349,"11210","0",1167,"11214",NA,"hasActivity","Strahan Tucker-hasActivity-Marine Growth Fraser Sockeye","","","","active","2017-10-24",""
"301",21227,0,2318,349,"11210","0",1201,"11214",NA,"hasActivity","Strahan Tucker-hasActivity-Early Marine Growth and Mortality","","","","active","2017-10-24",""
"303",21227,0,2319,351,"11210","0",1143,"11214",NA,"hasActivity","Sue Grant-hasActivity-Salmon CU Maps","","","","active","2017-10-24",""
"304",21227,0,2320,351,"11210","0",1161,"11214",NA,"hasActivity","Sue Grant-hasActivity-International Year of the Salmon","","","","active","2017-10-24",""
"305",21227,0,2321,351,"11210","0",1182,"11214",NA,"hasActivity","Sue Grant-hasActivity-Stock-Habitat-Recruit Models","","","","active","2017-10-24",""
"306",21227,0,2322,351,"11210","0",1201,"11214",NA,"hasActivity","Sue Grant-hasActivity-Early Marine Growth and Mortality","","","","active","2017-10-24",""
"307",21227,0,2323,352,"11210","0",1191,"11214",NA,"hasActivity","Sue Lemke-hasActivity-NuSEDS","","","","active","2017-10-24",""
"310",21227,0,2324,354,"11210","0",1162,"11214",NA,"hasActivity","Terry Beacham-hasActivity-Chinook and Chum Population Assessments","","","","active","2017-10-24",""
"313",21227,0,2325,358,"11210","0",1143,"11214",NA,"hasActivity","Tracy Cone-hasActivity-Salmon CU Maps","","","","active","2017-10-24",""
"314",21227,0,2326,358,"11210","0",1191,"11214",NA,"hasActivity","Tracy Cone-hasActivity-NuSEDS","","","","active","2017-10-24",""
"319",21227,0,2327,362,"11210","0",1162,"11214",NA,"hasActivity","Vesta Mather-hasActivity-Chinook and Chum Population Assessments","","","","active","2017-10-24",""
"320",21227,0,2328,362,"11210","0",1198,"11214",NA,"hasActivity","Vesta Mather-hasActivity-Bilateral Chinook/Chum Forecasts","","","","active","2017-10-24",""
"323",21227,0,2329,365,"11210","0",1155,"11214",NA,"hasActivity","Wilf Luedke-hasActivity-Hatchery Chinook Straying","","","","active","2017-10-24",""
"324",21227,0,2330,365,"11210","0",1177,"11214",NA,"hasActivity","Wilf Luedke-hasActivity-Area 25 Roundtable","","","","active","2017-10-24",""
