"","resourceLinkTypeID","resourceLinkSubTypeID","ID","fromResourceNodeID","fromResourceNodeTypeID","fromResourceNodeSubTypeID","toResourceNodeID","toResourceNodeTypeID","toResourceNodeSubTypeID","linkLabel","name","description","isPrimary","language","status","start_date","end_date"
"1",21274,0,5462,9,"11210","0",633,"11233",NA,"hasIdea","Alex Levy-hasIdea-field data","Collaborations for field data collection and assessment given our geographic spread","","","active","2017-10-24",""
"2",21274,0,5463,23,"11210","0",629,"11233",NA,"hasIdea","Angela Stadel-hasIdea-EBM","ecosystem-based management","","","active","2017-10-24",""
"3",21274,0,5464,23,"11210","0",652,"11233",NA,"hasIdea","Angela Stadel-hasIdea-MPA","marine protected areas and policy,governance,and engagement","","","active","2017-10-24",""
"4",21274,0,5465,23,"11210","0",684,"11233",NA,"hasIdea","Angela Stadel-hasIdea-WSP","Wild Salmon Policy implementation plan","","","active","2017-10-24",""
"5",21274,0,5466,23,"11210","0",658,"11233",NA,"hasIdea","Angela Stadel-hasIdea-OPP","Oceans Protection Plan engagement","","","active","2017-10-24",""
"6",21274,0,5467,39,"11210","0",657,"11233",NA,"hasIdea","Bob Devlin-hasIdea-novel organisms","Risk assessment of novel organisms (engineered,cultured,or selected) in Canadian environments","","","active","2017-10-24",""
"7",21274,0,5468,49,"11210","0",626,"11233",NA,"hasIdea","Brian Leaf-hasIdea-data management",NA,"","","active","2017-10-24",""
"8",21274,0,5469,64,"11210","0",649,"11233",NA,"hasIdea","Carrie Holt-hasIdea-management strategy evaluation",NA,"","","active","2017-10-24",""
"9",21274,0,5470,67,"11210","0",678,"11233",NA,"hasIdea","Chantal Nessman-hasIdea-stewardship groups",NA,"","","active","2017-10-24",""
"10",21274,0,5471,95,"11210","0",666,"11233",NA,"hasIdea","David Cairns-hasIdea-redd counts","Use of redd counts as indicators of stock status and trends","","","active","2017-10-24",""
"11",21274,0,5472,95,"11210","0",639,"11233",NA,"hasIdea","David Cairns-hasIdea-GIS","high-resolution georeferenced maps","","","active","2017-10-24",""
"12",21274,0,5473,95,"11210","0",665,"11233",NA,"hasIdea","David Cairns-hasIdea-rearing habitat","mapping and classifying salmon rearing habitat","","","active","2017-10-24",""
"13",21274,0,5474,95,"11210","0",637,"11233",NA,"hasIdea","David Cairns-hasIdea-freshwater census","censusing adult salmon in pools","","","active","2017-10-24",""
"14",21274,0,5475,108,"11210","0",654,"11233",NA,"hasIdea","Don MacKinlay-hasIdea-new enhancement tech","Advances in fish culture and stock enhancement methods to offset environmental change/fluctuations","","","active","2017-10-24",""
"15",21274,0,5476,108,"11210","0",621,"11233",NA,"hasIdea","Don MacKinlay-hasIdea-collaboration buy-in","working groups and open workshops to get buy-in to collaborative initiatives","","","active","2017-10-24",""
"16",21274,0,5477,108,"11210","0",660,"11233",NA,"hasIdea","Don MacKinlay-hasIdea-outreach tutorials","written and video tutorials for outreach and education","","","active","2017-10-24",""
"17",21274,0,5478,108,"11210","0",659,"11233",NA,"hasIdea","Don MacKinlay-hasIdea-outreach process","standardized processes for outreach and education","","","active","2017-10-24",""
"18",21274,0,5479,115,"11210","0",669,"11233",NA,"hasIdea","Eddy Kennedy-hasIdea-salmon interactions","Salmon interdependencies with other species during different periods in their life cycle","","","active","2017-10-24",""
"19",21274,0,5480,115,"11210","0",656,"11233",NA,"hasIdea","Eddy Kennedy-hasIdea-new genetrics","advances in genetics and genomics","","","active","2017-10-24",""
"20",21274,0,5481,115,"11210","0",655,"11233",NA,"hasIdea","Eddy Kennedy-hasIdea-new FM","new processes for fisheries management","","","active","2017-10-24",""
"21",21274,0,5482,116,"11210","0",632,"11233",NA,"hasIdea","Elan Park-hasIdea-education",NA,"","","active","2017-10-24",""
"22",21274,0,5483,116,"11210","0",678,"11233",NA,"hasIdea","Elan Park-hasIdea-stewardship groups",NA,"","","active","2017-10-24",""
"23",21274,0,5484,116,"11210","0",634,"11233",NA,"hasIdea","Elan Park-hasIdea-First Nations",NA,"","","active","2017-10-24",""
"24",21274,0,5485,142,"11210","0",667,"11233",NA,"hasIdea","Helen Kerr-hasIdea-river fisheries","River-specific management approaches to recreational fisheries management","","","active","2017-10-24",""
"25",21274,0,5486,159,"11210","0",676,"11233",NA,"hasIdea","Jason Ladell-hasIdea-species at risk",NA,"","","active","2017-10-24",""
"26",21274,0,5487,159,"11210","0",635,"11233",NA,"hasIdea","Jason Ladell-hasIdea-fish passage",NA,"","","active","2017-10-24",""
"27",21274,0,5488,159,"11210","0",683,"11233",NA,"hasIdea","Jason Ladell-hasIdea-watershed assessment and restoration",NA,"","","active","2017-10-24",""
"28",21274,0,5489,159,"11210","0",675,"11233",NA,"hasIdea","Jason Ladell-hasIdea-spatial behaviour",NA,"","","active","2017-10-24",""
"29",21274,0,5490,159,"11210","0",618,"11233",NA,"hasIdea","Jason Ladell-hasIdea-Arctic char biology",NA,"","","active","2017-10-24",""
"30",21274,0,5491,214,"11210","0",663,"11233",NA,"hasIdea","Kim Hyatt-hasIdea-production variation","Linkages among status and trend assessments of production variations exhibited by wild salmon conservation units","","","active","2017-10-24",""
"31",21274,0,5492,214,"11210","0",643,"11233",NA,"hasIdea","Kim Hyatt-hasIdea-habitat drivers","environmental drivers operating within freshwater and marine ecosystems","","","active","2017-10-24",""
"32",21274,0,5493,214,"11210","0",645,"11233",NA,"hasIdea","Kim Hyatt-hasIdea-indicator populations","Formal development and documentation of a subset of data rich salmon populations as high resolution diagnostic indicators of cause and effect associations between salmon production variations and environmental conditions in separate Pacific freshwater and marine eco-regions","","","active","2017-10-24",""
"33",21274,0,5494,214,"11210","0",630,"11233",NA,"hasIdea","Kim Hyatt-hasIdea-eco-regions",NA,"","","active","2017-10-24",""
"34",21274,0,5495,214,"11210","0",664,"11233",NA,"hasIdea","Kim Hyatt-hasIdea-production variations",NA,"","","active","2017-10-24",""
"35",21274,0,5496,218,"11210","0",631,"11233",NA,"hasIdea","Kristi Miller-Saunders-hasIdea-eDNA","genetics and genomics for environmental monitoring","","","active","2017-10-24",""
"36",21274,0,5497,218,"11210","0",636,"11233",NA,"hasIdea","Kristi Miller-Saunders-hasIdea-fitness","assessment of salmon health and fitness","","","active","2017-10-24",""
"37",21274,0,5498,218,"11210","0",679,"11233",NA,"hasIdea","Kristi Miller-Saunders-hasIdea-stock assessment genetics","genetics and genomics in future stock assessment","","","active","2017-10-24",""
"38",21274,0,5499,218,"11210","0",638,"11233",NA,"hasIdea","Kristi Miller-Saunders-hasIdea-genetic adaptation",NA,"","","active","2017-10-24",""
"39",21274,0,5500,218,"11210","0",662,"11233",NA,"hasIdea","Kristi Miller-Saunders-hasIdea-phenotypic resilience",NA,"","","active","2017-10-24",""
"40",21274,0,5501,218,"11210","0",642,"11233",NA,"hasIdea","Kristi Miller-Saunders-hasIdea-habitat change","measuring how salmon respond to environmental change","","","active","2017-10-24",""
"41",21274,0,5502,218,"11210","0",651,"11233",NA,"hasIdea","Kristi Miller-Saunders-hasIdea-migration stress","recognizing when migrating salmon are experiencing different types of environmental stress","","","active","2017-10-24",""
"42",21274,0,5503,218,"11210","0",650,"11233",NA,"hasIdea","Kristi Miller-Saunders-hasIdea-migrating salmon",NA,"","","active","2017-10-24",""
"43",21274,0,5504,249,"11210","0",646,"11233",NA,"hasIdea","Martin Castonguay-hasIdea-jusidiction","Québec has jurisdiction for salmon assessment and management","","","active","2017-10-24",""
"44",21274,0,5505,249,"11210","0",627,"11233",NA,"hasIdea","Martin Castonguay-hasIdea-DIDSON","DIDSON sonar systems that can monitor entire smolt runs","","","active","2017-10-24",""
"45",21274,0,5506,249,"11210","0",682,"11233",NA,"hasIdea","Martin Castonguay-hasIdea-technology transfer",NA,"","","active","2017-10-24",""
"46",21274,0,5507,249,"11210","0",644,"11233",NA,"hasIdea","Martin Castonguay-hasIdea-index rivers","ondex rivers in Eastern Canada","","","active","2017-10-24",""
"47",21274,0,5508,290,"11210","0",671,"11233",NA,"hasIdea","Pedro Nilo-hasIdea-salmon pathogens","Impact of parasites and introduced organisms on salmon populations and habitat","","","active","2017-10-24",""
"48",21274,0,5509,290,"11210","0",641,"11233",NA,"hasIdea","Pedro Nilo-hasIdea-Gyrodactylus",NA,"","","active","2017-10-24",""
"49",21274,0,5510,290,"11210","0",672,"11233",NA,"hasIdea","Pedro Nilo-hasIdea-sea-lice",NA,"","","active","2017-10-24",""
"50",21274,0,5511,290,"11210","0",628,"11233",NA,"hasIdea","Pedro Nilo-hasIdea-Dydimo",NA,"","","active","2017-10-24",""
"51",21274,0,5512,290,"11210","0",661,"11233",NA,"hasIdea","Pedro Nilo-hasIdea-parasites",NA,"","","active","2017-10-24",""
"52",21274,0,5513,290,"11210","0",620,"11233",NA,"hasIdea","Pedro Nilo-hasIdea-by-catch","Salmon by-catch at sea in all fisheries","","","active","2017-10-24",""
"53",21274,0,5514,290,"11210","0",619,"11233",NA,"hasIdea","Pedro Nilo-hasIdea-Arctic monitoring","monitoring of salmon colonizing new habitats in Arctic and Sub-Arctic regions","","","active","2017-10-24",""
"54",21274,0,5515,290,"11210","0",624,"11233",NA,"hasIdea","Pedro Nilo-hasIdea-colonizing",NA,"","","active","2017-10-24",""
"55",21274,0,5516,308,"11210","0",620,"11233",NA,"hasIdea","Robert Beaumaster-hasIdea-by-catch","Commercial by-catches data at sea from commercial fishermen","","","active","2017-10-24",""
"56",21274,0,5517,316,"11210","0",684,"11233",NA,"hasIdea","Sandy Devcic-hasIdea-WSP","Wild Salmon Policy implementation","","","active","2017-10-24",""
"57",21274,0,5518,320,"11210","0",681,"11233",NA,"hasIdea","Scott Akenhead-hasIdea-stock-recruit models",NA,"","","active","2017-10-24",""
"58",21274,0,5519,320,"11210","0",674,"11233",NA,"hasIdea","Scott Akenhead-hasIdea-smolt survival models",NA,"","","active","2017-10-24",""
"59",21274,0,5520,320,"11210","0",677,"11233",NA,"hasIdea","Scott Akenhead-hasIdea-statistics",NA,"","","active","2017-10-24",""
"60",21274,0,5521,320,"11210","0",648,"11233",NA,"hasIdea","Scott Akenhead-hasIdea-lake capacity","sockeye lake area and quality as priors for capacity estimates","","","active","2017-10-24",""
"61",21274,0,5522,320,"11210","0",673,"11233",NA,"hasIdea","Scott Akenhead-hasIdea-simulation models",NA,"","","active","2017-10-24",""
"62",21274,0,5523,320,"11210","0",680,"11233",NA,"hasIdea","Scott Akenhead-hasIdea-stock-habitat-recruit models",NA,"","","active","2017-10-24",""
"63",21274,0,5524,320,"11210","0",623,"11233",NA,"hasIdea","Scott Akenhead-hasIdea-collaboration support systems",NA,"","","active","2017-10-24",""
"64",21274,0,5525,320,"11210","0",622,"11233",NA,"hasIdea","Scott Akenhead-hasIdea-collaboration process",NA,"","","active","2017-10-24",""
"65",21274,0,5526,320,"11210","0",640,"11233",NA,"hasIdea","Scott Akenhead-hasIdea-graph database",NA,"","","active","2017-10-24",""
"66",21274,0,5527,320,"11210","0",653,"11233",NA,"hasIdea","Scott Akenhead-hasIdea-neo4j",NA,"","","active","2017-10-24",""
"67",21274,0,5528,320,"11210","0",625,"11233",NA,"hasIdea","Scott Akenhead-hasIdea-Cypher",NA,"","","active","2017-10-24",""
"68",21274,0,5529,320,"11210","0",670,"11233",NA,"hasIdea","Scott Akenhead-hasIdea-Salmon Net","activating DFO Salmon Net","","","active","2017-10-24",""
"69",21274,0,5530,362,"11210","0",668,"11233",NA,"hasIdea","Vesta Mather-hasIdea-river SONAR","SONAR enumeration especially in large river systems and in remote areas","","","active","2017-10-24",""
"70",21274,0,5531,362,"11210","0",647,"11233",NA,"hasIdea","Vesta Mather-hasIdea-juvenile salmon","juvenile salmon work/tools/assessment types","","","active","2017-10-24",""
