"","resourceLinkTypeID","resourceLinkSubTypeID","ID","fromResourceNodeID","fromResourceNodeTypeID","fromResourceNodeSubTypeID","toResourceNodeID","toResourceNodeTypeID","toResourceNodeSubTypeID","linkLabel","name","description","isPrimary","language","status","start_date","end_date"
"1",21227,0,2331,4,"11210","0",1137,"11214",NA,"hasActivity","Adam Silverstein-hasActivity-Habitat Restoration Metrics","Managing habitat restoration programming and funding","","","active","2017-10-24",""
"2",21227,0,2332,4,"11210","0",1189,"11214",NA,"hasActivity","Adam Silverstein-hasActivity-Enhancement and Stewardship","Manager","","","active","2017-10-24",""
"3",21227,0,2333,23,"11210","0",1138,"11214",NA,"hasActivity","Angela Stadel-hasActivity-Wild Salmon Policy","Coordination and guidance on Indigenous and stakeholder engagement in development of the Five year WSP implementation plan.","","","active","2017-10-24",""
"4",21227,0,2334,24,"11210","0",1139,"11214",NA,"hasActivity","Ann Susnik-hasActivity-FSC catch monitoring","Program manager for funding program to Indigenous groups","","","active","2017-10-24",""
"5",21227,0,2335,24,"11210","0",1190,"11214",NA,"hasActivity","Ann Susnik-hasActivity-Indigenous Stock Assessment","Program manager for funding program to Indigenous groups","","","active","2017-10-24",""
"6",21227,0,2336,24,"11210","0",1215,"11214",NA,"hasActivity","Ann Susnik-hasActivity-Aboriginal Fishery Guardian Program","Program manager for funding program to Indigenous groups","","","active","2017-10-24",""
"7",21227,0,2337,25,"11210","0",1140,"11214",NA,"hasActivity","Ann-Marie Huang-hasActivity-Fraser Sockeye Spawning Initiative","Project Lead (Science)","","","active","2017-10-24",""
"8",21227,0,2338,39,"11210","0",1141,"11214",NA,"hasActivity","Bob Devlin-hasActivity-Novel Organisms","Provide laboratory data revealing laboratory-based uncertainty","","","active","2017-10-24",""
"9",21227,0,2339,52,"11210","0",1142,"11214",NA,"hasActivity","Brittany Jenewein-hasActivity-Pacific Salmon FM",NA,"","","active","2017-10-24",""
"10",21227,0,2340,55,"11210","0",1143,"11214",NA,"hasActivity","Bruce Baxter-hasActivity-Salmon CU Maps","Data steward for Conservation Unit information","","","active","2017-10-24",""
"11",21227,0,2341,55,"11210","0",1191,"11214",NA,"hasActivity","Bruce Baxter-hasActivity-NuSEDS","Custodian for NuSEDS database including updating database and maintaining quality control","","","active","2017-10-24",""
"12",21227,0,2342,56,"11210","0",1144,"11214",NA,"hasActivity","Bruce Patten-hasActivity-Open Data","Section Head for data management group. Pacific region representative on DFO national committees and PICES.","","","active","2017-10-24",""
"13",21227,0,2343,64,"11210","0",1145,"11214",NA,"hasActivity","Carrie Holt-hasActivity-Revising CUs","Team member","","","active","2017-10-24",""
"14",21227,0,2344,64,"11210","0",1192,"11214",NA,"hasActivity","Carrie Holt-hasActivity-Strategies for Red-status CUs","Principle Investigator","","","active","2017-10-24",""
"15",21227,0,2345,64,"11210","0",1216,"11214",NA,"hasActivity","Carrie Holt-hasActivity-Habitat Benchmarks of CUs","Collaborator","","","active","2017-10-24",""
"16",21227,0,2346,67,"11210","0",1146,"11214",NA,"hasActivity","Chantal Nessman-hasActivity-CEDP Stewardship",NA,"","","active","2017-10-24",""
"17",21227,0,2347,70,"11210","0",1147,"11214",NA,"hasActivity","Chris McKindsey-hasActivity-Wild vs. Aquaculture Salmon","Scientific Authority","","","active","2017-10-24",""
"18",21227,0,2348,95,"11210","0",1148,"11214",NA,"hasActivity","David Cairns-hasActivity-Drone Maps","I fly the drone and I've developed the analytic workflow.","","","active","2017-10-24",""
"19",21227,0,2349,96,"11210","0",1149,"11214",NA,"hasActivity","David Hardie-hasActivity-Smolt predation studies","Lead","","","active","2017-10-24",""
"20",21227,0,2350,106,"11210","0",1150,"11214",NA,"hasActivity","Diana McHugh-hasActivity-Chinook Escapement Estimation","Scientific authority","","","active","2017-10-24",""
"21",21227,0,2351,106,"11210","0",1193,"11214",NA,"hasActivity","Diana McHugh-hasActivity-Roundtables and Treaty Groups","Technical support and escapement activity planning","","","active","2017-10-24",""
"22",21227,0,2352,113,"11210","0",1151,"11214",NA,"hasActivity","Eamon Miyagi-hasActivity-Field Surveys","program coordinator and field lead.","","","active","2017-10-24",""
"23",21227,0,2353,114,"11210","0",1152,"11214",NA,"hasActivity","Ed Walls-hasActivity-Release Timing: Chinook and Coho","Oversee hatchery programs and release timings","","","active","2017-10-24",""
"24",21227,0,2354,114,"11210","0",1194,"11214",NA,"hasActivity","Ed Walls-hasActivity-Quinsam and Campbell River Salmon","Decide when to let fish up river/into hatchery for brood/surplus ESSR","","","active","2017-10-24",""
"25",21227,0,2355,115,"11210","0",1138,"11214",NA,"hasActivity","Eddy Kennedy-hasActivity-Wild Salmon Policy",NA,"","","active","2017-10-24",""
"26",21227,0,2356,115,"11210","0",1195,"11214",NA,"hasActivity","Eddy Kennedy-hasActivity-Columbia River Treaty","Research Manager","","","active","2017-10-24",""
"27",21227,0,2357,115,"11210","0",1217,"11214",NA,"hasActivity","Eddy Kennedy-hasActivity-Salmon Freshwater Productivity","Research Manager","","","active","2017-10-24",""
"28",21227,0,2358,116,"11210","0",1154,"11214",NA,"hasActivity","Elan Park-hasActivity-Science Partnerships","my role is to take the existing research that is being done at PSEC and work with the Science Partners Team in the development of science partners. This could include bringing in world class science researchers to work on the identified science themes for PSEC.","","","active","2017-10-24",""
"29",21227,0,2359,120,"11210","0",1155,"11214",NA,"hasActivity","Erin Porszt-hasActivity-Hatchery Chinook Straying","One of the lead authors","","","active","2017-10-24",""
"30",21227,0,2360,135,"11210","0",1156,"11214",NA,"hasActivity","Greg Hornby-hasActivity-Commercial Catch Monitoring","Fishery Manager - currently part of the Pacific Region Commercial Salmon Catch Monitoring Working Group","","","active","2017-10-24",""
"31",21227,0,2361,142,"11210","0",1157,"11214",NA,"hasActivity","Helen Kerr-hasActivity-Recreational Fishery Transformation","Director of small team to engage user groups and draft possible new models for management","","","active","2017-10-24",""
"32",21227,0,2362,156,"11210","0",1158,"11214",NA,"hasActivity","James Weger-hasActivity-Salmonid Enhancement","Supervisor","","","active","2017-10-24",""
"33",21227,0,2363,159,"11210","0",1159,"11214",NA,"hasActivity","Jason Ladell-hasActivity-Pacific Salmon Issues","Science Advisor","","","active","2017-10-24",""
"34",21227,0,2364,160,"11210","0",1160,"11214",NA,"hasActivity","Jason Mahoney-hasActivity-Salmonid Enhancement Production Planning","Regional Lead Biologist","","","active","2017-10-24",""
"35",21227,0,2365,160,"11210","0",1196,"11214",NA,"hasActivity","Jason Mahoney-hasActivity-Salmon Enhancement Assessment","Regional Assessment Biologist","","","active","2017-10-24",""
"36",21227,0,2366,171,"11210","0",1161,"11214",NA,"hasActivity","Jim Irvine-hasActivity-International Year of the Salmon","Canadian (DFO) Lead","","","active","2017-10-24",""
"37",21227,0,2367,171,"11210","0",1197,"11214",NA,"hasActivity","Jim Irvine-hasActivity-Marine Salmon: Climate and Competition","Collaborator","","","active","2017-10-24",""
"38",21227,0,2368,178,"11210","0",1162,"11214",NA,"hasActivity","Joel Harding-hasActivity-Chinook and Chum Population Assessments","Scientific Authority and Project Lead","","","active","2017-10-24",""
"39",21227,0,2369,178,"11210","0",1198,"11214",NA,"hasActivity","Joel Harding-hasActivity-Bilateral Chinook/Chum Forecasts","Scientific authority and project lead for Canada.","","","active","2017-10-24",""
"40",21227,0,2370,192,"11210","0",1163,"11214",NA,"hasActivity","Julia Bradshaw-hasActivity-Net Pen Liver Disease","Coordinating sampling and inventory of samples.  Technical support.","","","active","2017-10-24",""
"41",21227,0,2371,192,"11210","0",1199,"11214",NA,"hasActivity","Julia Bradshaw-hasActivity-Juvenile Sockeye Health","Technical Support (virus screening), Field Support and Data Collection.","","","active","2017-10-24",""
"42",21227,0,2372,192,"11210","0",1218,"11214",NA,"hasActivity","Julia Bradshaw-hasActivity-Food and Growth in Sockeye","Technical support for experiment, sample preparation and molecular analysis.","","","active","2017-10-24",""
"43",21227,0,2373,196,"11210","0",1164,"11214",NA,"hasActivity","Karen Dunmall-hasActivity-Arctic Salmon","Lead","","","active","2017-10-24",""
"44",21227,0,2374,202,"11210","0",1165,"11214",NA,"hasActivity","Keith Clarke-hasActivity-Environmental stressors","Research Manager","","","active","2017-10-24",""
"45",21227,0,2375,202,"11210","0",1200,"11214",NA,"hasActivity","Keith Clarke-hasActivity-Habitat Compensation/Restoration","Research Manager","","","active","2017-10-24",""
"46",21227,0,2376,202,"11210","0",1219,"11214",NA,"hasActivity","Keith Clarke-hasActivity-Habitat Population Linkages","Reseach Manager","","","active","2017-10-24",""
"47",21227,0,2377,210,"11210","0",1166,"11214",NA,"hasActivity","Kerra Shaw-hasActivity-Marine Aquaculture","I am a subject matter expert for many aspects of marine finfish aqaculture.","","","active","2017-10-24",""
"48",21227,0,2378,236,"11210","0",1167,"11214",NA,"hasActivity","Lyse Godbout-hasActivity-Marine Growth Fraser Sockeye","Project lead","","","active","2017-10-24",""
"49",21227,0,2379,236,"11210","0",1201,"11214",NA,"hasActivity","Lyse Godbout-hasActivity-Early Marine Growth and Mortality","Project lead","","","active","2017-10-24",""
"50",21227,0,2380,236,"11210","0",1220,"11214",NA,"hasActivity","Lyse Godbout-hasActivity-Climate and Juvenile Salmon","Project lead","","","active","2017-10-24",""
"51",21227,0,2381,238,"11210","0",1168,"11214",NA,"hasActivity","Marc Trudel-hasActivity-Coastal Migration of Salmon","Principal investigator","","","active","2017-10-24",""
"52",21227,0,2382,238,"11210","0",1202,"11214",NA,"hasActivity","Marc Trudel-hasActivity-Salish Sea Marine Survival","Co-Principal Investigator","","","active","2017-10-24",""
"53",21227,0,2383,241,"11210","0",1169,"11214",NA,"hasActivity","Marilyn Helin-hasActivity-Tyee Test Fishery","Data entry of all salmon scale samples and salmon stream inspections for the North Coast and Central Coast.","","","active","2017-10-24",""
"54",21227,0,2384,241,"11210","0",1203,"11214",NA,"hasActivity","Marilyn Helin-hasActivity-Salmon Escapements: North/Central Coast","Collect all data from patrols, charters, and DFO staff. Enter that into database.","","","active","2017-10-24",""
"55",21227,0,2385,241,"11210","0",1221,"11214",NA,"hasActivity","Marilyn Helin-hasActivity-Salmon Escapement Data","Enter all data collected from patrolman, DFO staff, and First Nations Organizations in appropiate spreadsheet for areas inspected.","","","active","2017-10-24",""
"56",21227,0,2386,242,"11210","0",1170,"11214",NA,"hasActivity","Marina Milligan-hasActivity-Yukon River SONAR","Field Technician","","","active","2017-10-24",""
"57",21227,0,2387,242,"11210","0",1204,"11214",NA,"hasActivity","Marina Milligan-hasActivity-Juvenile Chinook Assessment","Technician","","","active","2017-10-24",""
"59",21227,0,2388,252,"11210","0",1172,"11214",NA,"hasActivity","Matt Mortimer-hasActivity-Sockeye Test Fisheries","As a Partner, I provide input and feedback as the Area B Seine Salmon Manager. Update and inform Departmental staff.","","","active","2017-10-24",""
"60",21227,0,2389,261,"11210","0",1173,"11214",NA,"hasActivity","Michael Scarratt-hasActivity-Pathogen Risk","scientific advisor","","","active","2017-10-24",""
"61",21227,0,2390,278,"11210","0",1174,"11214",NA,"hasActivity","Nicholas Komick-hasActivity-Chinook and Coho CWT","Implementation and Reporting","","","active","2017-10-24",""
"62",21227,0,2391,287,"11210","0",1175,"11214",NA,"hasActivity","Paul Chamberland-hasActivity-ARIS Sonar","Unit head","","","active","2017-10-24",""
"63",21227,0,2392,287,"11210","0",1205,"11214",NA,"hasActivity","Paul Chamberland-hasActivity-Survival of Smolts at Sea","Unit Head","","","active","2017-10-24",""
"64",21227,0,2393,287,"11210","0",1222,"11214",NA,"hasActivity","Paul Chamberland-hasActivity-Atlantic Salmon Supplementation","Unit Head","","","active","2017-10-24",""
"65",21227,0,2394,290,"11210","0",1176,"11214",NA,"hasActivity","Pedro Nilo-hasActivity-Marine mortality, Jacques-Cartier Salmon","Capture and handle smolts; track fish in estuaries and at sea; find migratory patterns and estimate survival","","","active","2017-10-24",""
"66",21227,0,2395,290,"11210","0",1206,"11214",NA,"hasActivity","Pedro Nilo-hasActivity-Sainte-Marguerite Smolts","Capture and handling smolts","","","active","2017-10-24",""
"67",21227,0,2396,290,"11210","0",1223,"11214",NA,"hasActivity","Pedro Nilo-hasActivity-Atlantic Salmon Juveniles Density Estimation","Capture and handle fish","","","active","2017-10-24",""
"68",21227,0,2397,293,"11210","0",1177,"11214",NA,"hasActivity","Peter Hall-hasActivity-Area 25 Roundtable","Fishery Manager - chair for weekly in-season conference calls","","","active","2017-10-24",""
"69",21227,0,2398,305,"11210","0",1178,"11214",NA,"hasActivity","Rob Brouwer-hasActivity-Salmon Genomics","Hatchery manager","","","active","2017-10-24",""
"70",21227,0,2399,308,"11210","0",1179,"11214",NA,"hasActivity","Robert Beaumaster-hasActivity-Fish Passage of Dams","Fishway Supervisor","","","active","2017-10-24",""
"71",21227,0,2400,308,"11210","0",1207,"11214",NA,"hasActivity","Robert Beaumaster-hasActivity-New Brunswick Smolt Migration.","Fishway Supervisor at Mactaquac Dam","","","active","2017-10-24",""
"72",21227,0,2401,308,"11210","0",1224,"11214",NA,"hasActivity","Robert Beaumaster-hasActivity-Smolt Survival at Sea","Field Technician for inner Bay and outer Bay of Fundy Atlantic Salmon rivers (33) under SARA act.","","","active","2017-10-24",""
"73",21227,0,2402,310,"11210","0",1180,"11214",NA,"hasActivity","Roger Wysocki-hasActivity-International Governance","National Manager","","","active","2017-10-24",""
"74",21227,0,2403,310,"11210","0",1208,"11214",NA,"hasActivity","Roger Wysocki-hasActivity-FSERP","National Manager","","","active","2017-10-24",""
"75",21227,0,2404,314,"11210","0",1181,"11214",NA,"hasActivity","Ryan Galbraith-hasActivity-Enhancement program planning","Regional management and leadership","","","active","2017-10-24",""
"76",21227,0,2405,314,"11210","0",1209,"11214",NA,"hasActivity","Ryan Galbraith-hasActivity-Enhancement Business Practices","Regional management and leadership","","","active","2017-10-24",""
"77",21227,0,2406,314,"11210","0",1225,"11214",NA,"hasActivity","Ryan Galbraith-hasActivity-SEP Integration","Regional management/leadership","","","active","2017-10-24",""
"78",21227,0,2407,320,"11210","0",1182,"11214",NA,"hasActivity","Scott Akenhead-hasActivity-Stock-Habitat-Recruit Models","Analyst, programmer, statistician","","","active","2017-10-24",""
"79",21227,0,2408,320,"11210","0",1210,"11214",NA,"hasActivity","Scott Akenhead-hasActivity-Columbia River Sockeye Smolts","Analyst, modeler, statisticians","","","active","2017-10-24",""
"80",21227,0,2409,323,"11210","0",1183,"11214",NA,"hasActivity","Scott Ducharme-hasActivity-Adult broodstock","Technial support - installation, monitoring, and maintenance.","","","active","2017-10-24",""
"81",21227,0,2410,323,"11210","0",1211,"11214",NA,"hasActivity","Scott Ducharme-hasActivity-Incubation Systems","Community Advisor - technical support, set up and general maintenace.","","","active","2017-10-24",""
"82",21227,0,2411,333,"11210","0",1184,"11214",NA,"hasActivity","Shaun Spenard-hasActivity-Salmon Spawning","Managing the requests of other branches within DFO","","","active","2017-10-24",""
"83",21227,0,2412,333,"11210","0",1212,"11214",NA,"hasActivity","Shaun Spenard-hasActivity-Enhancing Stocks For Assessment","Meet smolt targets, apply coded wire tags and adipose clips","","","active","2017-10-24",""
"84",21227,0,2413,333,"11210","0",1226,"11214",NA,"hasActivity","Shaun Spenard-hasActivity-Steelhead and Cutthroat Production","Receive and rear steelhead and cutthroat for the Freshwater Fisheries Society of BC","","","active","2017-10-24",""
"85",21227,0,2414,336,"11210","0",1185,"11214",NA,"hasActivity","Shelee Hamilton-hasActivity-Salmon Data Lifecycle","Salmon data lifecycle coordinator","","","active","2017-10-24",""
"86",21227,0,2415,348,"11210","0",1186,"11214",NA,"hasActivity","Stewart Johnson-hasActivity-Epidemiology NPLD","Project Lead","","","active","2017-10-24",""
"87",21227,0,2416,348,"11210","0",1213,"11214",NA,"hasActivity","Stewart Johnson-hasActivity-Hydro-acoustics: Juvenile Salmon","Team Member","","","active","2017-10-24",""
"88",21227,0,2417,349,"11210","0",1187,"11214",NA,"hasActivity","Strahan Tucker-hasActivity-Community Ecology Juvenile Salmon","I am providing input and expertise on survey design, sampling scope and analysis and will primarily be focused on data analysis and contributions to the primary literature.","","","active","2017-10-24",""
"89",21227,0,2418,349,"11210","0",1214,"11214",NA,"hasActivity","Strahan Tucker-hasActivity-Infections in Juvenile Salmon","analysis and interpretation","","","active","2017-10-24",""
"90",21227,0,2419,351,"11210","0",1188,"11214",NA,"hasActivity","Sue Grant-hasActivity-State of the Salmon","Program Lead","","","active","2017-10-24",""
