"","resourceLinkTypeID","resourceLinkSubTypeID","ID","fromResourceNodeID","fromResourceNodeTypeID","fromResourceNodeSubTypeID","toResourceNodeID","toResourceNodeTypeID","toResourceNodeSubTypeID","linkLabel","name","description","isPrimary","language","status","start_date","end_date"
"1",21215,0,2797,1,"11210","0",771,"11224",NA,"hasContactService","Aaron Burgoyne-hasContactService-Aaron Burgoyne","","","","active","2017-10-24",""
"2",21215,0,2798,2,"11210","0",772,"11224",NA,"hasContactService","Adam Bruno-hasContactService-Adam Bruno","","","","active","2017-10-24",""
"3",21215,0,2799,3,"11210","0",773,"11224",NA,"hasContactService","Adam Burns-hasContactService-Adam Burns","","","","active","2017-10-24",""
"4",21215,0,2800,4,"11210","0",774,"11224",NA,"hasContactService","Adam Silverstein-hasContactService-Adam Silverstein","","","","active","2017-10-24",""
"5",21215,0,2801,5,"11210","0",775,"11224",NA,"hasContactService","Adena Peters-hasContactService-Adena Peters","","","","active","2017-10-24",""
"6",21215,0,2802,6,"11210","0",776,"11224",NA,"hasContactService","Al Jonsson-hasContactService-Al Jonsson","","","","active","2017-10-24",""
"7",21215,0,2803,7,"11210","0",777,"11224",NA,"hasContactService","Alanna MacFarlane-hasContactService-Alanna MacFarlane","","","","active","2017-10-24",""
"8",21215,0,2804,8,"11210","0",778,"11224",NA,"hasContactService","Aleta Rushton-hasContactService-Aleta Rushton","","","","active","2017-10-24",""
"9",21215,0,2805,9,"11210","0",779,"11224",NA,"hasContactService","Alex Levy-hasContactService-Alex Levy","","","","active","2017-10-24",""
"10",21215,0,2806,10,"11210","0",780,"11224",NA,"hasContactService","Alfred Lavallee-hasContactService-Alfred Lavallee","","","","active","2017-10-24",""
"11",21215,0,2807,11,"11210","0",781,"11224",NA,"hasContactService","Allison Webb-hasContactService-Allison Webb","","","","active","2017-10-24",""
"12",21215,0,2808,12,"11210","0",782,"11224",NA,"hasContactService","Amanda Metz-hasContactService-Amanda Metz","","","","active","2017-10-24",""
"13",21215,0,2809,13,"11210","0",783,"11224",NA,"hasContactService","Andrea Goruk-hasContactService-Andrea Goruk","","","","active","2017-10-24",""
"14",21215,0,2810,14,"11210","0",784,"11224",NA,"hasContactService","Andrew Campbell-hasContactService-Andrew Campbell","","","","active","2017-10-24",""
"15",21215,0,2811,15,"11210","0",785,"11224",NA,"hasContactService","Andrew Grant-hasContactService-Andrew Grant","","","","active","2017-10-24",""
"16",21215,0,2812,16,"11210","0",786,"11224",NA,"hasContactService","Andrew MacDonald-hasContactService-Andrew MacDonald","","","","active","2017-10-24",""
"17",21215,0,2813,17,"11210","0",787,"11224",NA,"hasContactService","Andrew Pereboom-hasContactService-Andrew Pereboom","","","","active","2017-10-24",""
"18",21215,0,2814,18,"11210","0",788,"11224",NA,"hasContactService","Andrew Smith-hasContactService-Andrew Smith","","","","active","2017-10-24",""
"19",21215,0,2815,19,"11210","0",789,"11224",NA,"hasContactService","Andrew Thomson-hasContactService-Andrew Thomson","","","","active","2017-10-24",""
"20",21215,0,2816,20,"11210","0",790,"11224",NA,"hasContactService","Andy Carlick-hasContactService-Andy Carlick","","","","active","2017-10-24",""
"21",21215,0,2817,21,"11210","0",791,"11224",NA,"hasContactService","Andy Lewis-hasContactService-Andy Lewis","","","","active","2017-10-24",""
"22",21215,0,2818,22,"11210","0",792,"11224",NA,"hasContactService","Angela Bate-hasContactService-Angela Bate","","","","active","2017-10-24",""
"23",21215,0,2819,23,"11210","0",793,"11224",NA,"hasContactService","Angela Stadel-hasContactService-Angela Stadel","","","","active","2017-10-24",""
"24",21215,0,2820,24,"11210","0",794,"11224",NA,"hasContactService","Ann Susnik-hasContactService-Ann Susnik","","","","active","2017-10-24",""
"25",21215,0,2821,25,"11210","0",795,"11224",NA,"hasContactService","Ann-Marie Huang-hasContactService-Ann-Marie Huang","","","","active","2017-10-24",""
"26",21215,0,2822,26,"11210","0",796,"11224",NA,"hasContactService","Anna MacDonnell-hasContactService-Anna MacDonnell","","","","active","2017-10-24",""
"27",21215,0,2823,27,"11210","0",797,"11224",NA,"hasContactService","Antonio Velez-Espino-hasContactService-Antonio Velez-Espino","","","","active","2017-10-24",""
"28",21215,0,2824,28,"11210","0",798,"11224",NA,"hasContactService","Art Demsky-hasContactService-Art Demsky","","","","active","2017-10-24",""
"29",21215,0,2825,29,"11210","0",799,"11224",NA,"hasContactService","Ashley Uittenbogaard-hasContactService-Ashley Uittenbogaard","","","","active","2017-10-24",""
"30",21215,0,2826,30,"11210","0",800,"11224",NA,"hasContactService","Athena Ogden-hasContactService-Athena Ogden","","","","active","2017-10-24",""
"31",21215,0,2827,31,"11210","0",801,"11224",NA,"hasContactService","Averil Lamont-hasContactService-Averil Lamont","","","","active","2017-10-24",""
"32",21215,0,2828,32,"11210","0",802,"11224",NA,"hasContactService","Barbara Mueller-hasContactService-Barbara Mueller","","","","active","2017-10-24",""
"33",21215,0,2829,33,"11210","0",803,"11224",NA,"hasContactService","Barry Finnegan-hasContactService-Barry Finnegan","","","","active","2017-10-24",""
"34",21215,0,2830,34,"11210","0",804,"11224",NA,"hasContactService","Becky Graham-hasContactService-Becky Graham","","","","active","2017-10-24",""
"35",21215,0,2831,35,"11210","0",805,"11224",NA,"hasContactService","Beth Lenentine-hasContactService-Beth Lenentine","","","","active","2017-10-24",""
"36",21215,0,2832,36,"11210","0",806,"11224",NA,"hasContactService","Beth Pechter-hasContactService-Beth Pechter","","","","active","2017-10-24",""
"37",21215,0,2833,37,"11210","0",807,"11224",NA,"hasContactService","Bhagwant Sandhu-hasContactService-Bhagwant Sandhu","","","","active","2017-10-24",""
"38",21215,0,2834,38,"11210","0",808,"11224",NA,"hasContactService","Bill Waugh-hasContactService-Bill Waugh","","","","active","2017-10-24",""
"39",21215,0,2835,39,"11210","0",809,"11224",NA,"hasContactService","Bob Devlin-hasContactService-Bob Devlin","","","","active","2017-10-24",""
"40",21215,0,2836,40,"11210","0",810,"11224",NA,"hasContactService","Bob Stanton-hasContactService-Bob Stanton","","","","active","2017-10-24",""
"41",21215,0,2837,41,"11210","0",811,"11224",NA,"hasContactService","Bonnie Antcliffe-hasContactService-Bonnie Antcliffe","","","","active","2017-10-24",""
"42",21215,0,2838,42,"11210","0",812,"11224",NA,"hasContactService","Brad Beaith-hasContactService-Brad Beaith","","","","active","2017-10-24",""
"43",21215,0,2839,43,"11210","0",813,"11224",NA,"hasContactService","Brad Fanos-hasContactService-Brad Fanos","","","","active","2017-10-24",""
"44",21215,0,2840,44,"11210","0",814,"11224",NA,"hasContactService","Brad Wattie-hasContactService-Brad Wattie","","","","active","2017-10-24",""
"45",21215,0,2841,45,"11210","0",815,"11224",NA,"hasContactService","Bradley Koroluk-hasContactService-Bradley Koroluk","","","","active","2017-10-24",""
"46",21215,0,2842,46,"11210","0",816,"11224",NA,"hasContactService","Brenda Ridgway-hasContactService-Brenda Ridgway","","","","active","2017-10-24",""
"47",21215,0,2843,47,"11210","0",817,"11224",NA,"hasContactService","Brenda Wright-hasContactService-Brenda Wright","","","","active","2017-10-24",""
"48",21215,0,2844,48,"11210","0",818,"11224",NA,"hasContactService","Brian Dempson-hasContactService-Brian Dempson","","","","active","2017-10-24",""
"49",21215,0,2845,49,"11210","0",819,"11224",NA,"hasContactService","Brian Leaf-hasContactService-Brian Leaf","","","","active","2017-10-24",""
"50",21215,0,2846,50,"11210","0",820,"11224",NA,"hasContactService","Brian Matts-hasContactService-Brian Matts","","","","active","2017-10-24",""
"51",21215,0,2847,51,"11210","0",821,"11224",NA,"hasContactService","Brian Polchies-hasContactService-Brian Polchies","","","","active","2017-10-24",""
"52",21215,0,2848,52,"11210","0",822,"11224",NA,"hasContactService","Brittany Jenewein-hasContactService-Brittany Jenewein","","","","active","2017-10-24",""
"53",21215,0,2849,53,"11210","0",823,"11224",NA,"hasContactService","Bronwyn MacDonald-hasContactService-Bronwyn MacDonald","","","","active","2017-10-24",""
"54",21215,0,2850,54,"11210","0",824,"11224",NA,"hasContactService","Brooke Davis-hasContactService-Brooke Davis","","","","active","2017-10-24",""
"55",21215,0,2851,55,"11210","0",825,"11224",NA,"hasContactService","Bruce Baxter-hasContactService-Bruce Baxter","","","","active","2017-10-24",""
"56",21215,0,2852,56,"11210","0",826,"11224",NA,"hasContactService","Bruce Patten-hasContactService-Bruce Patten","","","","active","2017-10-24",""
"57",21215,0,2853,57,"11210","0",827,"11224",NA,"hasContactService","Bruce Whitehead-hasContactService-Bruce Whitehead","","","","active","2017-10-24",""
"58",21215,0,2854,58,"11210","0",828,"11224",NA,"hasContactService","Bryan Rusch-hasContactService-Bryan Rusch","","","","active","2017-10-24",""
"59",21215,0,2855,59,"11210","0",829,"11224",NA,"hasContactService","Carlos Martinez-hasContactService-Carlos Martinez","","","","active","2017-10-24",""
"60",21215,0,2856,60,"11210","0",830,"11224",NA,"hasContactService","Carmel Lowe-hasContactService-Carmel Lowe","","","","active","2017-10-24",""
"61",21215,0,2857,61,"11210","0",831,"11224",NA,"hasContactService","Carmen McConnell-hasContactService-Carmen McConnell","","","","active","2017-10-24",""
"62",21215,0,2858,62,"11210","0",832,"11224",NA,"hasContactService","Carole Grant-hasContactService-Carole Grant","","","","active","2017-10-24",""
"63",21215,0,2859,63,"11210","0",833,"11224",NA,"hasContactService","Carolyn Harvie-hasContactService-Carolyn Harvie","","","","active","2017-10-24",""
"64",21215,0,2860,64,"11210","0",834,"11224",NA,"hasContactService","Carrie Holt-hasContactService-Carrie Holt","","","","active","2017-10-24",""
"65",21215,0,2861,65,"11210","0",835,"11224",NA,"hasContactService","Cathy McClean-hasContactService-Cathy McClean","","","","active","2017-10-24",""
"66",21215,0,2862,66,"11210","0",836,"11224",NA,"hasContactService","Chad Ridley-hasContactService-Chad Ridley","","","","active","2017-10-24",""
"67",21215,0,2863,67,"11210","0",837,"11224",NA,"hasContactService","Chantal Nessman-hasContactService-Chantal Nessman","","","","active","2017-10-24",""
"68",21215,0,2864,68,"11210","0",838,"11224",NA,"hasContactService","Cheryl Webb-hasContactService-Cheryl Webb","","","","active","2017-10-24",""
"69",21215,0,2865,69,"11210","0",839,"11224",NA,"hasContactService","Chris Carr-hasContactService-Chris Carr","","","","active","2017-10-24",""
"70",21215,0,2866,70,"11210","0",840,"11224",NA,"hasContactService","Chris McKindsey-hasContactService-Chris McKindsey","","","","active","2017-10-24",""
"71",21215,0,2867,71,"11210","0",841,"11224",NA,"hasContactService","Christine Bukta-hasContactService-Christine Bukta","","","","active","2017-10-24",""
"72",21215,0,2868,72,"11210","0",842,"11224",NA,"hasContactService","Christine MacWilliams-hasContactService-Christine MacWilliams","","","","active","2017-10-24",""
"73",21215,0,2869,73,"11210","0",843,"11224",NA,"hasContactService","Christy Wilson-hasContactService-Christy Wilson","","","","active","2017-10-24",""
"74",21215,0,2870,74,"11210","0",844,"11224",NA,"hasContactService","Chrys Neville-hasContactService-Chrys Neville","","","","active","2017-10-24",""
"75",21215,0,2871,75,"11210","0",845,"11224",NA,"hasContactService","Chuck Parken-hasContactService-Chuck Parken","","","","active","2017-10-24",""
"76",21215,0,2872,76,"11210","0",846,"11224",NA,"hasContactService","Cindy Breau-hasContactService-Cindy Breau","","","","active","2017-10-24",""
"77",21215,0,2873,77,"11210","0",847,"11224",NA,"hasContactService","Cindy Wong-hasContactService-Cindy Wong","","","","active","2017-10-24",""
"78",21215,0,2874,78,"11210","0",848,"11224",NA,"hasContactService","Claude Fitzherbert-hasContactService-Claude Fitzherbert","","","","active","2017-10-24",""
"79",21215,0,2875,79,"11210","0",849,"11224",NA,"hasContactService","Colin Masson-hasContactService-Colin Masson","","","","active","2017-10-24",""
"80",21215,0,2876,80,"11210","0",850,"11224",NA,"hasContactService","Colin McGregor-hasContactService-Colin McGregor","","","","active","2017-10-24",""
"81",21215,0,2877,81,"11210","0",851,"11224",NA,"hasContactService","Colin Nettles-hasContactService-Colin Nettles","","","","active","2017-10-24",""
"82",21215,0,2878,82,"11210","0",852,"11224",NA,"hasContactService","Corey Martens-hasContactService-Corey Martens","","","","active","2017-10-24",""
"83",21215,0,2879,83,"11210","0",853,"11224",NA,"hasContactService","Corino Salomi-hasContactService-Corino Salomi","","","","active","2017-10-24",""
"84",21215,0,2880,84,"11210","0",854,"11224",NA,"hasContactService","Craig Keddy-hasContactService-Craig Keddy","","","","active","2017-10-24",""
"85",21215,0,2881,85,"11210","0",855,"11224",NA,"hasContactService","Cynthia Hawthorne-hasContactService-Cynthia Hawthorne","","","","active","2017-10-24",""
"86",21215,0,2882,86,"11210","0",856,"11224",NA,"hasContactService","Dale Desrochers-hasContactService-Dale Desrochers","","","","active","2017-10-24",""
"87",21215,0,2883,87,"11210","0",857,"11224",NA,"hasContactService","Dale Michie-hasContactService-Dale Michie","","","","active","2017-10-24",""
"88",21215,0,2884,88,"11210","0",858,"11224",NA,"hasContactService","Dan Selbie-hasContactService-Dan Selbie","","","","active","2017-10-24",""
"89",21215,0,2885,89,"11210","0",859,"11224",NA,"hasContactService","Daniel Caissie-hasContactService-Daniel Caissie","","","","active","2017-10-24",""
"90",21215,0,2886,90,"11210","0",860,"11224",NA,"hasContactService","Darcy McNicholl-hasContactService-Darcy McNicholl","","","","active","2017-10-24",""
"91",21215,0,2887,91,"11210","0",861,"11224",NA,"hasContactService","Darren Goetze-hasContactService-Darren Goetze","","","","active","2017-10-24",""
"92",21215,0,2888,92,"11210","0",862,"11224",NA,"hasContactService","Dave Davies-hasContactService-Dave Davies","","","","active","2017-10-24",""
"93",21215,0,2889,93,"11210","0",863,"11224",NA,"hasContactService","Dave Loop-hasContactService-Dave Loop","","","","active","2017-10-24",""
"94",21215,0,2890,94,"11210","0",864,"11224",NA,"hasContactService","Dave Nanson-hasContactService-Dave Nanson","","","","active","2017-10-24",""
"95",21215,0,2891,95,"11210","0",865,"11224",NA,"hasContactService","David Cairns-hasContactService-David Cairns","","","","active","2017-10-24",""
"96",21215,0,2892,96,"11210","0",866,"11224",NA,"hasContactService","David Hardie-hasContactService-David Hardie","","","","active","2017-10-24",""
"97",21215,0,2893,97,"11210","0",867,"11224",NA,"hasContactService","David O'Brien-hasContactService-David O'Brien","","","","active","2017-10-24",""
"98",21215,0,2894,98,"11210","0",868,"11224",NA,"hasContactService","David Patterson-hasContactService-David Patterson","","","","active","2017-10-24",""
"99",21215,0,2895,99,"11210","0",869,"11224",NA,"hasContactService","David Willis-hasContactService-David Willis","","","","active","2017-10-24",""
"100",21215,0,2896,100,"11210","0",870,"11224",NA,"hasContactService","Dawn Lewis-hasContactService-Dawn Lewis","","","","active","2017-10-24",""
"101",21215,0,2897,101,"11210","0",871,"11224",NA,"hasContactService","Dean Allan-hasContactService-Dean Allan","","","","active","2017-10-24",""
"102",21215,0,2898,102,"11210","0",872,"11224",NA,"hasContactService","Dennis Klassen-hasContactService-Dennis Klassen","","","","active","2017-10-24",""
"103",21215,0,2899,103,"11210","0",873,"11224",NA,"hasContactService","Denver Gilbert-hasContactService-Denver Gilbert","","","","active","2017-10-24",""
"104",21215,0,2900,104,"11210","0",874,"11224",NA,"hasContactService","Devona Adams-hasContactService-Devona Adams","","","","active","2017-10-24",""
"105",21215,0,2901,105,"11210","0",875,"11224",NA,"hasContactService","Diana Dobson-hasContactService-Diana Dobson","","","","active","2017-10-24",""
"106",21215,0,2902,106,"11210","0",876,"11224",NA,"hasContactService","Diana McHugh-hasContactService-Diana McHugh","","","","active","2017-10-24",""
"107",21215,0,2903,107,"11210","0",877,"11224",NA,"hasContactService","Diane Lavoie-hasContactService-Diane Lavoie","","","","active","2017-10-24",""
"108",21215,0,2904,108,"11210","0",878,"11224",NA,"hasContactService","Don MacKinlay-hasContactService-Don MacKinlay","","","","active","2017-10-24",""
"109",21215,0,2905,109,"11210","0",879,"11224",NA,"hasContactService","Don Radford-hasContactService-Don Radford","","","","active","2017-10-24",""
"110",21215,0,2906,110,"11210","0",880,"11224",NA,"hasContactService","Doug Bliss-hasContactService-Doug Bliss","","","","active","2017-10-24",""
"111",21215,0,2907,111,"11210","0",881,"11224",NA,"hasContactService","Doug Clift-hasContactService-Doug Clift","","","","active","2017-10-24",""
"112",21215,0,2908,112,"11210","0",882,"11224",NA,"hasContactService","Doug Herriott-hasContactService-Doug Herriott","","","","active","2017-10-24",""
"113",21215,0,2909,113,"11210","0",883,"11224",NA,"hasContactService","Eamon Miyagi-hasContactService-Eamon Miyagi","","","","active","2017-10-24",""
"114",21215,0,2910,114,"11210","0",884,"11224",NA,"hasContactService","Ed Walls-hasContactService-Ed Walls","","","","active","2017-10-24",""
"115",21215,0,2911,115,"11210","0",885,"11224",NA,"hasContactService","Eddy Kennedy-hasContactService-Eddy Kennedy","","","","active","2017-10-24",""
"116",21215,0,2912,116,"11210","0",886,"11224",NA,"hasContactService","Elan Park-hasContactService-Elan Park","","","","active","2017-10-24",""
"117",21215,0,2913,117,"11210","0",887,"11224",NA,"hasContactService","Erica Blake-hasContactService-Erica Blake","","","","active","2017-10-24",""
"118",21215,0,2914,118,"11210","0",888,"11224",NA,"hasContactService","Erik Grundmann-hasContactService-Erik Grundmann","","","","active","2017-10-24",""
"119",21215,0,2915,119,"11210","0",889,"11224",NA,"hasContactService","Erin Dunne-hasContactService-Erin Dunne","","","","active","2017-10-24",""
"120",21215,0,2916,120,"11210","0",890,"11224",NA,"hasContactService","Erin Porszt-hasContactService-Erin Porszt","","","","active","2017-10-24",""
"121",21215,0,2917,121,"11210","0",891,"11224",NA,"hasContactService","Frank Corbett-hasContactService-Frank Corbett","","","","active","2017-10-24",""
"122",21215,0,2918,122,"11210","0",892,"11224",NA,"hasContactService","Frank Quinn-hasContactService-Frank Quinn","","","","active","2017-10-24",""
"123",21215,0,2919,123,"11210","0",893,"11224",NA,"hasContactService","Fred Phelan-hasContactService-Fred Phelan","","","","active","2017-10-24",""
"124",21215,0,2920,124,"11210","0",894,"11224",NA,"hasContactService","Frederic Butruille-hasContactService-Frederic Butruille","","","","active","2017-10-24",""
"125",21215,0,2921,125,"11210","0",895,"11224",NA,"hasContactService","Garrett Lidin-hasContactService-Garrett Lidin","","","","active","2017-10-24",""
"126",21215,0,2922,126,"11210","0",896,"11224",NA,"hasContactService","Garry Zwack-hasContactService-Garry Zwack","","","","active","2017-10-24",""
"127",21215,0,2923,127,"11210","0",897,"11224",NA,"hasContactService","Gary Miller-hasContactService-Gary Miller","","","","active","2017-10-24",""
"128",21215,0,2924,128,"11210","0",898,"11224",NA,"hasContactService","Gary Whitlock-hasContactService-Gary Whitlock","","","","active","2017-10-24",""
"129",21215,0,2925,129,"11210","0",899,"11224",NA,"hasContactService","Gayle Brown-hasContactService-Gayle Brown","","","","active","2017-10-24",""
"130",21215,0,2926,130,"11210","0",900,"11224",NA,"hasContactService","Geoff Perry-hasContactService-Geoff Perry","","","","active","2017-10-24",""
"131",21215,0,2927,131,"11210","0",901,"11224",NA,"hasContactService","Geoff Veinott-hasContactService-Geoff Veinott","","","","active","2017-10-24",""
"132",21215,0,2928,132,"11210","0",902,"11224",NA,"hasContactService","Gerald Chaput-hasContactService-Gerald Chaput","","","","active","2017-10-24",""
"133",21215,0,2929,133,"11210","0",903,"11224",NA,"hasContactService","Gilles Paulin-hasContactService-Gilles Paulin","","","","active","2017-10-24",""
"134",21215,0,2930,134,"11210","0",904,"11224",NA,"hasContactService","Gilles Verret-hasContactService-Gilles Verret","","","","active","2017-10-24",""
"135",21215,0,2931,135,"11210","0",905,"11224",NA,"hasContactService","Greg Hornby-hasContactService-Greg Hornby","","","","active","2017-10-24",""
"136",21215,0,2932,136,"11210","0",906,"11224",NA,"hasContactService","Greg Perley-hasContactService-Greg Perley","","","","active","2017-10-24",""
"137",21215,0,2933,137,"11210","0",907,"11224",NA,"hasContactService","Greg Schuler-hasContactService-Greg Schuler","","","","active","2017-10-24",""
"138",21215,0,2934,138,"11210","0",908,"11224",NA,"hasContactService","Gregor Reid-hasContactService-Gregor Reid","","","","active","2017-10-24",""
"139",21215,0,2935,139,"11210","0",909,"11224",NA,"hasContactService","Guy Brown-hasContactService-Guy Brown","","","","active","2017-10-24",""
"140",21215,0,2936,140,"11210","0",910,"11224",NA,"hasContactService","Haakon Hammer-hasContactService-Haakon Hammer","","","","active","2017-10-24",""
"141",21215,0,2937,141,"11210","0",911,"11224",NA,"hasContactService","Heather Braun-hasContactService-Heather Braun","","","","active","2017-10-24",""
"142",21215,0,2938,142,"11210","0",912,"11224",NA,"hasContactService","Helen Kerr-hasContactService-Helen Kerr","","","","active","2017-10-24",""
"143",21215,0,2939,143,"11210","0",913,"11224",NA,"hasContactService","Helen Olynyk-hasContactService-Helen Olynyk","","","","active","2017-10-24",""
"144",21215,0,2940,144,"11210","0",914,"11224",NA,"hasContactService","Herb Redekopp-hasContactService-Herb Redekopp","","","","active","2017-10-24",""
"145",21215,0,2941,145,"11210","0",915,"11224",NA,"hasContactService","Hunter Atwin-hasContactService-Hunter Atwin","","","","active","2017-10-24",""
"146",21215,0,2942,146,"11210","0",916,"11224",NA,"hasContactService","Ian Barnes-hasContactService-Ian Barnes","","","","active","2017-10-24",""
"147",21215,0,2943,147,"11210","0",917,"11224",NA,"hasContactService","Ian Boyce-hasContactService-Ian Boyce","","","","active","2017-10-24",""
"148",21215,0,2944,148,"11210","0",918,"11224",NA,"hasContactService","Ian Bradbury-hasContactService-Ian Bradbury","","","","active","2017-10-24",""
"149",21215,0,2945,149,"11210","0",919,"11224",NA,"hasContactService","Ian Matthews-hasContactService-Ian Matthews","","","","active","2017-10-24",""
"150",21215,0,2946,150,"11210","0",920,"11224",NA,"hasContactService","Ian Perry-hasContactService-Ian Perry","","","","active","2017-10-24",""
"151",21215,0,2947,151,"11210","0",921,"11224",NA,"hasContactService","Ivan Benwell-hasContactService-Ivan Benwell","","","","active","2017-10-24",""
"152",21215,0,2948,152,"11210","0",922,"11224",NA,"hasContactService","Ivan Winther-hasContactService-Ivan Winther","","","","active","2017-10-24",""
"153",21215,0,2949,153,"11210","0",923,"11224",NA,"hasContactService","Jackie Kean-hasContactService-Jackie Kean","","","","active","2017-10-24",""
"154",21215,0,2950,154,"11210","0",924,"11224",NA,"hasContactService","Jackie King-hasContactService-Jackie King","","","","active","2017-10-24",""
"155",21215,0,2951,155,"11210","0",925,"11224",NA,"hasContactService","James Bell-hasContactService-James Bell","","","","active","2017-10-24",""
"156",21215,0,2952,156,"11210","0",926,"11224",NA,"hasContactService","James Weger-hasContactService-James Weger","","","","active","2017-10-24",""
"157",21215,0,2953,157,"11210","0",927,"11224",NA,"hasContactService","Jamie Scroggie-hasContactService-Jamie Scroggie","","","","active","2017-10-24",""
"158",21215,0,2954,158,"11210","0",928,"11224",NA,"hasContactService","Jason Evans-hasContactService-Jason Evans","","","","active","2017-10-24",""
"159",21215,0,2955,159,"11210","0",929,"11224",NA,"hasContactService","Jason Ladell-hasContactService-Jason Ladell","","","","active","2017-10-24",""
"160",21215,0,2956,160,"11210","0",930,"11224",NA,"hasContactService","Jason Mahoney-hasContactService-Jason Mahoney","","","","active","2017-10-24",""
"161",21215,0,2957,161,"11210","0",931,"11224",NA,"hasContactService","Jayme Hills-hasContactService-Jayme Hills","","","","active","2017-10-24",""
"162",21215,0,2958,162,"11210","0",932,"11224",NA,"hasContactService","Jeff Grout-hasContactService-Jeff Grout","","","","active","2017-10-24",""
"163",21215,0,2959,163,"11210","0",933,"11224",NA,"hasContactService","Jeff Jung-hasContactService-Jeff Jung","","","","active","2017-10-24",""
"164",21215,0,2960,164,"11210","0",934,"11224",NA,"hasContactService","Jeff Radford-hasContactService-Jeff Radford","","","","active","2017-10-24",""
"165",21215,0,2961,165,"11210","0",935,"11224",NA,"hasContactService","Jeff Till-hasContactService-Jeff Till","","","","active","2017-10-24",""
"166",21215,0,2962,166,"11210","0",936,"11224",NA,"hasContactService","Jeffrey Lemieux-hasContactService-Jeffrey Lemieux","","","","active","2017-10-24",""
"167",21215,0,2963,167,"11210","0",937,"11224",NA,"hasContactService","Jennifer Nener-hasContactService-Jennifer Nener","","","","active","2017-10-24",""
"168",21215,0,2964,168,"11210","0",938,"11224",NA,"hasContactService","Jeremy Mothus-hasContactService-Jeremy Mothus","","","","active","2017-10-24",""
"169",21215,0,2965,169,"11210","0",939,"11224",NA,"hasContactService","Jeremy Smith-hasContactService-Jeremy Smith","","","","active","2017-10-24",""
"170",21215,0,2966,170,"11210","0",940,"11224",NA,"hasContactService","Jim Echols-hasContactService-Jim Echols","","","","active","2017-10-24",""
"171",21215,0,2967,171,"11210","0",941,"11224",NA,"hasContactService","Jim Irvine-hasContactService-Jim Irvine","","","","active","2017-10-24",""
"172",21215,0,2968,172,"11210","0",942,"11224",NA,"hasContactService","Jim Krivanek-hasContactService-Jim Krivanek","","","","active","2017-10-24",""
"173",21215,0,2969,173,"11210","0",943,"11224",NA,"hasContactService","Joan Bennett-hasContactService-Joan Bennett","","","","active","2017-10-24",""
"174",21215,0,2970,174,"11210","0",944,"11224",NA,"hasContactService","Joanne Lawrence-hasContactService-Joanne Lawrence","","","","active","2017-10-24",""
"175",21215,0,2971,175,"11210","0",945,"11224",NA,"hasContactService","Jody Mackenzie-Grieve-hasContactService-Jody Mackenzie-Grieve","","","","active","2017-10-24",""
"176",21215,0,2972,176,"11210","0",946,"11224",NA,"hasContactService","Joe Sheasgreen-hasContactService-Joe Sheasgreen","","","","active","2017-10-24",""
"177",21215,0,2973,177,"11210","0",947,"11224",NA,"hasContactService","Joe Tadey-hasContactService-Joe Tadey","","","","active","2017-10-24",""
"178",21215,0,2974,178,"11210","0",948,"11224",NA,"hasContactService","Joel Harding-hasContactService-Joel Harding","","","","active","2017-10-24",""
"179",21215,0,2975,179,"11210","0",949,"11224",NA,"hasContactService","Joel Sawada-hasContactService-Joel Sawada","","","","active","2017-10-24",""
"180",21215,0,2976,180,"11210","0",950,"11224",NA,"hasContactService","John Candy-hasContactService-John Candy","","","","active","2017-10-24",""
"181",21215,0,2977,181,"11210","0",951,"11224",NA,"hasContactService","John Hayward-hasContactService-John Hayward","","","","active","2017-10-24",""
"182",21215,0,2978,182,"11210","0",952,"11224",NA,"hasContactService","John Holmes-hasContactService-John Holmes","","","","active","2017-10-24",""
"183",21215,0,2979,183,"11210","0",953,"11224",NA,"hasContactService","John Mallery-hasContactService-John Mallery","","","","active","2017-10-24",""
"184",21215,0,2980,184,"11210","0",954,"11224",NA,"hasContactService","John Morris-hasContactService-John Morris","","","","active","2017-10-24",""
"185",21215,0,2981,185,"11210","0",955,"11224",NA,"hasContactService","John Webb-hasContactService-John Webb","","","","active","2017-10-24",""
"186",21215,0,2982,186,"11210","0",956,"11224",NA,"hasContactService","John Whitelaw-hasContactService-John Whitelaw","","","","active","2017-10-24",""
"187",21215,0,2983,187,"11210","0",957,"11224",NA,"hasContactService","John Willis-hasContactService-John Willis","","","","active","2017-10-24",""
"188",21215,0,2984,188,"11210","0",958,"11224",NA,"hasContactService","Johnny Sembsmoen-hasContactService-Johnny Sembsmoen","","","","active","2017-10-24",""
"189",21215,0,2985,189,"11210","0",959,"11224",NA,"hasContactService","Jonathan Bulcock-hasContactService-Jonathan Bulcock","","","","active","2017-10-24",""
"190",21215,0,2986,190,"11210","0",960,"11224",NA,"hasContactService","Jonathan Fershau-hasContactService-Jonathan Fershau","","","","active","2017-10-24",""
"191",21215,0,2987,191,"11210","0",961,"11224",NA,"hasContactService","Jonathan Joe-hasContactService-Jonathan Joe","","","","active","2017-10-24",""
"192",21215,0,2988,192,"11210","0",962,"11224",NA,"hasContactService","Julia Bradshaw-hasContactService-Julia Bradshaw","","","","active","2017-10-24",""
"193",21215,0,2989,193,"11210","0",963,"11224",NA,"hasContactService","Justine Mannion-hasContactService-Justine Mannion","","","","active","2017-10-24",""
"194",21215,0,2990,194,"11210","0",964,"11224",NA,"hasContactService","Karen Burnett-hasContactService-Karen Burnett","","","","active","2017-10-24",""
"195",21215,0,2991,195,"11210","0",965,"11224",NA,"hasContactService","Karen Calla-hasContactService-Karen Calla","","","","active","2017-10-24",""
"196",21215,0,2992,196,"11210","0",966,"11224",NA,"hasContactService","Karen Dunmall-hasContactService-Karen Dunmall","","","","active","2017-10-24",""
"197",21215,0,2993,197,"11210","0",967,"11224",NA,"hasContactService","Karen Okahori-hasContactService-Karen Okahori","","","","active","2017-10-24",""
"198",21215,0,2994,198,"11210","0",968,"11224",NA,"hasContactService","Karen Vaudry-hasContactService-Karen Vaudry","","","","active","2017-10-24",""
"199",21215,0,2995,199,"11210","0",969,"11224",NA,"hasContactService","Kari Underhill-hasContactService-Kari Underhill","","","","active","2017-10-24",""
"200",21215,0,2996,200,"11210","0",970,"11224",NA,"hasContactService","Karin Mathias-hasContactService-Karin Mathias","","","","active","2017-10-24",""
"201",21215,0,2997,201,"11210","0",971,"11224",NA,"hasContactService","Kathy Fraser-hasContactService-Kathy Fraser","","","","active","2017-10-24",""
"202",21215,0,2998,202,"11210","0",972,"11224",NA,"hasContactService","Keith Clarke-hasContactService-Keith Clarke","","","","active","2017-10-24",""
"203",21215,0,2999,203,"11210","0",973,"11224",NA,"hasContactService","Kelcy Tousignant-hasContactService-Kelcy Tousignant","","","","active","2017-10-24",""
"204",21215,0,3000,204,"11210","0",974,"11224",NA,"hasContactService","Kelly Malange-hasContactService-Kelly Malange","","","","active","2017-10-24",""
"205",21215,0,3001,205,"11210","0",975,"11224",NA,"hasContactService","Ken Green-hasContactService-Ken Green","","","","active","2017-10-24",""
"206",21215,0,3002,206,"11210","0",976,"11224",NA,"hasContactService","Kendra Holt-hasContactService-Kendra Holt","","","","active","2017-10-24",""
"207",21215,0,3003,207,"11210","0",977,"11224",NA,"hasContactService","Kent Smedbol-hasContactService-Kent Smedbol","","","","active","2017-10-24",""
"208",21215,0,3004,208,"11210","0",978,"11224",NA,"hasContactService","Kent Spencer-hasContactService-Kent Spencer","","","","active","2017-10-24",""
"209",21215,0,3005,209,"11210","0",979,"11224",NA,"hasContactService","Keri Benner-hasContactService-Keri Benner","","","","active","2017-10-24",""
"210",21215,0,3006,210,"11210","0",980,"11224",NA,"hasContactService","Kerra Shaw-hasContactService-Kerra Shaw","","","","active","2017-10-24",""
"211",21215,0,3007,211,"11210","0",981,"11224",NA,"hasContactService","Kevin Conley-hasContactService-Kevin Conley","","","","active","2017-10-24",""
"212",21215,0,3008,212,"11210","0",982,"11224",NA,"hasContactService","Kevin Pellett-hasContactService-Kevin Pellett","","","","active","2017-10-24",""
"213",21215,0,3009,213,"11210","0",983,"11224",NA,"hasContactService","Kim Houston-hasContactService-Kim Houston","","","","active","2017-10-24",""
"214",21215,0,3010,214,"11210","0",984,"11224",NA,"hasContactService","Kim Hyatt-hasContactService-Kim Hyatt","","","","active","2017-10-24",""
"215",21215,0,3011,215,"11210","0",985,"11224",NA,"hasContactService","Kirby Rietze-hasContactService-Kirby Rietze","","","","active","2017-10-24",""
"216",21215,0,3012,216,"11210","0",986,"11224",NA,"hasContactService","Kris Hein-hasContactService-Kris Hein","","","","active","2017-10-24",""
"217",21215,0,3013,217,"11210","0",987,"11224",NA,"hasContactService","Kris Hunter-hasContactService-Kris Hunter","","","","active","2017-10-24",""
"218",21215,0,3014,218,"11210","0",988,"11224",NA,"hasContactService","Kristi Miller-Saunders-hasContactService-Kristi Miller-Saunders","","","","active","2017-10-24",""
"219",21215,0,3015,219,"11210","0",989,"11224",NA,"hasContactService","Laura Brown-hasContactService-Laura Brown","","","","active","2017-10-24",""
"220",21215,0,3016,220,"11210","0",990,"11224",NA,"hasContactService","Laura Chase-hasContactService-Laura Chase","","","","active","2017-10-24",""
"221",21215,0,3017,221,"11210","0",991,"11224",NA,"hasContactService","Laura Terry-hasContactService-Laura Terry","","","","active","2017-10-24",""
"222",21215,0,3018,222,"11210","0",992,"11224",NA,"hasContactService","Lee Kearey-hasContactService-Lee Kearey","","","","active","2017-10-24",""
"223",21215,0,3019,223,"11210","0",993,"11224",NA,"hasContactService","Lei Harris-hasContactService-Lei Harris","","","","active","2017-10-24",""
"224",21215,0,3020,224,"11210","0",994,"11224",NA,"hasContactService","Leroy Anderson-hasContactService-Leroy Anderson","","","","active","2017-10-24",""
"225",21215,0,3021,225,"11210","0",995,"11224",NA,"hasContactService","Les Clint-hasContactService-Les Clint","","","","active","2017-10-24",""
"226",21215,0,3022,226,"11210","0",996,"11224",NA,"hasContactService","Lesley MacDougall-hasContactService-Lesley MacDougall","","","","active","2017-10-24",""
"227",21215,0,3023,227,"11210","0",997,"11224",NA,"hasContactService","Linda Stevens-hasContactService-Linda Stevens","","","","active","2017-10-24",""
"228",21215,0,3024,228,"11210","0",998,"11224",NA,"hasContactService","Lisa Kerr-hasContactService-Lisa Kerr","","","","active","2017-10-24",""
"229",21215,0,3025,229,"11210","0",999,"11224",NA,"hasContactService","Lorne Frisson-hasContactService-Lorne Frisson","","","","active","2017-10-24",""
"230",21215,0,3026,230,"11210","0",1000,"11224",NA,"hasContactService","Lother Kunze-hasContactService-Lother Kunze","","","","active","2017-10-24",""
"231",21215,0,3027,231,"11210","0",1001,"11224",NA,"hasContactService","Louise de Mestral-hasContactService-Louise de Mestral","","","","active","2017-10-24",""
"232",21215,0,3028,232,"11210","0",1002,"11224",NA,"hasContactService","Louise Naylor-hasContactService-Louise Naylor","","","","active","2017-10-24",""
"233",21215,0,3029,233,"11210","0",1003,"11224",NA,"hasContactService","Louvi Whyte-hasContactService-Louvi Whyte","","","","active","2017-10-24",""
"234",21215,0,3030,234,"11210","0",1004,"11224",NA,"hasContactService","Lucas Pon-hasContactService-Lucas Pon","","","","active","2017-10-24",""
"235",21215,0,3031,235,"11210","0",1005,"11224",NA,"hasContactService","Lynda Ritchie-hasContactService-Lynda Ritchie","","","","active","2017-10-24",""
"236",21215,0,3032,236,"11210","0",1006,"11224",NA,"hasContactService","Lyse Godbout-hasContactService-Lyse Godbout","","","","active","2017-10-24",""
"237",21215,0,3033,237,"11210","0",1007,"11224",NA,"hasContactService","Marc Lecouffe-hasContactService-Marc Lecouffe","","","","active","2017-10-24",""
"238",21215,0,3034,238,"11210","0",1008,"11224",NA,"hasContactService","Marc Trudel-hasContactService-Marc Trudel","","","","active","2017-10-24",""
"239",21215,0,3035,239,"11210","0",1009,"11224",NA,"hasContactService","Margaret Wright-hasContactService-Margaret Wright","","","","active","2017-10-24",""
"240",21215,0,3036,240,"11210","0",1010,"11224",NA,"hasContactService","Margot Stockwell-hasContactService-Margot Stockwell","","","","active","2017-10-24",""
"241",21215,0,3037,241,"11210","0",1011,"11224",NA,"hasContactService","Marilyn Helin-hasContactService-Marilyn Helin","","","","active","2017-10-24",""
"242",21215,0,3038,242,"11210","0",1012,"11224",NA,"hasContactService","Marina Milligan-hasContactService-Marina Milligan","","","","active","2017-10-24",""
"243",21215,0,3039,243,"11210","0",1013,"11224",NA,"hasContactService","Mark McFarland-hasContactService-Mark McFarland","","","","active","2017-10-24",""
"244",21215,0,3040,244,"11210","0",1014,"11224",NA,"hasContactService","Mark Potyrala-hasContactService-Mark Potyrala","","","","active","2017-10-24",""
"245",21215,0,3041,245,"11210","0",1015,"11224",NA,"hasContactService","Markus Feldhoff-hasContactService-Markus Feldhoff","","","","active","2017-10-24",""
"246",21215,0,3042,246,"11210","0",1016,"11224",NA,"hasContactService","Marla Maxwell-hasContactService-Marla Maxwell","","","","active","2017-10-24",""
"247",21215,0,3043,247,"11210","0",1017,"11224",NA,"hasContactService","Martha Robertson-hasContactService-Martha Robertson","","","","active","2017-10-24",""
"248",21215,0,3044,248,"11210","0",1018,"11224",NA,"hasContactService","Marthe Berube-hasContactService-Marthe Berube","","","","active","2017-10-24",""
"249",21215,0,3045,249,"11210","0",1019,"11224",NA,"hasContactService","Martin Castonguay-hasContactService-Martin Castonguay","","","","active","2017-10-24",""
"250",21215,0,3046,250,"11210","0",1020,"11224",NA,"hasContactService","Mary Ellen Jarvis-hasContactService-Mary Ellen Jarvis","","","","active","2017-10-24",""
"251",21215,0,3047,251,"11210","0",1021,"11224",NA,"hasContactService","Mary Thiess-hasContactService-Mary Thiess","","","","active","2017-10-24",""
"252",21215,0,3048,252,"11210","0",1022,"11224",NA,"hasContactService","Matt Mortimer-hasContactService-Matt Mortimer","","","","active","2017-10-24",""
"253",21215,0,3049,253,"11210","0",1023,"11224",NA,"hasContactService","Matthew Novak-hasContactService-Matthew Novak","","","","active","2017-10-24",""
"254",21215,0,3050,254,"11210","0",1024,"11224",NA,"hasContactService","Matthew Parslow-hasContactService-Matthew Parslow","","","","active","2017-10-24",""
"255",21215,0,3051,255,"11210","0",1025,"11224",NA,"hasContactService","Matthew Townsend-hasContactService-Matthew Townsend","","","","active","2017-10-24",""
"256",21215,0,3052,256,"11210","0",1026,"11224",NA,"hasContactService","Megan Wilson-hasContactService-Megan Wilson","","","","active","2017-10-24",""
"257",21215,0,3053,257,"11210","0",1027,"11224",NA,"hasContactService","Mel Kotyk-hasContactService-Mel Kotyk","","","","active","2017-10-24",""
"258",21215,0,3054,258,"11210","0",1028,"11224",NA,"hasContactService","Merv Mochizuki-hasContactService-Merv Mochizuki","","","","active","2017-10-24",""
"259",21215,0,3055,259,"11210","0",1029,"11224",NA,"hasContactService","Michael Folkes-hasContactService-Michael Folkes","","","","active","2017-10-24",""
"260",21215,0,3056,260,"11210","0",1030,"11224",NA,"hasContactService","Michael O'Brien-hasContactService-Michael O'Brien","","","","active","2017-10-24",""
"261",21215,0,3057,261,"11210","0",1031,"11224",NA,"hasContactService","Michael Scarratt-hasContactService-Michael Scarratt","","","","active","2017-10-24",""
"262",21215,0,3058,262,"11210","0",1032,"11224",NA,"hasContactService","Michel Arsenault-hasContactService-Michel Arsenault","","","","active","2017-10-24",""
"263",21215,0,3059,263,"11210","0",1033,"11224",NA,"hasContactService","Michel Biron-hasContactService-Michel Biron","","","","active","2017-10-24",""
"264",21215,0,3060,264,"11210","0",1034,"11224",NA,"hasContactService","Mike Austin-hasContactService-Mike Austin","","","","active","2017-10-24",""
"265",21215,0,3061,265,"11210","0",1035,"11224",NA,"hasContactService","Mike Bradford-hasContactService-Mike Bradford","","","","active","2017-10-24",""
"266",21215,0,3062,266,"11210","0",1036,"11224",NA,"hasContactService","Mike Carlson-hasContactService-Mike Carlson","","","","active","2017-10-24",""
"267",21215,0,3063,267,"11210","0",1037,"11224",NA,"hasContactService","Mike Crowe-hasContactService-Mike Crowe","","","","active","2017-10-24",""
"268",21215,0,3064,268,"11210","0",1038,"11224",NA,"hasContactService","Mike Goguen-hasContactService-Mike Goguen","","","","active","2017-10-24",""
"269",21215,0,3065,269,"11210","0",1039,"11224",NA,"hasContactService","Mike Hawkshaw-hasContactService-Mike Hawkshaw","","","","active","2017-10-24",""
"270",21215,0,3066,270,"11210","0",1040,"11224",NA,"hasContactService","Mike Jakubowski-hasContactService-Mike Jakubowski","","","","active","2017-10-24",""
"271",21215,0,3067,271,"11210","0",1041,"11224",NA,"hasContactService","Mike Spence-hasContactService-Mike Spence","","","","active","2017-10-24",""
"272",21215,0,3068,272,"11210","0",1042,"11224",NA,"hasContactService","Mike Thorburne-hasContactService-Mike Thorburne","","","","active","2017-10-24",""
"273",21215,0,3069,273,"11210","0",1043,"11224",NA,"hasContactService","Mitchell Harborne-hasContactService-Mitchell Harborne","","","","active","2017-10-24",""
"274",21215,0,3070,274,"11210","0",1044,"11224",NA,"hasContactService","Murray Manson-hasContactService-Murray Manson","","","","active","2017-10-24",""
"275",21215,0,3071,275,"11210","0",1045,"11224",NA,"hasContactService","Nathan Millar-hasContactService-Nathan Millar","","","","active","2017-10-24",""
"276",21215,0,3072,276,"11210","0",1046,"11224",NA,"hasContactService","Nathan Taylor-hasContactService-Nathan Taylor","","","","active","2017-10-24",""
"277",21215,0,3073,277,"11210","0",1047,"11224",NA,"hasContactService","Neil Jantz-hasContactService-Neil Jantz","","","","active","2017-10-24",""
"278",21215,0,3074,278,"11210","0",1048,"11224",NA,"hasContactService","Nicholas Komick-hasContactService-Nicholas Komick","","","","active","2017-10-24",""
"279",21215,0,3075,279,"11210","0",1049,"11224",NA,"hasContactService","Nick Leone-hasContactService-Nick Leone","","","","active","2017-10-24",""
"280",21215,0,3076,280,"11210","0",1050,"11224",NA,"hasContactService","Nicki Watson-hasContactService-Nicki Watson","","","","active","2017-10-24",""
"281",21215,0,3077,281,"11210","0",1051,"11224",NA,"hasContactService","Nicole Gallant-hasContactService-Nicole Gallant","","","","active","2017-10-24",""
"282",21215,0,3078,282,"11210","0",1052,"11224",NA,"hasContactService","Nicole Trouton-hasContactService-Nicole Trouton","","","","active","2017-10-24",""
"283",21215,0,3079,283,"11210","0",1053,"11224",NA,"hasContactService","Paige Ackerman-hasContactService-Paige Ackerman","","","","active","2017-10-24",""
"284",21215,0,3080,284,"11210","0",1054,"11224",NA,"hasContactService","Patricia Edwards-hasContactService-Patricia Edwards","","","","active","2017-10-24",""
"285",21215,0,3081,285,"11210","0",1055,"11224",NA,"hasContactService","Patrick OReilly-hasContactService-Patrick OReilly","","","","active","2017-10-24",""
"286",21215,0,3082,286,"11210","0",1056,"11224",NA,"hasContactService","Patrik Zetterberg-hasContactService-Patrik Zetterberg","","","","active","2017-10-24",""
"287",21215,0,3083,287,"11210","0",1057,"11224",NA,"hasContactService","Paul Chamberland-hasContactService-Paul Chamberland","","","","active","2017-10-24",""
"288",21215,0,3084,288,"11210","0",1058,"11224",NA,"hasContactService","Paul Preston-hasContactService-Paul Preston","","","","active","2017-10-24",""
"289",21215,0,3085,289,"11210","0",1059,"11224",NA,"hasContactService","Paul Welch-hasContactService-Paul Welch","","","","active","2017-10-24",""
"290",21215,0,3086,290,"11210","0",1060,"11224",NA,"hasContactService","Pedro Nilo-hasContactService-Pedro Nilo","","","","active","2017-10-24",""
"291",21215,0,3087,291,"11210","0",1061,"11224",NA,"hasContactService","Pete Campbell-hasContactService-Pete Campbell","","","","active","2017-10-24",""
"292",21215,0,3088,292,"11210","0",1062,"11224",NA,"hasContactService","Pete Etherton-hasContactService-Pete Etherton","","","","active","2017-10-24",""
"293",21215,0,3089,293,"11210","0",1063,"11224",NA,"hasContactService","Peter Hall-hasContactService-Peter Hall","","","","active","2017-10-24",""
"294",21215,0,3090,294,"11210","0",1064,"11224",NA,"hasContactService","Peter Katinic-hasContactService-Peter Katinic","","","","active","2017-10-24",""
"295",21215,0,3091,295,"11210","0",1065,"11224",NA,"hasContactService","Philippe Beaulieu-hasContactService-Philippe Beaulieu","","","","active","2017-10-24",""
"296",21215,0,3092,296,"11210","0",1066,"11224",NA,"hasContactService","Pieter Van Will-hasContactService-Pieter Van Will","","","","active","2017-10-24",""
"297",21215,0,3093,297,"11210","0",1067,"11224",NA,"hasContactService","Rebecca Reid-hasContactService-Rebecca Reid","","","","active","2017-10-24",""
"298",21215,0,3094,298,"11210","0",1068,"11224",NA,"hasContactService","Reid Schrul-hasContactService-Reid Schrul","","","","active","2017-10-24",""
"299",21215,0,3095,299,"11210","0",1069,"11224",NA,"hasContactService","Renelle Doucette-hasContactService-Renelle Doucette","","","","active","2017-10-24",""
"300",21215,0,3096,300,"11210","0",1070,"11224",NA,"hasContactService","Richard Bailey-hasContactService-Richard Bailey","","","","active","2017-10-24",""
"301",21215,0,3097,301,"11210","0",1071,"11224",NA,"hasContactService","Richard Gerard-hasContactService-Richard Gerard","","","","active","2017-10-24",""
"302",21215,0,3098,302,"11210","0",1072,"11224",NA,"hasContactService","Rick Rempel-hasContactService-Rick Rempel","","","","active","2017-10-24",""
"303",21215,0,3099,303,"11210","0",1073,"11224",NA,"hasContactService","Rob Bell-Irving-hasContactService-Rob Bell-Irving","","","","active","2017-10-24",""
"304",21215,0,3100,304,"11210","0",1074,"11224",NA,"hasContactService","Rob Bemister-hasContactService-Rob Bemister","","","","active","2017-10-24",""
"305",21215,0,3101,305,"11210","0",1075,"11224",NA,"hasContactService","Rob Brouwer-hasContactService-Rob Brouwer","","","","active","2017-10-24",""
"306",21215,0,3102,306,"11210","0",1076,"11224",NA,"hasContactService","Rob Houtman-hasContactService-Rob Houtman","","","","active","2017-10-24",""
"307",21215,0,3103,307,"11210","0",1077,"11224",NA,"hasContactService","Rob Schaefer-hasContactService-Rob Schaefer","","","","active","2017-10-24",""
"308",21215,0,3104,308,"11210","0",1078,"11224",NA,"hasContactService","Robert Beaumaster-hasContactService-Robert Beaumaster","","","","active","2017-10-24",""
"309",21215,0,3105,309,"11210","0",1079,"11224",NA,"hasContactService","Robyn Forrest-hasContactService-Robyn Forrest","","","","active","2017-10-24",""
"310",21215,0,3106,310,"11210","0",1080,"11224",NA,"hasContactService","Roger Wysocki-hasContactService-Roger Wysocki","","","","active","2017-10-24",""
"311",21215,0,3107,311,"11210","0",1081,"11224",NA,"hasContactService","Ron Goruk-hasContactService-Ron Goruk","","","","active","2017-10-24",""
"312",21215,0,3108,312,"11210","0",1082,"11224",NA,"hasContactService","Ross Jones-hasContactService-Ross Jones","","","","active","2017-10-24",""
"313",21215,0,3109,313,"11210","0",1083,"11224",NA,"hasContactService","Ruth Withler-hasContactService-Ruth Withler","","","","active","2017-10-24",""
"314",21215,0,3110,314,"11210","0",1084,"11224",NA,"hasContactService","Ryan Galbraith-hasContactService-Ryan Galbraith","","","","active","2017-10-24",""
"315",21215,0,3111,315,"11210","0",1085,"11224",NA,"hasContactService","Sandra Davies-hasContactService-Sandra Davies","","","","active","2017-10-24",""
"316",21215,0,3112,316,"11210","0",1086,"11224",NA,"hasContactService","Sandy Devcic-hasContactService-Sandy Devcic","","","","active","2017-10-24",""
"317",21215,0,3113,317,"11210","0",1087,"11224",NA,"hasContactService","Sarah Hawkshaw-hasContactService-Sarah Hawkshaw","","","","active","2017-10-24",""
"318",21215,0,3114,318,"11210","0",1088,"11224",NA,"hasContactService","Sarah Murdoch-hasContactService-Sarah Murdoch","","","","active","2017-10-24",""
"319",21215,0,3115,319,"11210","0",1089,"11224",NA,"hasContactService","Sarah Tuziak-hasContactService-Sarah Tuziak","","","","active","2017-10-24",""
"320",21215,0,3116,320,"11210","0",1090,"11224",NA,"hasContactService","Scott Akenhead-hasContactService-Scott Akenhead","","","","active","2017-10-24",""
"321",21215,0,3117,321,"11210","0",1091,"11224",NA,"hasContactService","Scott Decker-hasContactService-Scott Decker","","","","active","2017-10-24",""
"322",21215,0,3118,322,"11210","0",1092,"11224",NA,"hasContactService","Scott Douglas-hasContactService-Scott Douglas","","","","active","2017-10-24",""
"323",21215,0,3119,323,"11210","0",1093,"11224",NA,"hasContactService","Scott Ducharme-hasContactService-Scott Ducharme","","","","active","2017-10-24",""
"324",21215,0,3120,324,"11210","0",1094,"11224",NA,"hasContactService","Scott Melville-hasContactService-Scott Melville","","","","active","2017-10-24",""
"325",21215,0,3121,325,"11210","0",1095,"11224",NA,"hasContactService","Sean Collins-hasContactService-Sean Collins","","","","active","2017-10-24",""
"326",21215,0,3122,326,"11210","0",1096,"11224",NA,"hasContactService","Sean Dolan-hasContactService-Sean Dolan","","","","active","2017-10-24",""
"327",21215,0,3123,327,"11210","0",1097,"11224",NA,"hasContactService","Sean Stark-hasContactService-Sean Stark","","","","active","2017-10-24",""
"328",21215,0,3124,328,"11210","0",1098,"11224",NA,"hasContactService","Serge Doucet-hasContactService-Serge Doucet","","","","active","2017-10-24",""
"329",21215,0,3125,329,"11210","0",1099,"11224",NA,"hasContactService","Shane Kalyn-hasContactService-Shane Kalyn","","","","active","2017-10-24",""
"330",21215,0,3126,330,"11210","0",1100,"11224",NA,"hasContactService","Shannon Anderson-hasContactService-Shannon Anderson","","","","active","2017-10-24",""
"331",21215,0,3127,331,"11210","0",1101,"11224",NA,"hasContactService","Sharan Johal-hasContactService-Sharan Johal","","","","active","2017-10-24",""
"332",21215,0,3128,332,"11210","0",1102,"11224",NA,"hasContactService","Shaun Davies-hasContactService-Shaun Davies","","","","active","2017-10-24",""
"333",21215,0,3129,333,"11210","0",1103,"11224",NA,"hasContactService","Shaun Spenard-hasContactService-Shaun Spenard","","","","active","2017-10-24",""
"334",21215,0,3130,334,"11210","0",1104,"11224",NA,"hasContactService","Shawn McFarland-hasContactService-Shawn McFarland","","","","active","2017-10-24",""
"335",21215,0,3131,335,"11210","0",1105,"11224",NA,"hasContactService","Sheldon Evers-hasContactService-Sheldon Evers","","","","active","2017-10-24",""
"336",21215,0,3132,336,"11210","0",1106,"11224",NA,"hasContactService","Shelee Hamilton-hasContactService-Shelee Hamilton","","","","active","2017-10-24",""
"337",21215,0,3133,337,"11210","0",1107,"11224",NA,"hasContactService","Sherisse McWilliam-hasContactService-Sherisse McWilliam","","","","active","2017-10-24",""
"338",21215,0,3134,338,"11210","0",1108,"11224",NA,"hasContactService","Sherri Schmidt-hasContactService-Sherri Schmidt","","","","active","2017-10-24",""
"339",21215,0,3135,339,"11210","0",1109,"11224",NA,"hasContactService","Sophie Leblanc-hasContactService-Sophie Leblanc","","","","active","2017-10-24",""
"340",21215,0,3136,340,"11210","0",1110,"11224",NA,"hasContactService","Stacey Larsen-hasContactService-Stacey Larsen","","","","active","2017-10-24",""
"341",21215,0,3137,341,"11210","0",1111,"11224",NA,"hasContactService","Stefan Howarth-hasContactService-Stefan Howarth","","","","active","2017-10-24",""
"342",21215,0,3138,342,"11210","0",1112,"11224",NA,"hasContactService","Steve Cox-Rogers-hasContactService-Steve Cox-Rogers","","","","active","2017-10-24",""
"343",21215,0,3139,343,"11210","0",1113,"11224",NA,"hasContactService","Steve Emmonds-hasContactService-Steve Emmonds","","","","active","2017-10-24",""
"344",21215,0,3140,344,"11210","0",1114,"11224",NA,"hasContactService","Steve Gotch-hasContactService-Steve Gotch","","","","active","2017-10-24",""
"345",21215,0,3141,345,"11210","0",1115,"11224",NA,"hasContactService","Steve MacDonald-hasContactService-Steve MacDonald","","","","active","2017-10-24",""
"346",21215,0,3142,346,"11210","0",1116,"11224",NA,"hasContactService","Steve Smith-hasContactService-Steve Smith","","","","active","2017-10-24",""
"347",21215,0,3143,347,"11210","0",1117,"11224",NA,"hasContactService","Steven Leadbeater-hasContactService-Steven Leadbeater","","","","active","2017-10-24",""
"348",21215,0,3144,348,"11210","0",1118,"11224",NA,"hasContactService","Stewart Johnson-hasContactService-Stewart Johnson","","","","active","2017-10-24",""
"349",21215,0,3145,349,"11210","0",1119,"11224",NA,"hasContactService","Strahan Tucker-hasContactService-Strahan Tucker","","","","active","2017-10-24",""
"350",21215,0,3146,350,"11210","0",1120,"11224",NA,"hasContactService","Stuart LePage-hasContactService-Stuart LePage","","","","active","2017-10-24",""
"351",21215,0,3147,351,"11210","0",1121,"11224",NA,"hasContactService","Sue Grant-hasContactService-Sue Grant","","","","active","2017-10-24",""
"352",21215,0,3148,352,"11210","0",1122,"11224",NA,"hasContactService","Sue Lemke-hasContactService-Sue Lemke","","","","active","2017-10-24",""
"353",21215,0,3149,353,"11210","0",1123,"11224",NA,"hasContactService","Tanya Vivian-hasContactService-Tanya Vivian","","","","active","2017-10-24",""
"354",21215,0,3150,354,"11210","0",1124,"11224",NA,"hasContactService","Terry Beacham-hasContactService-Terry Beacham","","","","active","2017-10-24",""
"355",21215,0,3151,355,"11210","0",1125,"11224",NA,"hasContactService","Tim Pankratz-hasContactService-Tim Pankratz","","","","active","2017-10-24",""
"356",21215,0,3152,356,"11210","0",1126,"11224",NA,"hasContactService","Timber Whitehouse-hasContactService-Timber Whitehouse","","","","active","2017-10-24",""
"357",21215,0,3153,357,"11210","0",1127,"11224",NA,"hasContactService","Tony Rathbone-hasContactService-Tony Rathbone","","","","active","2017-10-24",""
"358",21215,0,3154,358,"11210","0",1128,"11224",NA,"hasContactService","Tracy Cone-hasContactService-Tracy Cone","","","","active","2017-10-24",""
"359",21215,0,3155,359,"11210","0",1129,"11224",NA,"hasContactService","Travis Desy-hasContactService-Travis Desy","","","","active","2017-10-24",""
"360",21215,0,3156,360,"11210","0",1130,"11224",NA,"hasContactService","Tyler Collie-hasContactService-Tyler Collie","","","","active","2017-10-24",""
"361",21215,0,3157,361,"11210","0",1131,"11224",NA,"hasContactService","Tyler Zubkowski-hasContactService-Tyler Zubkowski","","","","active","2017-10-24",""
"362",21215,0,3158,362,"11210","0",1132,"11224",NA,"hasContactService","Vesta Mather-hasContactService-Vesta Mather","","","","active","2017-10-24",""
"363",21215,0,3159,363,"11210","0",1133,"11224",NA,"hasContactService","Vince Sealy-hasContactService-Vince Sealy","","","","active","2017-10-24",""
"364",21215,0,3160,364,"11210","0",1134,"11224",NA,"hasContactService","Wayne Fairchild-hasContactService-Wayne Fairchild","","","","active","2017-10-24",""
"365",21215,0,3161,365,"11210","0",1135,"11224",NA,"hasContactService","Wilf Luedke-hasContactService-Wilf Luedke","","","","active","2017-10-24",""
"366",21215,0,3162,366,"11210","0",1136,"11224",NA,"hasContactService","Zach Trefry-hasContactService-Zach Trefry","","","","active","2017-10-24",""
