"","resourceNodeTypeID","resourceNodeSubTypeID","ID","label","name","description","status","start_date","end_date","nameString","first_name","last_name"
"1","11210","0",1,"Aaron Burgoyne","","","active","2017-01-24","","Aaron Burgoyne","Aaron","Burgoyne"
"2","11210","0",2,"Adam Bruno","","","active","2017-01-24","","Adam Bruno","Adam","Bruno"
"3","11210","0",3,"Adam Burns","","","active","2017-01-24","","Adam Burns","Adam","Burns"
"4","11210","0",4,"Adam Silverstein","","","active","2017-01-24","","Adam Silverstein","Adam","Silverstein"
"5","11210","0",5,"Adena Peters","","","active","2017-01-24","","Adena Peters","Adena","Peters"
"6","11210","0",6,"Al Jonsson","","","active","2017-01-24","","Al Jonsson","Al","Jonsson"
"7","11210","0",7,"Alanna MacFarlane","","","active","2017-01-24","","Alanna MacFarlane","Alanna","MacFarlane"
"8","11210","0",8,"Aleta Rushton","","","active","2017-01-24","","Aleta Rushton","Aleta","Rushton"
"9","11210","0",9,"Alex Levy","","","active","2017-01-24","","Alex Levy","Alex","Levy"
"10","11210","0",10,"Alfred Lavallee","","","active","2017-01-24","","Alfred Lavallee","Alfred","Lavallee"
"11","11210","0",11,"Allison Webb","","","active","2017-01-24","","Allison Webb","Allison","Webb"
"12","11210","0",12,"Amanda Metz","","","active","2017-01-24","","Amanda Metz","Amanda","Metz"
"13","11210","0",13,"Andrea Goruk","","","active","2017-01-24","","Andrea Goruk","Andrea","Goruk"
"14","11210","0",14,"Andrew Campbell","","","active","2017-01-24","","Andrew Campbell","Andrew","Campbell"
"15","11210","0",15,"Andrew Grant","","","active","2017-01-24","","Andrew Grant","Andrew","Grant"
"16","11210","0",16,"Andrew MacDonald","","","active","2017-01-24","","Andrew MacDonald","Andrew","MacDonald"
"17","11210","0",17,"Andrew Pereboom","","","active","2017-01-24","","Andrew Pereboom","Andrew","Pereboom"
"18","11210","0",18,"Andrew Smith","","","active","2017-01-24","","Andrew Smith","Andrew","Smith"
"19","11210","0",19,"Andrew Thomson","","","active","2017-01-24","","Andrew Thomson","Andrew","Thomson"
"20","11210","0",20,"Andy Carlick","","","active","2017-01-24","","Andy Carlick","Andy","Carlick"
"21","11210","0",21,"Andy Lewis","","","active","2017-01-24","","Andy Lewis","Andy","Lewis"
"22","11210","0",22,"Angela Bate","","","active","2017-01-24","","Angela Bate","Angela","Bate"
"23","11210","0",23,"Angela Stadel","","","active","2017-01-24","","Angela Stadel","Angela","Stadel"
"24","11210","0",24,"Ann Susnik","","","active","2017-01-24","","Ann Susnik","Ann","Susnik"
"25","11210","0",25,"Ann-Marie Huang","","","active","2017-01-24","","Ann-Marie Huang","Ann-Marie","Huang"
"26","11210","0",26,"Anna MacDonnell","","","active","2017-01-24","","Anna MacDonnell","Anna","MacDonnell"
"27","11210","0",27,"Antonio Velez-Espino","","","active","2017-01-24","","Antonio Velez-Espino","Antonio","Velez-Espino"
"28","11210","0",28,"Art Demsky","","","active","2017-01-24","","Art Demsky","Art","Demsky"
"29","11210","0",29,"Ashley Uittenbogaard","","","active","2017-01-24","","Ashley Uittenbogaard","Ashley","Uittenbogaard"
"30","11210","0",30,"Athena Ogden","","","active","2017-01-24","","Athena Ogden","Athena","Ogden"
"31","11210","0",31,"Averil Lamont","","","active","2017-01-24","","Averil Lamont","Averil","Lamont"
"32","11210","0",32,"Barbara Mueller","","","active","2017-01-24","","Barbara Mueller","Barbara","Mueller"
"33","11210","0",33,"Barry Finnegan","","","active","2017-01-24","","Barry Finnegan","Barry","Finnegan"
"34","11210","0",34,"Becky Graham","","","active","2017-01-24","","Becky Graham","Becky","Graham"
"35","11210","0",35,"Beth Lenentine","","","active","2017-01-24","","Beth Lenentine","Beth","Lenentine"
"36","11210","0",36,"Beth Pechter","","","active","2017-01-24","","Beth Pechter","Beth","Pechter"
"37","11210","0",37,"Bhagwant Sandhu","","","active","2017-01-24","","Bhagwant Sandhu","Bhagwant","Sandhu"
"38","11210","0",38,"Bill Waugh","","","active","2017-01-24","","Bill Waugh","Bill","Waugh"
"39","11210","0",39,"Bob Devlin","","","active","2017-01-24","","Bob Devlin","Bob","Devlin"
"40","11210","0",40,"Bob Stanton","","","active","2017-01-24","","Bob Stanton","Bob","Stanton"
"41","11210","0",41,"Bonnie Antcliffe","","","active","2017-01-24","","Bonnie Antcliffe","Bonnie","Antcliffe"
"42","11210","0",42,"Brad Beaith","","","active","2017-01-24","","Brad Beaith","Brad","Beaith"
"43","11210","0",43,"Brad Fanos","","","active","2017-01-24","","Brad Fanos","Brad","Fanos"
"44","11210","0",44,"Brad Wattie","","","active","2017-01-24","","Brad Wattie","Brad","Wattie"
"45","11210","0",45,"Bradley Koroluk","","","active","2017-01-24","","Bradley Koroluk","Bradley","Koroluk"
"46","11210","0",46,"Brenda Ridgway","","","active","2017-01-24","","Brenda Ridgway","Brenda","Ridgway"
"47","11210","0",47,"Brenda Wright","","","active","2017-01-24","","Brenda Wright","Brenda","Wright"
"48","11210","0",48,"Brian Dempson","","","active","2017-01-24","","Brian Dempson","Brian","Dempson"
"49","11210","0",49,"Brian Leaf","","","active","2017-01-24","","Brian Leaf","Brian","Leaf"
"50","11210","0",50,"Brian Matts","","","active","2017-01-24","","Brian Matts","Brian","Matts"
"51","11210","0",51,"Brian Polchies","","","active","2017-01-24","","Brian Polchies","Brian","Polchies"
"52","11210","0",52,"Brittany Jenewein","","","active","2017-01-24","","Brittany Jenewein","Brittany","Jenewein"
"53","11210","0",53,"Bronwyn MacDonald","","","active","2017-01-24","","Bronwyn MacDonald","Bronwyn","MacDonald"
"54","11210","0",54,"Brooke Davis","","","active","2017-01-24","","Brooke Davis","Brooke","Davis"
"55","11210","0",55,"Bruce Baxter","","","active","2017-01-24","","Bruce Baxter","Bruce","Baxter"
"56","11210","0",56,"Bruce Patten","","","active","2017-01-24","","Bruce Patten","Bruce","Patten"
"57","11210","0",57,"Bruce Whitehead","","","active","2017-01-24","","Bruce Whitehead","Bruce","Whitehead"
"58","11210","0",58,"Bryan Rusch","","","active","2017-01-24","","Bryan Rusch","Bryan","Rusch"
"59","11210","0",59,"Carlos Martinez","","","active","2017-01-24","","Carlos Martinez","Carlos","Martinez"
"60","11210","0",60,"Carmel Lowe","","","active","2017-01-24","","Carmel Lowe","Carmel","Lowe"
"61","11210","0",61,"Carmen McConnell","","","active","2017-01-24","","Carmen McConnell","Carmen","McConnell"
"62","11210","0",62,"Carole Grant","","","active","2017-01-24","","Carole Grant","Carole","Grant"
"63","11210","0",63,"Carolyn Harvie","","","active","2017-01-24","","Carolyn Harvie","Carolyn","Harvie"
"64","11210","0",64,"Carrie Holt","","","active","2017-01-24","","Carrie Holt","Carrie","Holt"
"65","11210","0",65,"Cathy McClean","","","active","2017-01-24","","Cathy McClean","Cathy","McClean"
"66","11210","0",66,"Chad Ridley","","","active","2017-01-24","","Chad Ridley","Chad","Ridley"
"67","11210","0",67,"Chantal Nessman","","","active","2017-01-24","","Chantal Nessman","Chantal","Nessman"
"68","11210","0",68,"Cheryl Webb","","","active","2017-01-24","","Cheryl Webb","Cheryl","Webb"
"69","11210","0",69,"Chris Carr","","","active","2017-01-24","","Chris Carr","Chris","Carr"
"70","11210","0",70,"Chris McKindsey","","","active","2017-01-24","","Chris McKindsey","Chris","McKindsey"
"71","11210","0",71,"Christine Bukta","","","active","2017-01-24","","Christine Bukta","Christine","Bukta"
"72","11210","0",72,"Christine MacWilliams","","","active","2017-01-24","","Christine MacWilliams","Christine","MacWilliams"
"73","11210","0",73,"Christy Wilson","","","active","2017-01-24","","Christy Wilson","Christy","Wilson"
"74","11210","0",74,"Chrys Neville","","","active","2017-01-24","","Chrys Neville","Chrys","Neville"
"75","11210","0",75,"Chuck Parken","","","active","2017-01-24","","Chuck Parken","Chuck","Parken"
"76","11210","0",76,"Cindy Breau","","","active","2017-01-24","","Cindy Breau","Cindy","Breau"
"77","11210","0",77,"Cindy Wong","","","active","2017-01-24","","Cindy Wong","Cindy","Wong"
"78","11210","0",78,"Claude Fitzherbert","","","active","2017-01-24","","Claude Fitzherbert","Claude","Fitzherbert"
"79","11210","0",79,"Colin Masson","","","active","2017-01-24","","Colin Masson","Colin","Masson"
"80","11210","0",80,"Colin McGregor","","","active","2017-01-24","","Colin McGregor","Colin","McGregor"
"81","11210","0",81,"Colin Nettles","","","active","2017-01-24","","Colin Nettles","Colin","Nettles"
"82","11210","0",82,"Corey Martens","","","active","2017-01-24","","Corey Martens","Corey","Martens"
"83","11210","0",83,"Corino Salomi","","","active","2017-01-24","","Corino Salomi","Corino","Salomi"
"84","11210","0",84,"Craig Keddy","","","active","2017-01-24","","Craig Keddy","Craig","Keddy"
"85","11210","0",85,"Cynthia Hawthorne","","","active","2017-01-24","","Cynthia Hawthorne","Cynthia","Hawthorne"
"86","11210","0",86,"Dale Desrochers","","","active","2017-01-24","","Dale Desrochers","Dale","Desrochers"
"87","11210","0",87,"Dale Michie","","","active","2017-01-24","","Dale Michie","Dale","Michie"
"88","11210","0",88,"Dan Selbie","","","active","2017-01-24","","Dan Selbie","Dan","Selbie"
"89","11210","0",89,"Daniel Caissie","","","active","2017-01-24","","Daniel Caissie","Daniel","Caissie"
"90","11210","0",90,"Darcy McNicholl","","","active","2017-01-24","","Darcy McNicholl","Darcy","McNicholl"
"91","11210","0",91,"Darren Goetze","","","active","2017-01-24","","Darren Goetze","Darren","Goetze"
"92","11210","0",92,"Dave Davies","","","active","2017-01-24","","Dave Davies","Dave","Davies"
"93","11210","0",93,"Dave Loop","","","active","2017-01-24","","Dave Loop","Dave","Loop"
"94","11210","0",94,"Dave Nanson","","","active","2017-01-24","","Dave Nanson","Dave","Nanson"
"95","11210","0",95,"David Cairns","","","active","2017-01-24","","David Cairns","David","Cairns"
"96","11210","0",96,"David Hardie","","","active","2017-01-24","","David Hardie","David","Hardie"
"97","11210","0",97,"David O'Brien","","","active","2017-01-24","","David O'Brien","David","O'Brien"
"98","11210","0",98,"David Patterson","","","active","2017-01-24","","David Patterson","David","Patterson"
"99","11210","0",99,"David Willis","","","active","2017-01-24","","David Willis","David","Willis"
"100","11210","0",100,"Dawn Lewis","","","active","2017-01-24","","Dawn Lewis","Dawn","Lewis"
"101","11210","0",101,"Dean Allan","","","active","2017-01-24","","Dean Allan","Dean","Allan"
"102","11210","0",102,"Dennis Klassen","","","active","2017-01-24","","Dennis Klassen","Dennis","Klassen"
"103","11210","0",103,"Denver Gilbert","","","active","2017-01-24","","Denver Gilbert","Denver","Gilbert"
"104","11210","0",104,"Devona Adams","","","active","2017-01-24","","Devona Adams","Devona","Adams"
"105","11210","0",105,"Diana Dobson","","","active","2017-01-24","","Diana Dobson","Diana","Dobson"
"106","11210","0",106,"Diana McHugh","","","active","2017-01-24","","Diana McHugh","Diana","McHugh"
"107","11210","0",107,"Diane Lavoie","","","active","2017-01-24","","Diane Lavoie","Diane","Lavoie"
"108","11210","0",108,"Don MacKinlay","","","active","2017-01-24","","Don MacKinlay","Don","MacKinlay"
"109","11210","0",109,"Don Radford","","","active","2017-01-24","","Don Radford","Don","Radford"
"110","11210","0",110,"Doug Bliss","","","active","2017-01-24","","Doug Bliss","Doug","Bliss"
"111","11210","0",111,"Doug Clift","","","active","2017-01-24","","Doug Clift","Doug","Clift"
"112","11210","0",112,"Doug Herriott","","","active","2017-01-24","","Doug Herriott","Doug","Herriott"
"113","11210","0",113,"Eamon Miyagi","","","active","2017-01-24","","Eamon Miyagi","Eamon","Miyagi"
"114","11210","0",114,"Ed Walls","","","active","2017-01-24","","Ed Walls","Ed","Walls"
"115","11210","0",115,"Eddy Kennedy","","","active","2017-01-24","","Eddy Kennedy","Eddy","Kennedy"
"116","11210","0",116,"Elan Park","","","active","2017-01-24","","Elan Park","Elan","Park"
"117","11210","0",117,"Erica Blake","","","active","2017-01-24","","Erica Blake","Erica","Blake"
"118","11210","0",118,"Erik Grundmann","","","active","2017-01-24","","Erik Grundmann","Erik","Grundmann"
"119","11210","0",119,"Erin Dunne","","","active","2017-01-24","","Erin Dunne","Erin","Dunne"
"120","11210","0",120,"Erin Porszt","","","active","2017-01-24","","Erin Porszt","Erin","Porszt"
"121","11210","0",121,"Frank Corbett","","","active","2017-01-24","","Frank Corbett","Frank","Corbett"
"122","11210","0",122,"Frank Quinn","","","active","2017-01-24","","Frank Quinn","Frank","Quinn"
"123","11210","0",123,"Fred Phelan","","","active","2017-01-24","","Fred Phelan","Fred","Phelan"
"124","11210","0",124,"Frederic Butruille","","","active","2017-01-24","","Frederic Butruille","Frederic","Butruille"
"125","11210","0",125,"Garrett Lidin","","","active","2017-01-24","","Garrett Lidin","Garrett","Lidin"
"126","11210","0",126,"Garry Zwack","","","active","2017-01-24","","Garry Zwack","Garry","Zwack"
"127","11210","0",127,"Gary Miller","","","active","2017-01-24","","Gary Miller","Gary","Miller"
"128","11210","0",128,"Gary Whitlock","","","active","2017-01-24","","Gary Whitlock","Gary","Whitlock"
"129","11210","0",129,"Gayle Brown","","","active","2017-01-24","","Gayle Brown","Gayle","Brown"
"130","11210","0",130,"Geoff Perry","","","active","2017-01-24","","Geoff Perry","Geoff","Perry"
"131","11210","0",131,"Geoff Veinott","","","active","2017-01-24","","Geoff Veinott","Geoff","Veinott"
"132","11210","0",132,"Gerald Chaput","","","active","2017-01-24","","Gerald Chaput","Gerald","Chaput"
"133","11210","0",133,"Gilles Paulin","","","active","2017-01-24","","Gilles Paulin","Gilles","Paulin"
"134","11210","0",134,"Gilles Verret","","","active","2017-01-24","","Gilles Verret","Gilles","Verret"
"135","11210","0",135,"Greg Hornby","","","active","2017-01-24","","Greg Hornby","Greg","Hornby"
"136","11210","0",136,"Greg Perley","","","active","2017-01-24","","Greg Perley","Greg","Perley"
"137","11210","0",137,"Greg Schuler","","","active","2017-01-24","","Greg Schuler","Greg","Schuler"
"138","11210","0",138,"Gregor Reid","","","active","2017-01-24","","Gregor Reid","Gregor","Reid"
"139","11210","0",139,"Guy Brown","","","active","2017-01-24","","Guy Brown","Guy","Brown"
"140","11210","0",140,"Haakon Hammer","","","active","2017-01-24","","Haakon Hammer","Haakon","Hammer"
"141","11210","0",141,"Heather Braun","","","active","2017-01-24","","Heather Braun","Heather","Braun"
"142","11210","0",142,"Helen Kerr","","","active","2017-01-24","","Helen Kerr","Helen","Kerr"
"143","11210","0",143,"Helen Olynyk","","","active","2017-01-24","","Helen Olynyk","Helen","Olynyk"
"144","11210","0",144,"Herb Redekopp","","","active","2017-01-24","","Herb Redekopp","Herb","Redekopp"
"145","11210","0",145,"Hunter Atwin","","","active","2017-01-24","","Hunter Atwin","Hunter","Atwin"
"146","11210","0",146,"Ian Barnes","","","active","2017-01-24","","Ian Barnes","Ian","Barnes"
"147","11210","0",147,"Ian Boyce","","","active","2017-01-24","","Ian Boyce","Ian","Boyce"
"148","11210","0",148,"Ian Bradbury","","","active","2017-01-24","","Ian Bradbury","Ian","Bradbury"
"149","11210","0",149,"Ian Matthews","","","active","2017-01-24","","Ian Matthews","Ian","Matthews"
"150","11210","0",150,"Ian Perry","","","active","2017-01-24","","Ian Perry","Ian","Perry"
"151","11210","0",151,"Ivan Benwell","","","active","2017-01-24","","Ivan Benwell","Ivan","Benwell"
"152","11210","0",152,"Ivan Winther","","","active","2017-01-24","","Ivan Winther","Ivan","Winther"
"153","11210","0",153,"Jackie Kean","","","active","2017-01-24","","Jackie Kean","Jackie","Kean"
"154","11210","0",154,"Jackie King","","","active","2017-01-24","","Jackie King","Jackie","King"
"155","11210","0",155,"James Bell","","","active","2017-01-24","","James Bell","James","Bell"
"156","11210","0",156,"James Weger","","","active","2017-01-24","","James Weger","James","Weger"
"157","11210","0",157,"Jamie Scroggie","","","active","2017-01-24","","Jamie Scroggie","Jamie","Scroggie"
"158","11210","0",158,"Jason Evans","","","active","2017-01-24","","Jason Evans","Jason","Evans"
"159","11210","0",159,"Jason Ladell","","","active","2017-01-24","","Jason Ladell","Jason","Ladell"
"160","11210","0",160,"Jason Mahoney","","","active","2017-01-24","","Jason Mahoney","Jason","Mahoney"
"161","11210","0",161,"Jayme Hills","","","active","2017-01-24","","Jayme Hills","Jayme","Hills"
"162","11210","0",162,"Jeff Grout","","","active","2017-01-24","","Jeff Grout","Jeff","Grout"
"163","11210","0",163,"Jeff Jung","","","active","2017-01-24","","Jeff Jung","Jeff","Jung"
"164","11210","0",164,"Jeff Radford","","","active","2017-01-24","","Jeff Radford","Jeff","Radford"
"165","11210","0",165,"Jeff Till","","","active","2017-01-24","","Jeff Till","Jeff","Till"
"166","11210","0",166,"Jeffrey Lemieux","","","active","2017-01-24","","Jeffrey Lemieux","Jeffrey","Lemieux"
"167","11210","0",167,"Jennifer Nener","","","active","2017-01-24","","Jennifer Nener","Jennifer","Nener"
"168","11210","0",168,"Jeremy Mothus","","","active","2017-01-24","","Jeremy Mothus","Jeremy","Mothus"
"169","11210","0",169,"Jeremy Smith","","","active","2017-01-24","","Jeremy Smith","Jeremy","Smith"
"170","11210","0",170,"Jim Echols","","","active","2017-01-24","","Jim Echols","Jim","Echols"
"171","11210","0",171,"Jim Irvine","","","active","2017-01-24","","Jim Irvine","Jim","Irvine"
"172","11210","0",172,"Jim Krivanek","","","active","2017-01-24","","Jim Krivanek","Jim","Krivanek"
"173","11210","0",173,"Joan Bennett","","","active","2017-01-24","","Joan Bennett","Joan","Bennett"
"174","11210","0",174,"Joanne Lawrence","","","active","2017-01-24","","Joanne Lawrence","Joanne","Lawrence"
"175","11210","0",175,"Jody Mackenzie-Grieve","","","active","2017-01-24","","Jody Mackenzie-Grieve","Jody","Mackenzie-Grieve"
"176","11210","0",176,"Joe Sheasgreen","","","active","2017-01-24","","Joe Sheasgreen","Joe","Sheasgreen"
"177","11210","0",177,"Joe Tadey","","","active","2017-01-24","","Joe Tadey","Joe","Tadey"
"178","11210","0",178,"Joel Harding","","","active","2017-01-24","","Joel Harding","Joel","Harding"
"179","11210","0",179,"Joel Sawada","","","active","2017-01-24","","Joel Sawada","Joel","Sawada"
"180","11210","0",180,"John Candy","","","active","2017-01-24","","John Candy","John","Candy"
"181","11210","0",181,"John Hayward","","","active","2017-01-24","","John Hayward","John","Hayward"
"182","11210","0",182,"John Holmes","","","active","2017-01-24","","John Holmes","John","Holmes"
"183","11210","0",183,"John Mallery","","","active","2017-01-24","","John Mallery","John","Mallery"
"184","11210","0",184,"John Morris","","","active","2017-01-24","","John Morris","John","Morris"
"185","11210","0",185,"John Webb","","","active","2017-01-24","","John Webb","John","Webb"
"186","11210","0",186,"John Whitelaw","","","active","2017-01-24","","John Whitelaw","John","Whitelaw"
"187","11210","0",187,"John Willis","","","active","2017-01-24","","John Willis","John","Willis"
"188","11210","0",188,"Johnny Sembsmoen","","","active","2017-01-24","","Johnny Sembsmoen","Johnny","Sembsmoen"
"189","11210","0",189,"Jonathan Bulcock","","","active","2017-01-24","","Jonathan Bulcock","Jonathan","Bulcock"
"190","11210","0",190,"Jonathan Fershau","","","active","2017-01-24","","Jonathan Fershau","Jonathan","Fershau"
"191","11210","0",191,"Jonathan Joe","","","active","2017-01-24","","Jonathan Joe","Jonathan","Joe"
"192","11210","0",192,"Julia Bradshaw","","","active","2017-01-24","","Julia Bradshaw","Julia","Bradshaw"
"193","11210","0",193,"Justine Mannion","","","active","2017-01-24","","Justine Mannion","Justine","Mannion"
"194","11210","0",194,"Karen Burnett","","","active","2017-01-24","","Karen Burnett","Karen","Burnett"
"195","11210","0",195,"Karen Calla","","","active","2017-01-24","","Karen Calla","Karen","Calla"
"196","11210","0",196,"Karen Dunmall","","","active","2017-01-24","","Karen Dunmall","Karen","Dunmall"
"197","11210","0",197,"Karen Okahori","","","active","2017-01-24","","Karen Okahori","Karen","Okahori"
"198","11210","0",198,"Karen Vaudry","","","active","2017-01-24","","Karen Vaudry","Karen","Vaudry"
"199","11210","0",199,"Kari Underhill","","","active","2017-01-24","","Kari Underhill","Kari","Underhill"
"200","11210","0",200,"Karin Mathias","","","active","2017-01-24","","Karin Mathias","Karin","Mathias"
"201","11210","0",201,"Kathy Fraser","","","active","2017-01-24","","Kathy Fraser","Kathy","Fraser"
"202","11210","0",202,"Keith Clarke","","","active","2017-01-24","","Keith Clarke","Keith","Clarke"
"203","11210","0",203,"Kelcy Tousignant","","","active","2017-01-24","","Kelcy Tousignant","Kelcy","Tousignant"
"204","11210","0",204,"Kelly Malange","","","active","2017-01-24","","Kelly Malange","Kelly","Malange"
"205","11210","0",205,"Ken Green","","","active","2017-01-24","","Ken Green","Ken","Green"
"206","11210","0",206,"Kendra Holt","","","active","2017-01-24","","Kendra Holt","Kendra","Holt"
"207","11210","0",207,"Kent Smedbol","","","active","2017-01-24","","Kent Smedbol","Kent","Smedbol"
"208","11210","0",208,"Kent Spencer","","","active","2017-01-24","","Kent Spencer","Kent","Spencer"
"209","11210","0",209,"Keri Benner","","","active","2017-01-24","","Keri Benner","Keri","Benner"
"210","11210","0",210,"Kerra Shaw","","","active","2017-01-24","","Kerra Shaw","Kerra","Shaw"
"211","11210","0",211,"Kevin Conley","","","active","2017-01-24","","Kevin Conley","Kevin","Conley"
"212","11210","0",212,"Kevin Pellett","","","active","2017-01-24","","Kevin Pellett","Kevin","Pellett"
"213","11210","0",213,"Kim Houston","","","active","2017-01-24","","Kim Houston","Kim","Houston"
"214","11210","0",214,"Kim Hyatt","","","active","2017-01-24","","Kim Hyatt","Kim","Hyatt"
"215","11210","0",215,"Kirby Rietze","","","active","2017-01-24","","Kirby Rietze","Kirby","Rietze"
"216","11210","0",216,"Kris Hein","","","active","2017-01-24","","Kris Hein","Kris","Hein"
"217","11210","0",217,"Kris Hunter","","","active","2017-01-24","","Kris Hunter","Kris","Hunter"
"218","11210","0",218,"Kristi Miller-Saunders","","","active","2017-01-24","","Kristi Miller-Saunders","Kristi","Miller-Saunders"
"219","11210","0",219,"Laura Brown","","","active","2017-01-24","","Laura Brown","Laura","Brown"
"220","11210","0",220,"Laura Chase","","","active","2017-01-24","","Laura Chase","Laura","Chase"
"221","11210","0",221,"Laura Terry","","","active","2017-01-24","","Laura Terry","Laura","Terry"
"222","11210","0",222,"Lee Kearey","","","active","2017-01-24","","Lee Kearey","Lee","Kearey"
"223","11210","0",223,"Lei Harris","","","active","2017-01-24","","Lei Harris","Lei","Harris"
"224","11210","0",224,"Leroy Anderson","","","active","2017-01-24","","Leroy Anderson","Leroy","Anderson"
"225","11210","0",225,"Les Clint","","","active","2017-01-24","","Les Clint","Les","Clint"
"226","11210","0",226,"Lesley MacDougall","","","active","2017-01-24","","Lesley MacDougall","Lesley","MacDougall"
"227","11210","0",227,"Linda Stevens","","","active","2017-01-24","","Linda Stevens","Linda","Stevens"
"228","11210","0",228,"Lisa Kerr","","","active","2017-01-24","","Lisa Kerr","Lisa","Kerr"
"229","11210","0",229,"Lorne Frisson","","","active","2017-01-24","","Lorne Frisson","Lorne","Frisson"
"230","11210","0",230,"Lother Kunze","","","active","2017-01-24","","Lother Kunze","Lother","Kunze"
"231","11210","0",231,"Louise de Mestral","","","active","2017-01-24","","Louise de Mestral","Louise","de Mestral"
"232","11210","0",232,"Louise Naylor","","","active","2017-01-24","","Louise Naylor","Louise","Naylor"
"233","11210","0",233,"Louvi Whyte","","","active","2017-01-24","","Louvi Whyte","Louvi","Whyte"
"234","11210","0",234,"Lucas Pon","","","active","2017-01-24","","Lucas Pon","Lucas","Pon"
"235","11210","0",235,"Lynda Ritchie","","","active","2017-01-24","","Lynda Ritchie","Lynda","Ritchie"
"236","11210","0",236,"Lyse Godbout","","","active","2017-01-24","","Lyse Godbout","Lyse","Godbout"
"237","11210","0",237,"Marc Lecouffe","","","active","2017-01-24","","Marc Lecouffe","Marc","Lecouffe"
"238","11210","0",238,"Marc Trudel","","","active","2017-01-24","","Marc Trudel","Marc","Trudel"
"239","11210","0",239,"Margaret Wright","","","active","2017-01-24","","Margaret Wright","Margaret","Wright"
"240","11210","0",240,"Margot Stockwell","","","active","2017-01-24","","Margot Stockwell","Margot","Stockwell"
"241","11210","0",241,"Marilyn Helin","","","active","2017-01-24","","Marilyn Helin","Marilyn","Helin"
"242","11210","0",242,"Marina Milligan","","","active","2017-01-24","","Marina Milligan","Marina","Milligan"
"243","11210","0",243,"Mark McFarland","","","active","2017-01-24","","Mark McFarland","Mark","McFarland"
"244","11210","0",244,"Mark Potyrala","","","active","2017-01-24","","Mark Potyrala","Mark","Potyrala"
"245","11210","0",245,"Markus Feldhoff","","","active","2017-01-24","","Markus Feldhoff","Markus","Feldhoff"
"246","11210","0",246,"Marla Maxwell","","","active","2017-01-24","","Marla Maxwell","Marla","Maxwell"
"247","11210","0",247,"Martha Robertson","","","active","2017-01-24","","Martha Robertson","Martha","Robertson"
"248","11210","0",248,"Marthe Berube","","","active","2017-01-24","","Marthe Berube","Marthe","Berube"
"249","11210","0",249,"Martin Castonguay","","","active","2017-01-24","","Martin Castonguay","Martin","Castonguay"
"250","11210","0",250,"Mary Ellen Jarvis","","","active","2017-01-24","","Mary Ellen Jarvis","Mary Ellen","Jarvis"
"251","11210","0",251,"Mary Thiess","","","active","2017-01-24","","Mary Thiess","Mary","Thiess"
"252","11210","0",252,"Matt Mortimer","","","active","2017-01-24","","Matt Mortimer","Matt","Mortimer"
"253","11210","0",253,"Matthew Novak","","","active","2017-01-24","","Matthew Novak","Matthew","Novak"
"254","11210","0",254,"Matthew Parslow","","","active","2017-01-24","","Matthew Parslow","Matthew","Parslow"
"255","11210","0",255,"Matthew Townsend","","","active","2017-01-24","","Matthew Townsend","Matthew","Townsend"
"256","11210","0",256,"Megan Wilson","","","active","2017-01-24","","Megan Wilson","Megan","Wilson"
"257","11210","0",257,"Mel Kotyk","","","active","2017-01-24","","Mel Kotyk","Mel","Kotyk"
"258","11210","0",258,"Merv Mochizuki","","","active","2017-01-24","","Merv Mochizuki","Merv","Mochizuki"
"259","11210","0",259,"Michael Folkes","","","active","2017-01-24","","Michael Folkes","Michael","Folkes"
"260","11210","0",260,"Michael O'Brien","","","active","2017-01-24","","Michael O'Brien","Michael","O'Brien"
"261","11210","0",261,"Michael Scarratt","","","active","2017-01-24","","Michael Scarratt","Michael","Scarratt"
"262","11210","0",262,"Michel Arsenault","","","active","2017-01-24","","Michel Arsenault","Michel","Arsenault"
"263","11210","0",263,"Michel Biron","","","active","2017-01-24","","Michel Biron","Michel","Biron"
"264","11210","0",264,"Mike Austin","","","active","2017-01-24","","Mike Austin","Mike","Austin"
"265","11210","0",265,"Mike Bradford","","","active","2017-01-24","","Mike Bradford","Mike","Bradford"
"266","11210","0",266,"Mike Carlson","","","active","2017-01-24","","Mike Carlson","Mike","Carlson"
"267","11210","0",267,"Mike Crowe","","","active","2017-01-24","","Mike Crowe","Mike","Crowe"
"268","11210","0",268,"Mike Goguen","","","active","2017-01-24","","Mike Goguen","Mike","Goguen"
"269","11210","0",269,"Mike Hawkshaw","","","active","2017-01-24","","Mike Hawkshaw","Mike","Hawkshaw"
"270","11210","0",270,"Mike Jakubowski","","","active","2017-01-24","","Mike Jakubowski","Mike","Jakubowski"
"271","11210","0",271,"Mike Spence","","","active","2017-01-24","","Mike Spence","Mike","Spence"
"272","11210","0",272,"Mike Thorburne","","","active","2017-01-24","","Mike Thorburne","Mike","Thorburne"
"273","11210","0",273,"Mitchell Harborne","","","active","2017-01-24","","Mitchell Harborne","Mitchell","Harborne"
"274","11210","0",274,"Murray Manson","","","active","2017-01-24","","Murray Manson","Murray","Manson"
"275","11210","0",275,"Nathan Millar","","","active","2017-01-24","","Nathan Millar","Nathan","Millar"
"276","11210","0",276,"Nathan Taylor","","","active","2017-01-24","","Nathan Taylor","Nathan","Taylor"
"277","11210","0",277,"Neil Jantz","","","active","2017-01-24","","Neil Jantz","Neil","Jantz"
"278","11210","0",278,"Nicholas Komick","","","active","2017-01-24","","Nicholas Komick","Nicholas","Komick"
"279","11210","0",279,"Nick Leone","","","active","2017-01-24","","Nick Leone","Nick","Leone"
"280","11210","0",280,"Nicki Watson","","","active","2017-01-24","","Nicki Watson","Nicki","Watson"
"281","11210","0",281,"Nicole Gallant","","","active","2017-01-24","","Nicole Gallant","Nicole","Gallant"
"282","11210","0",282,"Nicole Trouton","","","active","2017-01-24","","Nicole Trouton","Nicole","Trouton"
"283","11210","0",283,"Paige Ackerman","","","active","2017-01-24","","Paige Ackerman","Paige","Ackerman"
"284","11210","0",284,"Patricia Edwards","","","active","2017-01-24","","Patricia Edwards","Patricia","Edwards"
"285","11210","0",285,"Patrick OReilly","","","active","2017-01-24","","Patrick OReilly","Patrick","OReilly"
"286","11210","0",286,"Patrik Zetterberg","","","active","2017-01-24","","Patrik Zetterberg","Patrik","Zetterberg"
"287","11210","0",287,"Paul Chamberland","","","active","2017-01-24","","Paul Chamberland","Paul","Chamberland"
"288","11210","0",288,"Paul Preston","","","active","2017-01-24","","Paul Preston","Paul","Preston"
"289","11210","0",289,"Paul Welch","","","active","2017-01-24","","Paul Welch","Paul","Welch"
"290","11210","0",290,"Pedro Nilo","","","active","2017-01-24","","Pedro Nilo","Pedro","Nilo"
"291","11210","0",291,"Pete Campbell","","","active","2017-01-24","","Pete Campbell","Pete","Campbell"
"292","11210","0",292,"Pete Etherton","","","active","2017-01-24","","Pete Etherton","Pete","Etherton"
"293","11210","0",293,"Peter Hall","","","active","2017-01-24","","Peter Hall","Peter","Hall"
"294","11210","0",294,"Peter Katinic","","","active","2017-01-24","","Peter Katinic","Peter","Katinic"
"295","11210","0",295,"Philippe Beaulieu","","","active","2017-01-24","","Philippe Beaulieu","Philippe","Beaulieu"
"296","11210","0",296,"Pieter Van Will","","","active","2017-01-24","","Pieter Van Will","Pieter","Van"
"297","11210","0",297,"Rebecca Reid","","","active","2017-01-24","","Rebecca Reid","Rebecca","Reid"
"298","11210","0",298,"Reid Schrul","","","active","2017-01-24","","Reid Schrul","Reid","Schrul"
"299","11210","0",299,"Renelle Doucette","","","active","2017-01-24","","Renelle Doucette","Renelle","Doucette"
"300","11210","0",300,"Richard Bailey","","","active","2017-01-24","","Richard Bailey","Richard","Bailey"
"301","11210","0",301,"Richard Gerard","","","active","2017-01-24","","Richard Gerard","Richard","Gerard"
"302","11210","0",302,"Rick Rempel","","","active","2017-01-24","","Rick Rempel","Rick","Rempel"
"303","11210","0",303,"Rob Bell-Irving","","","active","2017-01-24","","Rob Bell-Irving","Rob","Bell-Irving"
"304","11210","0",304,"Rob Bemister","","","active","2017-01-24","","Rob Bemister","Rob","Bemister"
"305","11210","0",305,"Rob Brouwer","","","active","2017-01-24","","Rob Brouwer","Rob","Brouwer"
"306","11210","0",306,"Rob Houtman","","","active","2017-01-24","","Rob Houtman","Rob","Houtman"
"307","11210","0",307,"Rob Schaefer","","","active","2017-01-24","","Rob Schaefer","Rob","Schaefer"
"308","11210","0",308,"Robert Beaumaster","","","active","2017-01-24","","Robert Beaumaster","Robert","Beaumaster"
"309","11210","0",309,"Robyn Forrest","","","active","2017-01-24","","Robyn Forrest","Robyn","Forrest"
"310","11210","0",310,"Roger Wysocki","","","active","2017-01-24","","Roger Wysocki","Roger","Wysocki"
"311","11210","0",311,"Ron Goruk","","","active","2017-01-24","","Ron Goruk","Ron","Goruk"
"312","11210","0",312,"Ross Jones","","","active","2017-01-24","","Ross Jones","Ross","Jones"
"313","11210","0",313,"Ruth Withler","","","active","2017-01-24","","Ruth Withler","Ruth","Withler"
"314","11210","0",314,"Ryan Galbraith","","","active","2017-01-24","","Ryan Galbraith","Ryan","Galbraith"
"315","11210","0",315,"Sandra Davies","","","active","2017-01-24","","Sandra Davies","Sandra","Davies"
"316","11210","0",316,"Sandy Devcic","","","active","2017-01-24","","Sandy Devcic","Sandy","Devcic"
"317","11210","0",317,"Sarah Hawkshaw","","","active","2017-01-24","","Sarah Hawkshaw","Sarah","Hawkshaw"
"318","11210","0",318,"Sarah Murdoch","","","active","2017-01-24","","Sarah Murdoch","Sarah","Murdoch"
"319","11210","0",319,"Sarah Tuziak","","","active","2017-01-24","","Sarah Tuziak","Sarah","Tuziak"
"320","11210","0",320,"Scott Akenhead","","","active","2017-01-24","","Scott Akenhead","Scott","Akenhead"
"321","11210","0",321,"Scott Decker","","","active","2017-01-24","","Scott Decker","Scott","Decker"
"322","11210","0",322,"Scott Douglas","","","active","2017-01-24","","Scott Douglas","Scott","Douglas"
"323","11210","0",323,"Scott Ducharme","","","active","2017-01-24","","Scott Ducharme","Scott","Ducharme"
"324","11210","0",324,"Scott Melville","","","active","2017-01-24","","Scott Melville","Scott","Melville"
"325","11210","0",325,"Sean Collins","","","active","2017-01-24","","Sean Collins","Sean","Collins"
"326","11210","0",326,"Sean Dolan","","","active","2017-01-24","","Sean Dolan","Sean","Dolan"
"327","11210","0",327,"Sean Stark","","","active","2017-01-24","","Sean Stark","Sean","Stark"
"328","11210","0",328,"Serge Doucet","","","active","2017-01-24","","Serge Doucet","Serge","Doucet"
"329","11210","0",329,"Shane Kalyn","","","active","2017-01-24","","Shane Kalyn","Shane","Kalyn"
"330","11210","0",330,"Shannon Anderson","","","active","2017-01-24","","Shannon Anderson","Shannon","Anderson"
"331","11210","0",331,"Sharan Johal","","","active","2017-01-24","","Sharan Johal","Sharan","Johal"
"332","11210","0",332,"Shaun Davies","","","active","2017-01-24","","Shaun Davies","Shaun","Davies"
"333","11210","0",333,"Shaun Spenard","","","active","2017-01-24","","Shaun Spenard","Shaun","Spenard"
"334","11210","0",334,"Shawn McFarland","","","active","2017-01-24","","Shawn McFarland","Shawn","McFarland"
"335","11210","0",335,"Sheldon Evers","","","active","2017-01-24","","Sheldon Evers","Sheldon","Evers"
"336","11210","0",336,"Shelee Hamilton","","","active","2017-01-24","","Shelee Hamilton","Shelee","Hamilton"
"337","11210","0",337,"Sherisse McWilliam","","","active","2017-01-24","","Sherisse McWilliam","Sherisse","McWilliam"
"338","11210","0",338,"Sherri Schmidt","","","active","2017-01-24","","Sherri Schmidt","Sherri","Schmidt"
"339","11210","0",339,"Sophie Leblanc","","","active","2017-01-24","","Sophie Leblanc","Sophie","Leblanc"
"340","11210","0",340,"Stacey Larsen","","","active","2017-01-24","","Stacey Larsen","Stacey","Larsen"
"341","11210","0",341,"Stefan Howarth","","","active","2017-01-24","","Stefan Howarth","Stefan","Howarth"
"342","11210","0",342,"Steve Cox-Rogers","","","active","2017-01-24","","Steve Cox-Rogers","Steve","Cox-Rogers"
"343","11210","0",343,"Steve Emmonds","","","active","2017-01-24","","Steve Emmonds","Steve","Emmonds"
"344","11210","0",344,"Steve Gotch","","","active","2017-01-24","","Steve Gotch","Steve","Gotch"
"345","11210","0",345,"Steve MacDonald","","","active","2017-01-24","","Steve MacDonald","Steve","MacDonald"
"346","11210","0",346,"Steve Smith","","","active","2017-01-24","","Steve Smith","Steve","Smith"
"347","11210","0",347,"Steven Leadbeater","","","active","2017-01-24","","Steven Leadbeater","Steven","Leadbeater"
"348","11210","0",348,"Stewart Johnson","","","active","2017-01-24","","Stewart Johnson","Stewart","Johnson"
"349","11210","0",349,"Strahan Tucker","","","active","2017-01-24","","Strahan Tucker","Strahan","Tucker"
"350","11210","0",350,"Stuart LePage","","","active","2017-01-24","","Stuart LePage","Stuart","LePage"
"351","11210","0",351,"Sue Grant","","","active","2017-01-24","","Sue Grant","Sue","Grant"
"352","11210","0",352,"Sue Lemke","","","active","2017-01-24","","Sue Lemke","Sue","Lemke"
"353","11210","0",353,"Tanya Vivian","","","active","2017-01-24","","Tanya Vivian","Tanya","Vivian"
"354","11210","0",354,"Terry Beacham","","","active","2017-01-24","","Terry Beacham","Terry","Beacham"
"355","11210","0",355,"Tim Pankratz","","","active","2017-01-24","","Tim Pankratz","Tim","Pankratz"
"356","11210","0",356,"Timber Whitehouse","","","active","2017-01-24","","Timber Whitehouse","Timber","Whitehouse"
"357","11210","0",357,"Tony Rathbone","","","active","2017-01-24","","Tony Rathbone","Tony","Rathbone"
"358","11210","0",358,"Tracy Cone","","","active","2017-01-24","","Tracy Cone","Tracy","Cone"
"359","11210","0",359,"Travis Desy","","","active","2017-01-24","","Travis Desy","Travis","Desy"
"360","11210","0",360,"Tyler Collie","","","active","2017-01-24","","Tyler Collie","Tyler","Collie"
"361","11210","0",361,"Tyler Zubkowski","","","active","2017-01-24","","Tyler Zubkowski","Tyler","Zubkowski"
"362","11210","0",362,"Vesta Mather","","","active","2017-01-24","","Vesta Mather","Vesta","Mather"
"363","11210","0",363,"Vince Sealy","","","active","2017-01-24","","Vince Sealy","Vince","Sealy"
"364","11210","0",364,"Wayne Fairchild","","","active","2017-01-24","","Wayne Fairchild","Wayne","Fairchild"
"365","11210","0",365,"Wilf Luedke","","","active","2017-01-24","","Wilf Luedke","Wilf","Luedke"
"366","11210","0",366,"Zach Trefry","","","active","2017-01-24","","Zach Trefry","Zach","Trefry"
