"","resourceLinkTypeID","resourceLinkSubTypeID","ID","fromResourceNodeID","fromResourceNodeTypeID","fromResourceNodeSubTypeID","toResourceNodeID","toResourceNodeTypeID","toResourceNodeSubTypeID","linkLabel","name","description","isPrimary","language","status","start_date","end_date"
"1",21243,43009,1876,25,"11210","0",351,"11210","0","isRelatedTo","Ann-Marie Huang-hasColleague-Sue Grant","H.A.G.S.","","","active","2017-10-24",""
"2",21243,43009,1877,25,"11210","0",320,"11210","0","isRelatedTo","Ann-Marie Huang-hasColleague-Scott Akenhead","innovation","","","active","2017-10-24",""
"3",21243,43003,1878,30,"11210","0",214,"11210","0","isRelatedTo","Athena Ogden-reportsTo-Kim Hyatt","","","","active","2017-10-24",""
"4",21243,43003,1879,53,"11210","0",351,"11210","0","isRelatedTo","Bronwyn MacDonald-reportsTo-Sue Grant","State of Salmon, DFO Pacific Science Branch","","","active","2017-10-24",""
"5",21243,43009,1880,54,"11210","0",351,"11210","0","isRelatedTo","Brooke Davis-hasColleague-Sue Grant","","","","active","2017-10-24",""
"6",21243,43003,1881,56,"11210","0",60,"11210","0","isRelatedTo","Bruce Patten-reportsTo-Carmel Lowe","Data management","","","active","2017-10-24",""
"7",21243,43009,1882,64,"11210","0",351,"11210","0","isRelatedTo","Carrie Holt-hasColleague-Sue Grant","","","","active","2017-10-24",""
"8",21243,43003,1883,73,"11210","0",60,"11210","0","isRelatedTo","Christy Wilson-reportsTo-Carmel Lowe","Strategic Planning","","","active","2017-10-24",""
"9",21243,43003,1884,115,"11210","0",60,"11210","0","isRelatedTo","Eddy Kennedy-reportsTo-Carmel Lowe","","","","active","2017-10-24",""
"10",21243,43003,1885,159,"11210","0",310,"11210","0","isRelatedTo","Jason Ladell-reportsTo-Roger Wysocki","","","","active","2017-10-24",""
"11",21243,43009,1886,159,"11210","0",171,"11210","0","isRelatedTo","Jason Ladell-hasColleague-Jim Irvine","","","","active","2017-10-24",""
"12",21243,43003,1887,171,"11210","0",214,"11210","0","isRelatedTo","Jim Irvine-reportsTo-Kim Hyatt","","","","active","2017-10-24",""
"14",21243,43003,1888,182,"11210","0",115,"11210","0","isRelatedTo","John Holmes-reportsTo-Eddy Kennedy","","","","active","2017-10-24",""
"15",21243,43009,1889,196,"11210","0",171,"11210","0","isRelatedTo","Karen Dunmall-hasColleague-Jim Irvine","","","","active","2017-10-24",""
"16",21243,43003,1890,214,"11210","0",182,"11210","0","isRelatedTo","Kim Hyatt-reportsTo-John Holmes","","","","active","2017-10-24",""
"18",21243,43009,1891,238,"11210","0",171,"11210","0","isRelatedTo","Marc Trudel-hasColleague-Jim Irvine","","","","active","2017-10-24",""
"19",21243,43003,1892,240,"11210","0",214,"11210","0","isRelatedTo","Margot Stockwell-reportsTo-Kim Hyatt","","","","active","2017-10-24",""
"20",21243,43009,1893,247,"11210","0",171,"11210","0","isRelatedTo","Martha Robertson-hasColleague-Jim Irvine","","","","active","2017-10-24",""
"21",21243,43009,1894,249,"11210","0",171,"11210","0","isRelatedTo","Martin Castonguay-hasColleague-Jim Irvine","","","","active","2017-10-24",""
"22",21243,43009,1895,261,"11210","0",249,"11210","0","isRelatedTo","Michael Scarratt-hasColleague-Martin Castonguay","","","","active","2017-10-24",""
"23",21243,43009,1896,261,"11210","0",171,"11210","0","isRelatedTo","Michael Scarratt-hasColleague-Jim Irvine","","","","active","2017-10-24",""
"24",21243,43009,1897,278,"11210","0",320,"11210","0","isRelatedTo","Nicholas Komick-hasColleague-Scott Akenhead","","","","active","2017-10-24",""
"25",21243,43003,1898,320,"11210","0",171,"11210","0","isRelatedTo","Scott Akenhead-reportsTo-Jim Irvine","","","","active","2017-10-24",""
"26",21243,43003,1899,320,"11210","0",214,"11210","0","isRelatedTo","Scott Akenhead-reportsTo-Kim Hyatt","","","","active","2017-10-24",""
"27",21243,43009,1900,348,"11210","0",171,"11210","0","isRelatedTo","Stewart Johnson-hasColleague-Jim Irvine","","","","active","2017-10-24",""
"28",21243,43009,1901,351,"11210","0",171,"11210","0","isRelatedTo","Sue Grant-hasColleague-Jim Irvine","","","","active","2017-10-24",""
"29",21243,43009,1902,356,"11210","0",209,"11210","0","isRelatedTo","Timber Whitehouse-hasColleague-Keri Benner","","","","active","2017-10-24",""
"30",21243,43009,1903,358,"11210","0",209,"11210","0","isRelatedTo","Tracy Cone-hasColleague-Keri Benner","","","","active","2017-10-24",""
