"","resourceLinkTypeID","resourceLinkSubTypeID","ID","fromResourceNodeID","fromResourceNodeTypeID","fromResourceNodeSubTypeID","toResourceNodeID","toResourceNodeTypeID","toResourceNodeSubTypeID","linkLabel","name","description","isPrimary","language","status","start_date","end_date"
"1",21238,0,5898,1,"11210","0",27050,11215,411107,"hasPlace","Aaron Burgoyne-hasPlace-Big Qualicum River Hatchery","","","","active","2017-10-24",""
"2",21238,0,5899,3,"11210","0",27117,11215,411107,"hasPlace","Adam Burns-hasPlace-HQ","","","","active","2017-10-24",""
"3",21238,0,5900,4,"11210","0",27079,11215,411106,"hasPlace","Adam Silverstein-hasPlace-Comox Regional Office","","","","active","2017-10-24",""
"4",21238,0,5901,6,"11210","0",27039,11215,411104,"hasPlace","Al Jonsson-hasPlace-Annacis Island","","","","active","2017-10-24",""
"5",21238,0,5902,8,"11210","0",27183,11215,411106,"hasPlace","Aleta Rushton-hasPlace-Port Hardy Field Office","","","","active","2017-10-24",""
"6",21238,0,5903,9,"11210","0",27046,11215,411105,"hasPlace","Alex Levy-hasPlace-Bedford Institute of Oceanography","","","","active","2017-10-24",""
"7",21238,0,5904,11,"11210","0",27250,11215,411107,"hasPlace","Allison Webb-hasPlace-Vancouver (RHQ)","","","","active","2017-10-24",""
"8",21238,0,5905,13,"11210","0",27227,11215,411106,"hasPlace","Andrea Goruk-hasPlace-South Coast Area Office","","","","active","2017-10-24",""
"9",21238,0,5906,14,"11210","0",27227,11215,411106,"hasPlace","Andrew Campbell-hasPlace-South Coast Area Office","","","","active","2017-10-24",""
"10",21238,0,5907,15,"11210","0",27125,11215,411106,"hasPlace","Andrew Grant-hasPlace-Kamloops Field Office","","","","active","2017-10-24",""
"11",21238,0,5908,17,"11210","0",27055,11215,411104,"hasPlace","Andrew Pereboom-hasPlace-Campbell River","","","","active","2017-10-24",""
"12",21238,0,5909,19,"11210","0",27250,11215,411107,"hasPlace","Andrew Thomson-hasPlace-Vancouver (RHQ)","","","","active","2017-10-24",""
"13",21238,0,5910,21,"11210","0",27245,11215,411104,"hasPlace","Andy Lewis-hasPlace-Terrace","","","","active","2017-10-24",""
"14",21238,0,5911,22,"11210","0",27039,11215,411104,"hasPlace","Angela Bate-hasPlace-Annacis Island","","","","active","2017-10-24",""
"15",21238,0,5912,23,"11210","0",27250,11215,411107,"hasPlace","Angela Stadel-hasPlace-Vancouver (RHQ)","","","","active","2017-10-24",""
"16",21238,0,5913,24,"11210","0",27250,11215,411107,"hasPlace","Ann Susnik-hasPlace-Vancouver (RHQ)","","","","active","2017-10-24",""
"17",21238,0,5914,25,"11210","0",27039,11215,411104,"hasPlace","Ann-Marie Huang-hasPlace-Annacis Island","","","","active","2017-10-24",""
"18",21238,0,5915,28,"11210","0",27130,11215,411106,"hasPlace","Art Demsky-hasPlace-Langley Field Office","","","","active","2017-10-24",""
"19",21238,0,5916,29,"11210","0",27061,11215,411107,"hasPlace","Ashley Uittenbogaard-hasPlace-Capilano Hatchery","","","","active","2017-10-24",""
"20",21238,0,5917,30,"11210","0",27172,11215,411105,"hasPlace","Athena Ogden-hasPlace-Pacific Biological Station","","","","active","2017-10-24",""
"21",21238,0,5918,34,"11210","0",27133,11215,411107,"hasPlace","Becky Graham-hasPlace-Mactaquac Biodiversity Facility","","","","active","2017-10-24",""
"22",21238,0,5919,36,"11210","0",27055,11215,411104,"hasPlace","Beth Pechter-hasPlace-Campbell River","","","","active","2017-10-24",""
"23",21238,0,5920,37,"11210","0",27117,11215,411107,"hasPlace","Bhagwant Sandhu-hasPlace-HQ","","","","active","2017-10-24",""
"24",21238,0,5921,39,"11210","0",27064,11215,411105,"hasPlace","Bob Devlin-hasPlace-Centre for Aquaculture and Environmental Research","","","","active","2017-10-24",""
"26",21238,0,5922,41,"11210","0",27250,11215,411107,"hasPlace","Bonnie Antcliffe-hasPlace-Vancouver (RHQ)","","","","active","2017-10-24",""
"27",21238,0,5923,43,"11210","0",27249,11215,411104,"hasPlace","Brad Fanos-hasPlace-Vancouver","","","","active","2017-10-24",""
"28",21238,0,5924,44,"11210","0",27101,11215,411107,"hasPlace","Brad Wattie-hasPlace-Fraser Valley Mission","","","","active","2017-10-24",""
"29",21238,0,5925,46,"11210","0",27172,11215,411105,"hasPlace","Brenda Ridgway-hasPlace-Pacific Biological Station","","","","active","2017-10-24",""
"30",21238,0,5926,49,"11210","0",27125,11215,411106,"hasPlace","Brian Leaf-hasPlace-Kamloops Field Office","","","","active","2017-10-24",""
"31",21238,0,5927,52,"11210","0",27039,11215,411104,"hasPlace","Brittany Jenewein-hasPlace-Annacis Island","","","","active","2017-10-24",""
"32",21238,0,5928,53,"11210","0",27039,11215,411104,"hasPlace","Bronwyn MacDonald-hasPlace-Annacis Island","","","","active","2017-10-24",""
"33",21238,0,5929,54,"11210","0",27039,11215,411104,"hasPlace","Brooke Davis-hasPlace-Annacis Island","","","","active","2017-10-24",""
"34",21238,0,5930,55,"11210","0",27172,11215,411105,"hasPlace","Bruce Baxter-hasPlace-Pacific Biological Station","","","","active","2017-10-24",""
"35",21238,0,5931,56,"11210","0",27172,11215,411105,"hasPlace","Bruce Patten-hasPlace-Pacific Biological Station","","","","active","2017-10-24",""
"36",21238,0,5932,58,"11210","0",27227,11215,411106,"hasPlace","Bryan Rusch-hasPlace-South Coast Area Office","","","","active","2017-10-24",""
"37",21238,0,5933,64,"11210","0",27172,11215,411105,"hasPlace","Carrie Holt-hasPlace-Pacific Biological Station","","","","active","2017-10-24",""
"38",21238,0,5934,65,"11210","0",27121,11215,411107,"hasPlace","Cathy McClean-hasPlace-Inch Creek Hatchery","","","","active","2017-10-24",""
"39",21238,0,5935,67,"11210","0",27095,11215,411106,"hasPlace","Chantal Nessman-hasPlace-Duncan Field Office","","","","active","2017-10-24",""
"40",21238,0,5936,69,"11210","0",27133,11215,411107,"hasPlace","Chris Carr-hasPlace-Mactaquac Biodiversity Facility","","","","active","2017-10-24",""
"41",21238,0,5937,70,"11210","0",27122,11215,411107,"hasPlace","Chris McKindsey-hasPlace-Institute Maurice Lamontagne","","","","active","2017-10-24",""
"42",21238,0,5938,71,"11210","0",27055,11215,411104,"hasPlace","Christine Bukta-hasPlace-Campbell River","","","","active","2017-10-24",""
"43",21238,0,5939,72,"11210","0",27172,11215,411105,"hasPlace","Christine MacWilliams-hasPlace-Pacific Biological Station","","","","active","2017-10-24",""
"44",21238,0,5940,76,"11210","0",27111,11215,411105,"hasPlace","Cindy Breau-hasPlace-Gulf Fisheries Centre","","","","active","2017-10-24",""
"45",21238,0,5941,77,"11210","0",27250,11215,411107,"hasPlace","Cindy Wong-hasPlace-Vancouver (RHQ)","","","","active","2017-10-24",""
"46",21238,0,5942,79,"11210","0",27186,11215,411106,"hasPlace","Colin Masson-hasPlace-Prince Rupert Field Office","","","","active","2017-10-24",""
"47",21238,0,5943,81,"11210","0",27125,11215,411106,"hasPlace","Colin Nettles-hasPlace-Kamloops Field Office","","","","active","2017-10-24",""
"48",21238,0,5944,83,"11210","0",27039,11215,411104,"hasPlace","Corino Salomi-hasPlace-Annacis Island","","","","active","2017-10-24",""
"49",21238,0,5945,85,"11210","0",27234,11215,411107,"hasPlace","Cynthia Hawthorne-hasPlace-St. Andrews Biological Station","","","","active","2017-10-24",""
"50",21238,0,5946,86,"11210","0",27227,11215,411106,"hasPlace","Dale Desrochers-hasPlace-South Coast Area Office","","","","active","2017-10-24",""
"51",21238,0,5947,88,"11210","0",27084,11215,411107,"hasPlace","Dan Selbie-hasPlace-Cultus Lake Salmon Research Laboratory","","","","active","2017-10-24",""
"52",21238,0,5948,89,"11210","0",27111,11215,411105,"hasPlace","Daniel Caissie-hasPlace-Gulf Fisheries Centre","","","","active","2017-10-24",""
"53",21238,0,5949,90,"11210","0",27060,11215,411105,"hasPlace","Darcy McNicholl-hasPlace-Canadian Centre for Inland Waters","","","","active","2017-10-24",""
"54",21238,0,5950,91,"11210","0",27117,11215,411107,"hasPlace","Darren Goetze-hasPlace-HQ","","","","active","2017-10-24",""
"55",21238,0,5951,92,"11210","0",27079,11215,411106,"hasPlace","Dave Davies-hasPlace-Comox Regional Office","","","","active","2017-10-24",""
"56",21238,0,5952,93,"11210","0",27098,11215,411107,"hasPlace","Dave Loop-hasPlace-Fraser Coastal Squamish","","","","active","2017-10-24",""
"57",21238,0,5953,95,"11210","0",27176,11215,411106,"hasPlace","David Cairns-hasPlace-PEI Area Office","","","","active","2017-10-24",""
"58",21238,0,5954,96,"11210","0",27046,11215,411105,"hasPlace","David Hardie-hasPlace-Bedford Institute of Oceanography","","","","active","2017-10-24",""
"59",21238,0,5955,98,"11210","0",27221,11215,411105,"hasPlace","David Patterson-hasPlace-Simon Fraser University","","","","active","2017-10-24",""
"60",21238,0,5956,99,"11210","0",27250,11215,411107,"hasPlace","David Willis-hasPlace-Vancouver (RHQ)","","","","active","2017-10-24",""
"61",21238,0,5957,101,"11210","0",27026,11215,411104,"hasPlace","Dean Allan-hasPlace-Kamloops","","","","active","2017-10-24",""
"62",21238,0,5958,102,"11210","0",27125,11215,411106,"hasPlace","Dennis Klassen-hasPlace-Kamloops Field Office","","","","active","2017-10-24",""
"63",21238,0,5959,104,"11210","0",27250,11215,411107,"hasPlace","Devona Adams-hasPlace-Vancouver (RHQ)","","","","active","2017-10-24",""
"64",21238,0,5960,106,"11210","0",27227,11215,411106,"hasPlace","Diana McHugh-hasPlace-South Coast Area Office","","","","active","2017-10-24",""
"66",21238,0,5961,108,"11210","0",27250,11215,411107,"hasPlace","Don MacKinlay-hasPlace-Vancouver (RHQ)","","","","active","2017-10-24",""
"67",21238,0,5962,110,"11210","0",27111,11215,411105,"hasPlace","Doug Bliss-hasPlace-Gulf Fisheries Centre","","","","active","2017-10-24",""
"68",21238,0,5963,111,"11210","0",27100,11215,411107,"hasPlace","Doug Clift-hasPlace-Fraser Valley Chilliwack","","","","active","2017-10-24",""
"69",21238,0,5964,113,"11210","0",27055,11215,411104,"hasPlace","Eamon Miyagi-hasPlace-Campbell River","","","","active","2017-10-24",""
"70",21238,0,5965,114,"11210","0",27205,11215,411107,"hasPlace","Ed Walls-hasPlace-Quinsam River Hatchery","","","","active","2017-10-24",""
"71",21238,0,5966,115,"11210","0",27172,11215,411105,"hasPlace","Eddy Kennedy-hasPlace-Pacific Biological Station","","","","active","2017-10-24",""
"72",21238,0,5967,116,"11210","0",27250,11215,411107,"hasPlace","Elan Park-hasPlace-Vancouver (RHQ)","","","","active","2017-10-24",""
"73",21238,0,5968,120,"11210","0",27227,11215,411106,"hasPlace","Erin Porszt-hasPlace-South Coast Area Office","","","","active","2017-10-24",""
"74",21238,0,5969,122,"11210","0",27111,11215,411105,"hasPlace","Frank Quinn-hasPlace-Gulf Fisheries Centre","","","","active","2017-10-24",""
"75",21238,0,5970,124,"11210","0",27111,11215,411105,"hasPlace","Frederic Butruille-hasPlace-Gulf Fisheries Centre","","","","active","2017-10-24",""
"76",21238,0,5971,125,"11210","0",27084,11215,411107,"hasPlace","Garrett Lidin-hasPlace-Cultus Lake Salmon Research Laboratory","","","","active","2017-10-24",""
"77",21238,0,5972,130,"11210","0",27165,11215,411105,"hasPlace","Geoff Perry-hasPlace-Northwest Atlantic Fisheries Centre","","","","active","2017-10-24",""
"78",21238,0,5973,132,"11210","0",27111,11215,411105,"hasPlace","Gerald Chaput-hasPlace-Gulf Fisheries Centre","","","","active","2017-10-24",""
"79",21238,0,5974,133,"11210","0",27111,11215,411105,"hasPlace","Gilles Paulin-hasPlace-Gulf Fisheries Centre","","","","active","2017-10-24",""
"80",21238,0,5975,134,"11210","0",27250,11215,411107,"hasPlace","Gilles Verret-hasPlace-Vancouver (RHQ)","","","","active","2017-10-24",""
"81",21238,0,5976,135,"11210","0",27055,11215,411104,"hasPlace","Greg Hornby-hasPlace-Campbell River","","","","active","2017-10-24",""
"82",21238,0,5977,137,"11210","0",27230,11215,411107,"hasPlace","Greg Schuler-hasPlace-Spius Creek Hatchery","","","","active","2017-10-24",""
"83",21238,0,5978,140,"11210","0",27226,11215,411107,"hasPlace","Haakon Hammer-hasPlace-Snootli Hatchery","","","","active","2017-10-24",""
"84",21238,0,5979,141,"11210","0",27050,11215,411107,"hasPlace","Heather Braun-hasPlace-Big Qualicum River Hatchery","","","","active","2017-10-24",""
"85",21238,0,5980,142,"11210","0",27135,11215,411107,"hasPlace","Helen Kerr-hasPlace-Marine House","","","","active","2017-10-24",""
"86",21238,0,5981,148,"11210","0",27165,11215,411105,"hasPlace","Ian Bradbury-hasPlace-Northwest Atlantic Fisheries Centre","","","","active","2017-10-24",""
"87",21238,0,5982,151,"11210","0",27176,11215,411106,"hasPlace","Ivan Benwell-hasPlace-PEI Area Office","","","","active","2017-10-24",""
"88",21238,0,5983,152,"11210","0",27186,11215,411106,"hasPlace","Ivan Winther-hasPlace-Prince Rupert Field Office","","","","active","2017-10-24",""
"89",21238,0,5984,153,"11210","0",27165,11215,411105,"hasPlace","Jackie Kean-hasPlace-Northwest Atlantic Fisheries Centre","","","","active","2017-10-24",""
"90",21238,0,5985,155,"11210","0",27133,11215,411107,"hasPlace","James Bell-hasPlace-Mactaquac Biodiversity Facility","","","","active","2017-10-24",""
"91",21238,0,5986,156,"11210","0",27121,11215,411107,"hasPlace","James Weger-hasPlace-Inch Creek Hatchery","","","","active","2017-10-24",""
"92",21238,0,5987,159,"11210","0",27117,11215,411107,"hasPlace","Jason Ladell-hasPlace-HQ","","","","active","2017-10-24",""
"93",21238,0,5988,160,"11210","0",27250,11215,411107,"hasPlace","Jason Mahoney-hasPlace-Vancouver (RHQ)","","","","active","2017-10-24",""
"94",21238,0,5989,162,"11210","0",27250,11215,411107,"hasPlace","Jeff Grout-hasPlace-Vancouver (RHQ)","","","","active","2017-10-24",""
"95",21238,0,5990,163,"11210","0",27249,11215,411104,"hasPlace","Jeff Jung-hasPlace-Vancouver","","","","active","2017-10-24",""
"96",21238,0,5991,167,"11210","0",27249,11215,411104,"hasPlace","Jennifer Nener-hasPlace-Vancouver","","","","active","2017-10-24",""
"98",21238,0,5992,169,"11210","0",27061,11215,411107,"hasPlace","Jeremy Smith-hasPlace-Capilano Hatchery","","","","active","2017-10-24",""
"99",21238,0,5993,170,"11210","0",27250,11215,411107,"hasPlace","Jim Echols-hasPlace-Vancouver (RHQ)","","","","active","2017-10-24",""
"100",21238,0,5994,171,"11210","0",27172,11215,411105,"hasPlace","Jim Irvine-hasPlace-Pacific Biological Station","","","","active","2017-10-24",""
"101",21238,0,5995,173,"11210","0",27055,11215,411104,"hasPlace","Joan Bennett-hasPlace-Campbell River","","","","active","2017-10-24",""
"102",21238,0,5996,174,"11210","0",27250,11215,411107,"hasPlace","Joanne Lawrence-hasPlace-Vancouver (RHQ)","","","","active","2017-10-24",""
"103",21238,0,5997,175,"11210","0",27256,11215,411106,"hasPlace","Jody Mackenzie-Grieve-hasPlace-Whitehorse Field Office","","","","active","2017-10-24",""
"104",21238,0,5998,176,"11210","0",27142,11215,411105,"hasPlace","Joe Sheasgreen-hasPlace-Miramichi Salmon Conservation Centre","","","","active","2017-10-24",""
"105",21238,0,5999,178,"11210","0",27256,11215,411106,"hasPlace","Joel Harding-hasPlace-Whitehorse Field Office","","","","active","2017-10-24",""
"106",21238,0,6000,181,"11210","0",27142,11215,411105,"hasPlace","John Hayward-hasPlace-Miramichi Salmon Conservation Centre","","","","active","2017-10-24",""
"107",21238,0,6001,182,"11210","0",27172,11215,411105,"hasPlace","John Holmes-hasPlace-Pacific Biological Station","","","","active","2017-10-24",""
"108",21238,0,6002,186,"11210","0",27133,11215,411107,"hasPlace","John Whitelaw-hasPlace-Mactaquac Biodiversity Facility","","","","active","2017-10-24",""
"109",21238,0,6003,187,"11210","0",27226,11215,411107,"hasPlace","John Willis-hasPlace-Snootli Hatchery","","","","active","2017-10-24",""
"110",21238,0,6004,190,"11210","0",27250,11215,411107,"hasPlace","Jonathan Fershau-hasPlace-Vancouver (RHQ)","","","","active","2017-10-24",""
"111",21238,0,6005,191,"11210","0",27095,11215,411106,"hasPlace","Jonathan Joe-hasPlace-Duncan Field Office","","","","active","2017-10-24",""
"112",21238,0,6006,192,"11210","0",27172,11215,411105,"hasPlace","Julia Bradshaw-hasPlace-Pacific Biological Station","","","","active","2017-10-24",""
"113",21238,0,6007,193,"11210","0",27117,11215,411107,"hasPlace","Justine Mannion-hasPlace-HQ","","","","active","2017-10-24",""
"114",21238,0,6008,195,"11210","0",27249,11215,411104,"hasPlace","Karen Calla-hasPlace-Vancouver","","","","active","2017-10-24",""
"115",21238,0,6009,196,"11210","0",27060,11215,411105,"hasPlace","Karen Dunmall-hasPlace-Canadian Centre for Inland Waters","","","","active","2017-10-24",""
"116",21238,0,6010,197,"11210","0",27250,11215,411107,"hasPlace","Karen Okahori-hasPlace-Vancouver (RHQ)","","","","active","2017-10-24",""
"117",21238,0,6011,199,"11210","0",27142,11215,411105,"hasPlace","Kari Underhill-hasPlace-Miramichi Salmon Conservation Centre","","","","active","2017-10-24",""
"118",21238,0,6012,202,"11210","0",27165,11215,411105,"hasPlace","Keith Clarke-hasPlace-Northwest Atlantic Fisheries Centre","","","","active","2017-10-24",""
"119",21238,0,6013,203,"11210","0",27018,11215,411104,"hasPlace","Kelcy Tousignant-hasPlace-Whitehorse","","","","active","2017-10-24",""
"120",21238,0,6014,205,"11210","0",27103,11215,411107,"hasPlace","Ken Green-hasPlace-Fraser Vally Steveston","","","","active","2017-10-24",""
"121",21238,0,6015,207,"11210","0",27122,11215,411107,"hasPlace","Kent Smedbol-hasPlace-Institute Maurice Lamontagne","","","","active","2017-10-24",""
"122",21238,0,6016,208,"11210","0",27055,11215,411104,"hasPlace","Kent Spencer-hasPlace-Campbell River","","","","active","2017-10-24",""
"123",21238,0,6017,210,"11210","0",27056,11215,411107,"hasPlace","Kerra Shaw-hasPlace-Campbell River (Tamarac)","","","","active","2017-10-24",""
"124",21238,0,6018,211,"11210","0",27227,11215,411106,"hasPlace","Kevin Conley-hasPlace-South Coast Area Office","","","","active","2017-10-24",""
"125",21238,0,6019,213,"11210","0",27123,11215,411107,"hasPlace","Kim Houston-hasPlace-Institute of Oceans Science","","","","active","2017-10-24",""
"126",21238,0,6020,214,"11210","0",27172,11215,411105,"hasPlace","Kim Hyatt-hasPlace-Pacific Biological Station","","","","active","2017-10-24",""
"127",21238,0,6021,215,"11210","0",27148,11215,411107,"hasPlace","Kirby Rietze-hasPlace-Nanaimo (SEP)","","","","active","2017-10-24",""
"128",21238,0,6022,218,"11210","0",27172,11215,411105,"hasPlace","Kristi Miller-Saunders-hasPlace-Pacific Biological Station","","","","active","2017-10-24",""
"129",21238,0,6023,219,"11210","0",27227,11215,411106,"hasPlace","Laura Brown-hasPlace-South Coast Area Office","","","","active","2017-10-24",""
"130",21238,0,6024,221,"11210","0",27194,11215,411107,"hasPlace","Laura Terry-hasPlace-Puntledge River Hatchery","","","","active","2017-10-24",""
"131",21238,0,6025,223,"11210","0",27046,11215,411105,"hasPlace","Lei Harris-hasPlace-Bedford Institute of Oceanography","","","","active","2017-10-24",""
"132",21238,0,6026,224,"11210","0",27133,11215,411107,"hasPlace","Leroy Anderson-hasPlace-Mactaquac Biodiversity Facility","","","","active","2017-10-24",""
"133",21238,0,6027,225,"11210","0",27050,11215,411107,"hasPlace","Les Clint-hasPlace-Big Qualicum River Hatchery","","","","active","2017-10-24",""
"134",21238,0,6028,226,"11210","0",27172,11215,411105,"hasPlace","Lesley MacDougall-hasPlace-Pacific Biological Station","","","","active","2017-10-24",""
"135",21238,0,6029,227,"11210","0",27258,11215,411106,"hasPlace","Linda Stevens-hasPlace-Williams Lake Field Office","","","","active","2017-10-24",""
"136",21238,0,6030,228,"11210","0",27250,11215,411107,"hasPlace","Lisa Kerr-hasPlace-Vancouver (RHQ)","","","","active","2017-10-24",""
"137",21238,0,6031,229,"11210","0",27194,11215,411107,"hasPlace","Lorne Frisson-hasPlace-Puntledge River Hatchery","","","","active","2017-10-24",""
"138",21238,0,6032,231,"11210","0",27046,11215,411105,"hasPlace","Louise de Mestral-hasPlace-Bedford Institute of Oceanography","","","","active","2017-10-24",""
"139",21238,0,6033,232,"11210","0",27256,11215,411106,"hasPlace","Louise Naylor-hasPlace-Whitehorse Field Office","","","","active","2017-10-24",""
"140",21238,0,6034,236,"11210","0",27172,11215,411105,"hasPlace","Lyse Godbout-hasPlace-Pacific Biological Station","","","","active","2017-10-24",""
"141",21238,0,6035,237,"11210","0",27111,11215,411105,"hasPlace","Marc Lecouffe-hasPlace-Gulf Fisheries Centre","","","","active","2017-10-24",""
"142",21238,0,6036,238,"11210","0",27234,11215,411107,"hasPlace","Marc Trudel-hasPlace-St. Andrews Biological Station","","","","active","2017-10-24",""
"143",21238,0,6037,240,"11210","0",27172,11215,411105,"hasPlace","Margot Stockwell-hasPlace-Pacific Biological Station","","","","active","2017-10-24",""
"144",21238,0,6038,241,"11210","0",27186,11215,411106,"hasPlace","Marilyn Helin-hasPlace-Prince Rupert Field Office","","","","active","2017-10-24",""
"145",21238,0,6039,242,"11210","0",27018,11215,411104,"hasPlace","Marina Milligan-hasPlace-Whitehorse","","","","active","2017-10-24",""
"146",21238,0,6040,244,"11210","0",27186,11215,411106,"hasPlace","Mark Potyrala-hasPlace-Prince Rupert Field Office","","","","active","2017-10-24",""
"147",21238,0,6041,245,"11210","0",27128,11215,411107,"hasPlace","Markus Feldhoff-hasPlace-Kitimat River Hatchery","","","","active","2017-10-24",""
"148",21238,0,6042,247,"11210","0",27165,11215,411105,"hasPlace","Martha Robertson-hasPlace-Northwest Atlantic Fisheries Centre","","","","active","2017-10-24",""
"149",21238,0,6043,248,"11210","0",27122,11215,411107,"hasPlace","Marthe Berube-hasPlace-Institute Maurice Lamontagne","","","","active","2017-10-24",""
"150",21238,0,6044,249,"11210","0",27122,11215,411107,"hasPlace","Martin Castonguay-hasPlace-Institute Maurice Lamontagne","","","","active","2017-10-24",""
"151",21238,0,6045,250,"11210","0",27018,11215,411104,"hasPlace","Mary Ellen Jarvis-hasPlace-Whitehorse","","","","active","2017-10-24",""
"152",21238,0,6046,251,"11210","0",27172,11215,411105,"hasPlace","Mary Thiess-hasPlace-Pacific Biological Station","","","","active","2017-10-24",""
"153",21238,0,6047,252,"11210","0",27056,11215,411107,"hasPlace","Matt Mortimer-hasPlace-Campbell River (Tamarac)","","","","active","2017-10-24",""
"154",21238,0,6048,255,"11210","0",27039,11215,411104,"hasPlace","Matthew Townsend-hasPlace-Annacis Island","","","","active","2017-10-24",""
"155",21238,0,6049,257,"11210","0",27249,11215,411104,"hasPlace","Mel Kotyk-hasPlace-Vancouver","","","","active","2017-10-24",""
"156",21238,0,6050,260,"11210","0",27172,11215,411105,"hasPlace","Michael O'Brien-hasPlace-Pacific Biological Station","","","","active","2017-10-24",""
"157",21238,0,6051,262,"11210","0",27176,11215,411106,"hasPlace","Michel Arsenault-hasPlace-PEI Area Office","","","","active","2017-10-24",""
"158",21238,0,6052,263,"11210","0",27111,11215,411105,"hasPlace","Michel Biron-hasPlace-Gulf Fisheries Centre","","","","active","2017-10-24",""
"159",21238,0,6053,264,"11210","0",27081,11215,411107,"hasPlace","Mike Austin-hasPlace-Conuma River Hatchery","","","","active","2017-10-24",""
"160",21238,0,6054,265,"11210","0",27064,11215,411105,"hasPlace","Mike Bradford-hasPlace-Centre for Aquaculture and Environmental Research","","","","active","2017-10-24",""
"161",21238,0,6055,266,"11210","0",27250,11215,411107,"hasPlace","Mike Carlson-hasPlace-Vancouver (RHQ)","","","","active","2017-10-24",""
"162",21238,0,6056,268,"11210","0",27076,11215,411107,"hasPlace","Mike Goguen-hasPlace-Coldbrook Biodiversity Facility","","","","active","2017-10-24",""
"163",21238,0,6057,269,"11210","0",27039,11215,411104,"hasPlace","Mike Hawkshaw-hasPlace-Annacis Island","","","","active","2017-10-24",""
"164",21238,0,6058,270,"11210","0",27186,11215,411106,"hasPlace","Mike Jakubowski-hasPlace-Prince Rupert Field Office","","","","active","2017-10-24",""
"165",21238,0,6059,272,"11210","0",27147,11215,411107,"hasPlace","Mike Thorburne-hasPlace-Morgan Falls Fishway","","","","active","2017-10-24",""
"166",21238,0,6060,273,"11210","0",27107,11215,411107,"hasPlace","Mitchell Harborne-hasPlace-Fulton River Spawning Channel","","","","active","2017-10-24",""
"167",21238,0,6061,277,"11210","0",27230,11215,411107,"hasPlace","Neil Jantz-hasPlace-Spius Creek Hatchery","","","","active","2017-10-24",""
"168",21238,0,6062,278,"11210","0",27172,11215,411105,"hasPlace","Nicholas Komick-hasPlace-Pacific Biological Station","","","","active","2017-10-24",""
"169",21238,0,6063,283,"11210","0",27250,11215,411107,"hasPlace","Paige Ackerman-hasPlace-Vancouver (RHQ)","","","","active","2017-10-24",""
"170",21238,0,6064,284,"11210","0",27111,11215,411105,"hasPlace","Patricia Edwards-hasPlace-Gulf Fisheries Centre","","","","active","2017-10-24",""
"171",21238,0,6065,287,"11210","0",27111,11215,411105,"hasPlace","Paul Chamberland-hasPlace-Gulf Fisheries Centre","","","","active","2017-10-24",""
"172",21238,0,6066,290,"11210","0",27122,11215,411107,"hasPlace","Pedro Nilo-hasPlace-Institute Maurice Lamontagne","","","","active","2017-10-24",""
"173",21238,0,6067,291,"11210","0",27061,11215,411107,"hasPlace","Pete Campbell-hasPlace-Capilano Hatchery","","","","active","2017-10-24",""
"174",21238,0,6068,293,"11210","0",27180,11215,411106,"hasPlace","Peter Hall-hasPlace-Port Alberni Field Office","","","","active","2017-10-24",""
"175",21238,0,6069,294,"11210","0",27202,11215,411106,"hasPlace","Peter Katinic-hasPlace-Queen Charlotte City Field Office","","","","active","2017-10-24",""
"176",21238,0,6070,295,"11210","0",27018,11215,411104,"hasPlace","Philippe Beaulieu-hasPlace-Whitehorse","","","","active","2017-10-24",""
"177",21238,0,6071,297,"11210","0",27250,11215,411107,"hasPlace","Rebecca Reid-hasPlace-Vancouver (RHQ)","","","","active","2017-10-24",""
"178",21238,0,6072,298,"11210","0",27068,11215,411107,"hasPlace","Reid Schrul-hasPlace-Chehalis River Hatchery","","","","active","2017-10-24",""
"179",21238,0,6073,299,"11210","0",27111,11215,411105,"hasPlace","Renelle Doucette-hasPlace-Gulf Fisheries Centre","","","","active","2017-10-24",""
"180",21238,0,6074,300,"11210","0",27125,11215,411106,"hasPlace","Richard Bailey-hasPlace-Kamloops Field Office","","","","active","2017-10-24",""
"181",21238,0,6075,305,"11210","0",27156,11215,411107,"hasPlace","Rob Brouwer-hasPlace-Nitinat River Hatchery","","","","active","2017-10-24",""
"182",21238,0,6076,306,"11210","0",27172,11215,411105,"hasPlace","Rob Houtman-hasPlace-Pacific Biological Station","","","","active","2017-10-24",""
"183",21238,0,6077,307,"11210","0",27084,11215,411107,"hasPlace","Rob Schaefer-hasPlace-Cultus Lake Salmon Research Laboratory","","","","active","2017-10-24",""
"184",21238,0,6078,308,"11210","0",27133,11215,411107,"hasPlace","Robert Beaumaster-hasPlace-Mactaquac Biodiversity Facility","","","","active","2017-10-24",""
"185",21238,0,6079,310,"11210","0",27117,11215,411107,"hasPlace","Roger Wysocki-hasPlace-HQ","","","","active","2017-10-24",""
"186",21238,0,6080,314,"11210","0",27249,11215,411104,"hasPlace","Ryan Galbraith-hasPlace-Vancouver","","","","active","2017-10-24",""
"187",21238,0,6081,315,"11210","0",27186,11215,411106,"hasPlace","Sandra Davies-hasPlace-Prince Rupert Field Office","","","","active","2017-10-24",""
"188",21238,0,6082,316,"11210","0",27245,11215,411104,"hasPlace","Sandy Devcic-hasPlace-Terrace","","","","active","2017-10-24",""
"189",21238,0,6083,317,"11210","0",27123,11215,411107,"hasPlace","Sarah Hawkshaw-hasPlace-Institute of Oceans Science","","","","active","2017-10-24",""
"190",21238,0,6084,318,"11210","0",27250,11215,411107,"hasPlace","Sarah Murdoch-hasPlace-Vancouver (RHQ)","","","","active","2017-10-24",""
"191",21238,0,6085,319,"11210","0",27111,11215,411105,"hasPlace","Sarah Tuziak-hasPlace-Gulf Fisheries Centre","","","","active","2017-10-24",""
"192",21238,0,6086,320,"11210","0",27172,11215,411105,"hasPlace","Scott Akenhead-hasPlace-Pacific Biological Station","","","","active","2017-10-24",""
"193",21238,0,6087,322,"11210","0",27111,11215,411105,"hasPlace","Scott Douglas-hasPlace-Gulf Fisheries Centre","","","","active","2017-10-24",""
"194",21238,0,6088,323,"11210","0",27039,11215,411104,"hasPlace","Scott Ducharme-hasPlace-Annacis Island","","","","active","2017-10-24",""
"195",21238,0,6089,324,"11210","0",27244,11215,411107,"hasPlace","Scott Melville-hasPlace-Tenderfoot Creek Hatchery","","","","active","2017-10-24",""
"196",21238,0,6090,325,"11210","0",27018,11215,411104,"hasPlace","Sean Collins-hasPlace-Whitehorse","","","","active","2017-10-24",""
"197",21238,0,6091,328,"11210","0",27111,11215,411105,"hasPlace","Serge Doucet-hasPlace-Gulf Fisheries Centre","","","","active","2017-10-24",""
"198",21238,0,6092,330,"11210","0",27205,11215,411107,"hasPlace","Shannon Anderson-hasPlace-Quinsam River Hatchery","","","","active","2017-10-24",""
"199",21238,0,6093,331,"11210","0",27250,11215,411107,"hasPlace","Sharan Johal-hasPlace-Vancouver (RHQ)","","","","active","2017-10-24",""
"200",21238,0,6094,332,"11210","0",27186,11215,411106,"hasPlace","Shaun Davies-hasPlace-Prince Rupert Field Office","","","","active","2017-10-24",""
"201",21238,0,6095,333,"11210","0",27068,11215,411107,"hasPlace","Shaun Spenard-hasPlace-Chehalis River Hatchery","","","","active","2017-10-24",""
"202",21238,0,6096,336,"11210","0",27172,11215,411105,"hasPlace","Shelee Hamilton-hasPlace-Pacific Biological Station","","","","active","2017-10-24",""
"203",21238,0,6097,339,"11210","0",27111,11215,411105,"hasPlace","Sophie Leblanc-hasPlace-Gulf Fisheries Centre","","","","active","2017-10-24",""
"204",21238,0,6098,340,"11210","0",27055,11215,411104,"hasPlace","Stacey Larsen-hasPlace-Campbell River","","","","active","2017-10-24",""
"205",21238,0,6099,341,"11210","0",27018,11215,411104,"hasPlace","Stefan Howarth-hasPlace-Whitehorse","","","","active","2017-10-24",""
"206",21238,0,6100,342,"11210","0",27186,11215,411106,"hasPlace","Steve Cox-Rogers-hasPlace-Prince Rupert Field Office","","","","active","2017-10-24",""
"207",21238,0,6101,343,"11210","0",27210,11215,411107,"hasPlace","Steve Emmonds-hasPlace-Robertson Creek Hatchery","","","","active","2017-10-24",""
"208",21238,0,6102,344,"11210","0",27256,11215,411106,"hasPlace","Steve Gotch-hasPlace-Whitehorse Field Office","","","","active","2017-10-24",""
"209",21238,0,6103,345,"11210","0",27064,11215,411105,"hasPlace","Steve MacDonald-hasPlace-Centre for Aquaculture and Environmental Research","","","","active","2017-10-24",""
"210",21238,0,6104,347,"11210","0",27234,11215,411107,"hasPlace","Steven Leadbeater-hasPlace-St. Andrews Biological Station","","","","active","2017-10-24",""
"211",21238,0,6105,348,"11210","0",27172,11215,411105,"hasPlace","Stewart Johnson-hasPlace-Pacific Biological Station","","","","active","2017-10-24",""
"212",21238,0,6106,349,"11210","0",27172,11215,411105,"hasPlace","Strahan Tucker-hasPlace-Pacific Biological Station","","","","active","2017-10-24",""
"213",21238,0,6107,350,"11210","0",27125,11215,411106,"hasPlace","Stuart LePage-hasPlace-Kamloops Field Office","","","","active","2017-10-24",""
"214",21238,0,6108,351,"11210","0",27039,11215,411104,"hasPlace","Sue Grant-hasPlace-Annacis Island","","","","active","2017-10-24",""
"215",21238,0,6109,353,"11210","0",27125,11215,411106,"hasPlace","Tanya Vivian-hasPlace-Kamloops Field Office","","","","active","2017-10-24",""
"216",21238,0,6110,358,"11210","0",27039,11215,411104,"hasPlace","Tracy Cone-hasPlace-Annacis Island","","","","active","2017-10-24",""
"217",21238,0,6111,360,"11210","0",27249,11215,411104,"hasPlace","Tyler Collie-hasPlace-Vancouver","","","","active","2017-10-24",""
"218",21238,0,6112,362,"11210","0",27256,11215,411106,"hasPlace","Vesta Mather-hasPlace-Whitehorse Field Office","","","","active","2017-10-24",""
"219",21238,0,6113,363,"11210","0",27128,11215,411107,"hasPlace","Vince Sealy-hasPlace-Kitimat River Hatchery","","","","active","2017-10-24",""
"220",21238,0,6114,364,"11210","0",27111,11215,411105,"hasPlace","Wayne Fairchild-hasPlace-Gulf Fisheries Centre","","","","active","2017-10-24",""
"221",21238,0,6115,365,"11210","0",27227,11215,411106,"hasPlace","Wilf Luedke-hasPlace-South Coast Area Office","","","","active","2017-10-24",""
