"","resourceNodeTypeID","resourceNodeSubTypeID","ID","label","name","description","status","start_date","end_date","abbreviation","alpha2code","alpha3code","numeric","altPlaceType","geoJSONStringType","geoJSONString","source","sourceurl"
"1","11215",NA,1396,"Big Qualicum River Hatchery","","","active","2017-01-24","","","","","","","","49.393583, -124.609955","",NA
"2","11215",NA,1397,"Bella Coola Field Office","","","active","2017-01-24","","","","","","","",NA,"",NA
"3","11215",NA,1398,"Campbell River (Tamarac)","","","active","2017-01-24","","","","","","","","50.030083, -125.273104","",NA
"4","11215",NA,1399,"Campbell River Field Office","","","active","2017-01-24","","","","","","","","50.024405, -125.243603","",NA
"5","11215",NA,1400,"Capilano Salmon Hatchery","","","active","2017-01-24","","","","","","","",NA,"",NA
"6","11215",NA,1401,"Charlottetown (Diadromous)","","","active","2017-01-24","","","","","","","","46.236051, -63.127942","",NA
"7","11215",NA,1402,"Chehalis River Hatchery","","","active","2017-01-24","","","","","","","","49.292882, -121.943626","",NA
"8","11215",NA,1403,"Chilliwack Fish Hatchery","","","active","2017-01-24","","","","","","","","49.079804, -121.703395","",NA
"9","11215",NA,1404,"Chilliwack Field Office","","","active","2017-01-24","","","","","","","",NA,"",NA
"10","11215",NA,1405,"Comox Valley Field Office","","","active","2017-01-24","","","","","","","","49.672777, -124.925488","",NA
"11","11215",NA,1406,"Conuma River Hatchery","","","active","2017-01-24","","","","","","","",NA,"",NA
"12","11215",NA,1407,"Dewdney Field Office","","","active","2017-01-24","","","","","","","",NA,"",NA
"13","11215",NA,1408,"DFO Gulf Nova Scotia Area Office","","","active","2017-01-24","","","","","","","",NA,"",NA
"14","11215",NA,1409,"Duncan Field Office","","","active","2017-01-24","","","","","","","",NA,"",NA
"15","11215",NA,1410,"Fulton River Spawning Channel","","","active","2017-01-24","","","","","","","",NA,"",NA
"16","11215",NA,1411,"Inch Creek Hatchery","","","active","2017-01-24","","","","","","","",NA,"",NA
"17","11215",NA,1412,"Kitimat River Hatchery","","","active","2017-01-24","","","","","","","",NA,"",NA
"18","11215",NA,1413,"Langley Field Office","","","active","2017-01-24","","","","","","","",NA,"",NA
"19","11215",NA,1414,"Miramichi Salmon Conservation Centre","","","active","2017-01-24","","","","","","","",NA,"",NA
"20","11215",NA,1415,"Marine House","","","active","2017-01-24","","","","","","","",NA,"",NA
"21","11215",NA,1416,"Mission Field Office","","","active","2017-01-24","","","","","","","",NA,"",NA
"22","11215",NA,1417,"Morgan Falls Fishway","","","active","2017-01-24","","","","","","","",NA,"",NA
"23","11215",NA,1418,"Nanaimo (SEP)","","","active","2017-01-24","","","","","","","",NA,"",NA
"24","11215",NA,1419,"Nitinat River Hatchery","","","active","2017-01-24","","","","","","","",NA,"",NA
"25","11215",NA,1420,"PEI Area Office","","","active","2017-01-24","","","","","","","","46.277431, -63.149997","",NA
"26","11215",NA,1421,"Port Alberni Field Office","","","active","2017-01-24","","","","","","","",NA,"",NA
"27","11215",NA,1422,"Port Hardy Field Office","","","active","2017-01-24","","","","","","","",NA,"",NA
"28","11215",NA,1423,"Puntledge River Hatchery","","","active","2017-01-24","","","","","","","",NA,"",NA
"29","11215",NA,1424,"Queen Charlotte City Field Office","","","active","2017-01-24","","","","","","","",NA,"",NA
"30","11215",NA,1425,"Quinsam River Hatchery","","","active","2017-01-24","","","","","","","",NA,"",NA
"31","11215",NA,1426,"Robertson Creek Hatchery","","","active","2017-01-24","","","","","","","",NA,"",NA
"32","11215",NA,1427,"Smithers Field Office","","","active","2017-01-24","","","","","","","",NA,"",NA
"33","11215",NA,1428,"Snootli Creek Hatchery","","","active","2017-01-24","","","","","","","","52.403988, -126.499070","",NA
"34","11215",NA,1429,"Spius Creek Hatchery","","","active","2017-01-24","","","","","","","",NA,"",NA
"35","11215",NA,1430,"Squamish Field Office","","","active","2017-01-24","","","","","","","",NA,"",NA
"36","11215",NA,1431,"Steveston Field Office","","","active","2017-01-24","","","","","","","",NA,"",NA
"37","11215",NA,1432,"Tenderfoot Creek Hatchery","","","active","2017-01-24","","","","","","","",NA,"",NA
"38","11215",NA,1433,"Terrace Field Office","","","active","2017-01-24","","","","","","","",NA,"",NA
"39","11215",NA,1434,"Vancouver (SEP)","","","active","2017-01-24","","","","","","","",NA,"",NA
"40","11215",NA,1435,"Williams Lake Field Office","","","active","2017-01-24","","","","","","","",NA,"",NA
"41","11215",NA,1436,"Canada Centre for Insland Waters (Bayfield Institute)","","","active","2017-01-24","","","","","","","","43.299472, -79.801421","",NA
"42","11215",NA,1437,"Freshwater Institute","","","active","2017-01-24","","","","","","","","49.804895, -97.139547","",NA
"43","11215",NA,1438,"Sea Lamprey Control Centre","","","active","2017-01-24","","","","","","","","46.504060, -84.303345","",NA
"44","11215",NA,1439,"HQ","","","active","2017-01-24","","","","","","","","45.417170, -75.701199","",NA
"45","11215",NA,1440,"Gulf Fisheries Centre","","","active","2017-01-24","","","","","","","","46.098059, -64.785095","",NA
"46","11215",NA,1441,"Bedford Institute of Oceanography","","","active","2017-01-24","","","","","","","","44.682988, -63.611398","",NA
"47","11215",NA,1442,"Coldbrook Biodiversity Facility","","","active","2017-01-24","","","","","","","","45.060542, -64.600959","","http://www.inter.dfo-mpo.gc.ca/Maritimes/Biodiversity-Facilities"
"48","11215",NA,1443,"Mactaquac Biodiversity Facility","","","active","2017-01-24","","","","","","","","45.958506, -66.841565","","http://www.inter.dfo-mpo.gc.ca/Maritimes/Biodiversity-Facilities#details-panel2"
"49","11215",NA,1444,"St. Andrews Biological Station","","","active","2017-01-24","","","","","","","","45.081951, -67.083831","",NA
"50","11215",NA,1445,"Northwest Atlantic Fisheries Centre","","","active","2017-01-24","","","","","","","","47.587768, -52.678628","",NA
"51","11215",NA,1446,"Institute Maurice Lamontagne","","","active","2017-01-24","","","","","","","","48.640212, -68.155200","",NA
"52","11215",NA,1447,"Pacific Biological Station","","","active","2017-01-24","","","","","","","","49.210562, -123.955015","","http://www.pac.dfo-mpo.gc.ca/science/facilities-installations/index-eng.html#pbs"
"53","11215",NA,1448,"Simon Fraser University","","","active","2017-01-24","","","","","","","","49.272474, -122.915659","",NA
"54","11215",NA,1449,"Institute of Ocean Sciences","","","active","2017-01-24","","","","","","","","48.650327, -123.449323","","http://www.pac.dfo-mpo.gc.ca/science/facilities-installations/index-eng.html#ios"
"55","11215",NA,1450,"Cultus Lake Salmon Research Laboratory","","","active","2017-01-24","","","","","","","","49.078865, -121.978975","","http://www.pac.dfo-mpo.gc.ca/science/facilities-installations/index-eng.html"
"56","11215",NA,1451,"Whitehorse Field Office","","","active","2017-01-24","","","","","","","","7576, -135.088733","",NA
"57","11215",NA,1452,"Prince Rupert Field Office","","","active","2017-01-24","","","","","","","","54.313011, -130.325488","",NA
"58","11215",NA,1453,"South Coast Area Office","","","active","2017-01-24","","","","","","","","49.212698, -123.955094","",NA
"59","11215",NA,1454,"Kamloops Field Office","","","active","2017-01-24","","","","","","","","50.668489, -120.373194","",NA
"60","11215",NA,1455,"Vancouver (RHQ)","","","active","2017-01-24","","","","","","","","49.287088, -123.117589","",NA
"61","11215",NA,1456,"Centre for Aquaculture and Environmental Research","","","active","2017-01-24","","","","","","","","49.340709, -123.233390","",NA
"62","11215",NA,1457,"Annacis Island","","","active","2017-01-24","","","","","","","","49.193232, -122.919530","",NA
