"","resourceLinkTypeID","resourceLinkSubTypeID","ID","fromResourceNodeID","fromResourceNodeTypeID","fromResourceNodeSubTypeID","toResourceNodeID","toResourceNodeTypeID","toResourceNodeSubTypeID","linkLabel","name","description","isPrimary","language","status","start_date","end_date"
"14",21272,0,6176,27076,11215,411107,1387,"11217",NA,"hasWebpage","Coldbrook Biodiversity Facility-hasWebpage-Coldbrook Biodiversity Facility","","","","active","2017-10-24",""
"17",21272,0,6177,27084,11215,411107,1391,"11217",NA,"hasWebpage","Cultus Lake Salmon Research Laboratory-hasWebpage-Cultus Lake Salmon Research Laboratory","","","","active","2017-10-24",""
"31",21272,0,6178,27133,11215,411107,1388,"11217",NA,"hasWebpage","Mactaquac Biodiversity Facility-hasWebpage-Mactaquac Biodiversity Facility","","","","active","2017-10-24",""
"39",21272,0,6179,27172,11215,411105,1389,"11217",NA,"hasWebpage","Pacific Biological Station-hasWebpage-Pacific Biological Station","","","","active","2017-10-24",""
