"","source","ID","resourceNodeTypeID","resourceNodeSubTypeID","label","name","abbreviation","alpha2code","alpha3code","numeric","description","altPlaceType","language","status","geoJSONStringType","geoJSONString","start_date","end_date"
"1","JSC",27000,11215,411102,"Canada","Canada","","CA","CAN",124,"","","en","active","Polygon",NA,"",""
"2","JSC",27001,11215,411103,"Newfoundland and Labrador","Newfoundland and Labrador","N.L.","NL","",NA,"https://en.wikipedia.org/wiki/Newfoundland_and_Labrador","province","en","active","Polygon",NA,"",""
"3","JSC",27002,11215,411103,"Prince Edward Island","Prince Edward Island","P.E.I.","PE","PEI",NA,"","province","en","active","Polygon",NA,"",""
"4","JSC",27003,11215,411103,"Nova Scotia","Nova Scotia","N.S.","NS","",NA,"https://en.wikipedia.org/wiki/Nova_Scotia","province","en","active","Polygon",NA,"",""
"5","JSC",27004,11215,411103,"New Brunswick","New Brunswick","N.B.","NB","",NA,"","province","en","active","Polygon",NA,"",""
"6","JSC",27005,11215,411103,"Québec","Québec","Que.","QC","",NA,"","province","en","active","Polygon",NA,"",""
"7","JSC",27006,11215,411103,"Ontario","Ontario","Ont.","ON","",NA,"https://en.wikipedia.org/wiki/Ontario","province","en","active","Polygon",NA,"",""
"8","JSC",27007,11215,411103,"Manitoba","Manitoba","Man.","MB","",NA,"https://en.wikipedia.org/wiki/Manitoba","province","en","active","Polygon",NA,"",""
"9","JSC",27008,11215,411103,"Saskatchewan","Saskatchewan","Sask.","SK","",NA,"","province","en","active","Polygon",NA,"",""
"10","JSC",27009,11215,411103,"Alberta","Alberta","Alta.","AB","",NA,"","province","en","active","Polygon",NA,"",""
"11","JSC",27010,11215,411103,"British Columbia","British Columbia","B.C.","BC","",NA,"https://en.wikipedia.org/wiki/British_Columbia","province","en","active","Polygon",NA,"",""
"12","JSC",27011,11215,411103,"Yukon","Yukon","Y.T.","YT","",NA,"https://en.wikipedia.org/wiki/Yukon","territory","en","active","Polygon",NA,"",""
"13","JSC",27012,11215,411103,"Northwest Territories","Northwest Territories","N.W.T.","NT","",NA,"","territory","en","active","Polygon",NA,"",""
"14","JSC",27013,11215,411103,"Nunavut","Nunavut","Nvt.","NU","",NA,"","territory","en","active","Polygon",NA,"",""
"15","JSC",27014,11215,411104,"St. John's","St. John's","","","",NA,"https://en.wikipedia.org/wiki/St._John%27s,_Newfoundland_and_Labrador","city","en","active","Point",NA,"",""
"16","JSC",27015,11215,411104,"Sidney","Sidney","","","",NA,"https://en.wikipedia.org/wiki/Sidney,_British_Columbia","city","en","active","Point",NA,"",""
"17","JSC",27016,11215,411104,"Nanaimo","Nanaimo","","","",NA,"https://en.wikipedia.org/wiki/Nanaimo","city","en","active","Point",NA,"",""
"18","JSC",27017,11215,411104,"Burnaby","Burnaby","","","",NA,"https://en.wikipedia.org/wiki/Burnaby","city","en","active","Point",NA,"",""
"19","JSC",27018,11215,411104,"Whitehorse","Whitehorse","","","",NA,"https://en.wikipedia.org/wiki/Whitehorse,_Yukon","city","en","active","Point",NA,"",""
"20","JSC",27019,11215,411104,"Ottawa","Ottawa","","","",NA,"https://en.wikipedia.org/wiki/Ottawa","city","en","active","Point",NA,"",""
"21","JSC",27020,11215,411104,"Winnipeg","Winnipeg","","","",NA,"https://en.wikipedia.org/wiki/Winnipeg","city","en","active","Point",NA,"",""
"22","JSC",27021,11215,411104,"Bedford","Bedford","","","",NA,"https://en.wikipedia.org/wiki/Bedford,_Nova_Scotia","community","en","active","Point",NA,"",""
"23","JSC",27022,11215,411104,"West Vancouver","West Vancouver","","","",NA,"https://en.wikipedia.org/wiki/West_Vancouver","district municipality","en","active","Point",NA,"",""
"24","JSC",27023,11215,411104,"Cultus Lake","Cultus Lake","","","",NA,"https://en.wikipedia.org/wiki/Cultus_Lake,_British_Columbia","lake","en","active","Point",NA,"",""
"25","JSC",27024,11215,411104,"Ladysmith","Ladysmith","","","",NA,"https://en.wikipedia.org/wiki/Ladysmith,_British_Columbia","town","en","active","Point",NA,"",""
"26","JSC",27025,11215,411104,"Prince George","Prince George","","","",NA,"","city","en","active","Point",NA,"",""
"27","JSC",27026,11215,411104,"Kamloops","Kamloops","","","",NA,"","city","en","active","Point",NA,"",""
"28","JSC",27027,11215,411104,"Richmond","Richmond","","","",NA,"","city","en","active","Point",NA,"",""
"29","JSC",27028,11215,411105,"PBS Building 1","PBS Building 1","","","",NA,"","","en","active","",NA,"2017 January 19","2020 January 19"
"30","JSC",27029,11215,411105,"PBS Building 2","PBS Building 2","","","",NA,"","","en","active","",NA,"2017 January 19","2020 January 19"
"31","JSC",27030,11215,411105,"PBS Building 3","PBS Building 3","","","",NA,"","","en","active","",NA,"2017 January 19","2020 January 19"
"32","JSC",27035,11215,411104,"Abbotsford","Abbotsford","","","",NA,"","","en","active","Polygon",NA,"",""
"33","JSC",27036,11215,411104,"Agassiz","Agassiz","","","",NA,"","","en","active","Polygon",NA,"",""
"34","JSC",27037,11215,411103,"Alaska","Alaska","","","",NA,"","","en","active","Polygon",NA,"",""
"35","JSC",27038,11215,411115,"Alouette River","Alouette River","","","",NA,"","","en","active","Polygon",NA,"",""
"36","JSC",27039,11215,411104,"Annacis Island","Annacis Island","","","",NA,"","","en","active","Polygon",NA,"",""
"37","JSC",27040,11215,411104,"Antigonish","Antigonish","","","",NA,"","","en","active","Polygon",NA,"",""
"38","JSC",27041,11215,411107,"Basin Head Marine Protected Area","Basin Head Marine Protected Area","","","",NA,"","","en","active","",NA,"2017 January 19","2020 January 19"
"39","JSC",27042,11215,411117,"Bay of Fundy","Bay of Fundy","","","",NA,"","","en","active","Polygon",NA,"",""
"40","JSC",27043,11215,411103,"BC Central Coast","BC Central Coast","","","",NA,"","","en","active","Polygon",NA,"",""
"41","JSC",27044,11215,411103,"BC Interior","BC Interior","","","",NA,"","","en","active","Polygon",NA,"",""
"42","JSC",27045,11215,411103,"BC North Coast","BC North Coast","","","",NA,"","","en","active","Polygon",NA,"",""
"43","JSC",27048,11215,411104,"Bella Coola","Bella Coola","","","",NA,"","","en","active","Polygon",NA,"",""
"44","JSC",27051,11215,411115,"Big Salmon River","Big Salmon River","","","",NA,"","","en","active","Polygon",NA,"",""
"45","JSC",27052,11215,411104,"Blanc Sablon","Blanc Sablon","","","",NA,"","","en","active","Polygon",NA,"",""
"46","JSC",27053,11215,411104,"Brackendale","Brackendale","","","",NA,"","","en","active","Polygon",NA,"",""
"47","JSC",27054,11215,411104,"Burlington","Burlington","","","",NA,"","","en","active","Polygon",NA,"",""
"48","JSC",27055,11215,411104,"Campbell River","Campbell River","","","",NA,"","","en","active","Polygon",NA,"",""
"49","JSC",27059,11215,411103,"Canadian Arctic","Canadian Arctic","","","",NA,"","","en","active","Polygon",NA,"",""
"50","JSC",27065,11215,411104,"Charlottetown","Charlottetown","","","",NA,"","","en","active","Polygon",NA,"",""
"51","JSC",27067,11215,411115,"Chehalis River","Chehalis River","","","",NA,"","","en","active","Polygon",NA,"",""
"52","JSC",27069,11215,411116,"Chilko Lake","Chilko Lake","","","",NA,"","","en","active","Polygon",NA,"",""
"53","JSC",27070,11215,411104,"Chilliwack","Chilliwack","","","",NA,"","","en","active","Polygon",NA,"",""
"54","JSC",27073,11215,411117,"Coastal NE Pacific Ocean","Coastal NE Pacific Ocean","","","",NA,"","","en","active","Polygon",NA,"",""
"55","JSC",27074,11215,411117,"Coastal Ocean Central BC","Coastal Ocean Central BC","","","",NA,"","","en","active","Polygon",NA,"",""
"56","JSC",27075,11215,411104,"Coldbrook","Coldbrook","","","",NA,"","","en","active","Polygon",NA,"",""
"57","JSC",27077,11215,411115,"Columbia River","Columbia River","","","",NA,"","","en","active","Polygon",NA,"",""
"58","JSC",27078,11215,411104,"Comox","Comox","","","",NA,"","","en","active","Polygon",NA,"",""
"59","JSC",27082,11215,411104,"Coquitlam","Coquitlam","","","",NA,"","","en","active","Polygon",NA,"",""
"60","JSC",27083,11215,411104,"Courtenay","Courtenay","","","",NA,"","","en","active","Polygon",NA,"",""
"61","JSC",27085,11215,411104,"Dartmouth","Dartmouth","","","",NA,"","","en","active","Polygon",NA,"",""
"62","JSC",27086,11215,411104,"Delta","Delta","","","",NA,"","","en","active","Polygon",NA,"",""
"63","JSC",27087,11215,411104,"Dewdney","Dewdney","","","",NA,"","","en","active","Polygon",NA,"",""
"64","JSC",27092,11215,411104,"Discovery Islands","Discovery Islands","","","",NA,"","","en","active","Polygon",NA,"",""
"65","JSC",27093,11215,411104,"Donnacona City","Donnacona City","","","",NA,"","","en","active","Polygon",NA,"",""
"66","JSC",27094,11215,411104,"Duncan","Duncan","","","",NA,"","","en","active","Polygon",NA,"",""
"67","JSC",27096,11215,411103,"Eastern New Brunswick","Eastern New Brunswick","","","",NA,"","","en","active","Polygon",NA,"",""
"68","JSC",27097,11215,411117,"Esperanza Inlet","Esperanza Inlet","","","",NA,"","","en","active","Polygon",NA,"",""
"69","JSC",27099,11215,411115,"Fraser River","Fraser River","","","",NA,"","","en","active","Polygon",NA,"",""
"70","JSC",27104,11215,411104,"Fredericton","Fredericton","","","",NA,"","","en","active","Polygon",NA,"",""
"71","JSC",27105,11215,411104,"French Village","French Village","","","",NA,"","","en","active","Polygon",NA,"",""
"72","JSC",27109,11215,411103,"Gaspésie","Gaspésie","","","",NA,"","","en","active","Polygon",NA,"",""
"73","JSC",27110,11215,411103,"Granisle","Granisle","","","",NA,"","","en","active","Polygon",NA,"",""
"74","JSC",27112,11215,411117,"Gulf of Alaska","Gulf of Alaska","","","",NA,"","","en","active","Polygon",NA,"",""
"75","JSC",27113,11215,411117,"Gulf of Saint Lawrence","Gulf of Saint Lawrence","","","",NA,"","","en","active","Polygon",NA,"",""
"76","JSC",27120,11215,411115,"Inch Creek","Inch Creek","","","",NA,"","","en","active","Polygon",NA,"",""
"77","JSC",27124,11215,411117,"Johnstone Strait","Johnstone Strait","","","",NA,"","","en","active","Polygon",NA,"",""
"78","JSC",27115,11215,411115,"Harrison River","Harrison River","","","",NA,"","","en","active","Polygon",NA,"",""
"79","JSC",27126,11215,411115,"Kanaka Creek","Kanaka Creek","","","",NA,"","","en","active","Polygon",NA,"",""
"80","JSC",27127,11215,411104,"Kitimat","Kitimat","","","",NA,"","","en","active","Polygon",NA,"",""
"81","JSC",27129,11215,411104,"Langley","Langley","","","",NA,"","","en","active","Polygon",NA,"",""
"82","JSC",27131,11215,411115,"Lower Fraser","Lower Fraser","","","",NA,"","","en","active","Polygon",NA,"",""
"83","JSC",27134,11215,411104,"Maple Ridge","Maple Ridge","","","",NA,"","","en","active","Polygon",NA,"",""
"84","JSC",27138,11215,411104,"Matapedia","Matapedia","","","",NA,"","","en","active","Polygon",NA,"",""
"85","JSC",27139,11215,411104,"Merritt","Merritt","","","",NA,"","","en","active","Polygon",NA,"",""
"86","JSC",27140,11215,411104,"Miramichi","Miramichi","","","",NA,"","","en","active","Polygon",NA,"",""
"87","JSC",27141,11215,411115,"Miramichi River","Miramichi River","","","",NA,"","","en","active","Polygon",NA,"",""
"88","JSC",27143,11215,411104,"Mission","Mission","","","",NA,"","","en","active","Polygon",NA,"",""
"89","JSC",27145,11215,411104,"Moncton","Moncton","","","",NA,"","","en","active","Polygon",NA,"",""
"90","JSC",27146,11215,411104,"Mont-Joli","Mont-Joli","","","",NA,"","","en","active","Polygon",NA,"",""
"91","JSC",27150,11215,411103,"National Capital Region","National Capital Region","","","",NA,"","","en","active","Polygon",NA,"",""
"92","JSC",27151,11215,411117,"NE Pacific Continental Shelf","NE Pacific Continental Shelf","","","",NA,"","","en","active","Polygon",NA,"",""
"93","JSC",27152,11215,411117,"NE Pacific Ocean","NE Pacific Ocean","","","",NA,"","","en","active","Polygon",NA,"",""
"94","JSC",27153,11215,411104,"New Germany","New Germany","","","",NA,"","","en","active","Polygon",NA,"",""
"95","JSC",27154,11215,411115,"Nicomekl River","Nicomekl River","","","",NA,"","","en","active","Polygon",NA,"",""
"96","JSC",27155,11215,411115,"Nicomen Slough","Nicomen Slough","","","",NA,"","","en","active","Polygon",NA,"",""
"97","JSC",27157,11215,411115,"Noon's Creek Watershed","Noon's Creek Watershed","","","",NA,"","","en","active","Polygon",NA,"",""
"98","JSC",27158,11215,411117,"Nootka Sound","Nootka Sound","","","",NA,"","","en","active","Polygon",NA,"",""
"99","JSC",27159,11215,411115,"Nord-east River","Nord-east River","","","",NA,"","","en","active","Polygon",NA,"",""
"100","JSC",27160,11215,411115,"Norrish Creek","Norrish Creek","","","",NA,"","","en","active","Polygon",NA,"",""
"101","JSC",27161,11215,411117,"North Pacific Ocean","North Pacific Ocean","","","",NA,"","","en","active","Polygon",NA,"",""
"102","JSC",27162,11215,411103,"North Shore","North Shore","","","",NA,"","","en","active","Polygon",NA,"",""
"103","JSC",27163,11215,411104,"North Vancouver","North Vancouver","","","",NA,"","","en","active","Polygon",NA,"",""
"104","JSC",27164,11215,411103,"Northern Hemisphere","Northern Hemisphere","","","",NA,"","","en","active","Polygon",NA,"",""
"105","JSC",27166,11215,411102,"Norway","Norway","","","",NA,"","","en","active","Polygon",NA,"",""
"106","JSC",27167,11215,411115,"Okanogan River","Okanogan River","","","",NA,"","","en","active","Polygon",NA,"",""
"107","JSC",27168,11215,411104,"Old Fort","Old Fort","","","",NA,"","","en","active","Polygon",NA,"",""
"108","JSC",27169,11215,411115,"Old Fort River","Old Fort River","","","",NA,"","","en","active","Polygon",NA,"",""
"109","JSC",27170,11215,411116,"Osoyoos Lake","Osoyoos Lake","","","",NA,"","","en","active","Polygon",NA,"",""
"110","JSC",27171,11215,411117,"Pacific","Pacific","","","",NA,"","","en","active","Polygon",NA,"",""
"111","JSC",27173,11215,411117,"Pacific Ocean","Pacific Ocean","","","",NA,"","","en","active","Polygon",NA,"",""
"112","JSC",27177,11215,411115,"Pitt River","Pitt River","","","",NA,"","","en","active","Polygon",NA,"",""
"113","JSC",27178,11215,411104,"Pont-Rouge","Pont-Rouge","","","",NA,"","","en","active","Polygon",NA,"",""
"114","JSC",27179,11215,411104,"Port Alberni","Port Alberni","","","",NA,"","","en","active","Polygon",NA,"",""
"115","JSC",27181,11215,411104,"Port Coquitlam","Port Coquitlam","","","",NA,"","","en","active","Polygon",NA,"",""
"116","JSC",27182,11215,411104,"Port Hardy","Port Hardy","","","",NA,"","","en","active","Polygon",NA,"",""
"117","JSC",27108,11215,411103,"Fundy National Park","Fundy National Park","","","",NA,"","","en","active","Polygon",NA,"",""
"118","JSC",27184,11215,411104,"Port Moody","Port Moody","","","",NA,"","","en","active","Polygon",NA,"",""
"119","JSC",27185,11215,411104,"Prince Rupert","Prince Rupert","","","",NA,"","","en","active","Polygon",NA,"",""
"120","JSC",27198,11215,411104,"Qualicum Beach","Qualicum Beach","","","",NA,"","","en","active","Polygon",NA,"",""
"121","JSC",27199,11215,411117,"Quatsino Sound","Quatsino Sound","","","",NA,"","","en","active","Polygon",NA,"",""
"122","JSC",27200,11215,411103,"Québec Lower North Shore","Québec Lower North Shore","","","",NA,"","","en","active","Polygon",NA,"",""
"123","JSC",27201,11215,411104,"Queen Charlotte","Queen Charlotte","","","",NA,"","","en","active","Polygon",NA,"",""
"124","JSC",27204,11215,411115,"Quinsam River","Quinsam River","","","",NA,"","","en","active","Polygon",NA,"",""
"125","JSC",27207,11215,411104,"Restigouche","Restigouche","","","",NA,"","","en","active","Polygon",NA,"",""
"126","JSC",27208,11215,411115,"Rivière Jacques Cartier","Rivière Jacques Cartier","","","",NA,"","","en","active","Polygon",NA,"",""
"127","JSC",27209,11215,411115,"Rivière Sainte-Marguerite","Rivière Sainte-Marguerite","","","",NA,"","","en","active","Polygon",NA,"",""
"128","JSC",27211,11215,411104,"Sacré-Coeur City","Sacré-Coeur City","","","",NA,"","","en","active","Polygon",NA,"",""
"129","JSC",27212,11215,411104,"Saguenay","Saguenay","","","",NA,"","","en","active","Polygon",NA,"",""
"130","JSC",27213,11215,411115,"Saint John River","Saint John River","","","",NA,"","","en","active","Polygon",NA,"",""
"131","JSC",27214,11215,411117,"Saint Lawrence Estuary","Saint Lawrence Estuary","","","",NA,"","","en","active","Polygon",NA,"",""
"132","JSC",27215,11215,411104,"Sainte-Marguerite","Sainte-Marguerite","","","",NA,"","","en","active","Polygon",NA,"",""
"133","JSC",27216,11215,411103,"San Juan","San Juan","","","",NA,"","","en","active","Polygon",NA,"",""
"134","JSC",27217,11215,411104,"Sault Ste. Marie","Sault Ste. Marie","","","",NA,"","","en","active","Polygon",NA,"",""
"135","JSC",27219,11215,411115,"Serpentine River","Serpentine River","","","",NA,"","","en","active","Polygon",NA,"",""
"136","JSC",27220,11215,411115,"Seymour River","Seymour River","","","",NA,"","","en","active","Polygon",NA,"",""
"137","JSC",27222,11215,411115,"Skeena River","Skeena River","","","",NA,"","","en","active","Polygon",NA,"",""
"138","JSC",27223,11215,411104,"Smithers","Smithers","","","",NA,"","","en","active","Polygon",NA,"",""
"139","JSC",27228,11215,411103,"Southern Shore Gulf of Saint Lawrence","Southern Shore Gulf of Saint Lawrence","","","",NA,"","","en","active","Polygon",NA,"",""
"140","JSC",27229,11215,411103,"Southwest New Brunswick","Southwest New Brunswick","","","",NA,"","","en","active","Polygon",NA,"",""
"141","JSC",27231,11215,411104,"Squamish","Squamish","","","",NA,"","","en","active","Polygon",NA,"",""
"142","JSC",27233,11215,411104,"St. Andrews","St. Andrews","","","",NA,"","","en","active","Polygon",NA,"",""
"143","JSC",27235,11215,411115,"St. John River","St. John River","","","",NA,"","","en","active","Polygon",NA,"",""
"144","JSC",27237,11215,411115,"Stave River","Stave River","","","",NA,"","","en","active","Polygon",NA,"",""
"145","JSC",27239,11215,411104,"Stewiacke","Stewiacke","","","",NA,"","","en","active","Polygon",NA,"",""
"146","JSC",27240,11215,411115,"Stewiacke River","Stewiacke River","","","",NA,"","","en","active","Polygon",NA,"",""
"147","JSC",27241,11215,411117,"Strait of Belle Isle","Strait of Belle Isle","","","",NA,"","","en","active","Polygon",NA,"",""
"148","JSC",27242,11215,411117,"Strait of Georgia","Strait of Georgia","","","",NA,"","","en","active","Polygon",NA,"",""
"149","JSC",27243,11215,411104,"Tahsis","Tahsis","","","",NA,"","","en","active","Polygon",NA,"",""
"150","JSC",27245,11215,411104,"Terrace","Terrace","","","",NA,"","","en","active","Polygon",NA,"",""
"151","JSC",27248,11215,411115,"Upper Fraser","Upper Fraser","","","",NA,"","","en","active","Polygon",NA,"",""
"152","JSC",27249,11215,411104,"Vancouver","Vancouver","","","",NA,"","","en","active","Polygon",NA,"",""
"153","JSC",27253,11215,411117,"Vancouver Island Continental Shelf","Vancouver Island Continental Shelf","","","",NA,"","","en","active","Polygon",NA,"",""
"154","JSC",27254,11215,411103,"Washington","Washington","WA","WA","",NA,"","state","en","active","Polygon",NA,"",""
"155","JSC",27255,11215,411103,"West Coast Vancouver Island","West Coast Vancouver Island","","","",NA,"","","en","active","Polygon",NA,"",""
"156","JSC",27257,11215,411116,"Williams Lake","Williams Lake","","","",NA,"","","en","active","Polygon",NA,"",""
"157","JSC",27259,11215,411115,"Yukon River","Yukon River","","","",NA,"","","en","active","Polygon",NA,"",""
"158","JSC",27046,11215,411105,"Bedford Institute of Oceanography","Bedford Institute of Oceanography","","","",NA,"","","en","active","",NA,"2017 January 19","2020 January 19"
"159","JSC",27047,11215,411107,"Bell-Irving Hatchery","Bell-Irving Hatchery","","","",NA,"","","en","active","",NA,"2017 January 19","2020 January 19"
"160","JSC",27049,11215,411106,"Bella Coola Field Office","Bella Coola Field Office","","","",NA,"","","en","active","",NA,"2017 January 19","2020 January 19"
"161","JSC",27050,11215,411107,"Big Qualicum River Hatchery","Big Qualicum River Hatchery","","","",NA,"","","en","active","",NA,"2017 January 19","2020 January 19"
"162","JSC",27056,11215,411107,"Campbell River (Tamarac)","Campbell River (Tamarac)","","","",NA,"","","en","active","",NA,"2017 January 19","2020 January 19"
"163","JSC",27057,11215,411106,"Campbell River Field Office","Campbell River Field Office","","","",NA,"","","en","active","",NA,"2017 January 19","2020 January 19"
"164","JSC",27058,11215,411105,"Canada Centre for Inland Waters (Bayfield Institute)","Canada Centre for Inland Waters (Bayfield Institute)","","","",NA,"","","en","active","",NA,"2017 January 19","2020 January 19"
"165","JSC",27060,11215,411105,"Canadian Centre for Inland Waters","Canadian Centre for Inland Waters","","","",NA,"","","en","active","",NA,"2017 January 19","2020 January 19"
"166","JSC",27061,11215,411107,"Capilano Hatchery","Capilano Hatchery","","","",NA,"","","en","active","",NA,"2017 January 19","2020 January 19"
"167","JSC",27062,11215,411107,"Capilano Salmon Hatchery","Capilano Salmon Hatchery","","","",NA,"","","en","active","",NA,"2017 January 19","2020 January 19"
"168","JSC",27064,11215,411105,"Centre for Aquaculture and Environmental Research","Centre for Aquaculture and Environmental Research","","","",NA,"","","en","active","",NA,"2017 January 19","2020 January 19"
"169","JSC",27066,11215,411107,"Charlottetown (Diadromous)","Charlottetown (Diadromous)","","","",NA,"","","en","active","",NA,"2017 January 19","2020 January 19"
"170","JSC",27068,11215,411107,"Chehalis River Hatchery","Chehalis River Hatchery","","","",NA,"","","en","active","",NA,"2017 January 19","2020 January 19"
"171","JSC",27071,11215,411106,"Chilliwack Field Office","Chilliwack Field Office","","","",NA,"","","en","active","",NA,"2017 January 19","2020 January 19"
"172","JSC",27072,11215,411107,"Chilliwack Fish Hatchery","Chilliwack Fish Hatchery","","","",NA,"","","en","active","",NA,"2017 January 19","2020 January 19"
"173","JSC",27076,11215,411107,"Coldbrook Biodiversity Facility","Coldbrook Biodiversity Facility","","","",NA,"","","en","active","",NA,"2017 January 19","2020 January 19"
"174","JSC",27079,11215,411106,"Comox Regional Office","Comox Regional Office","","","",NA,"","","en","active","",NA,"2017 January 19","2020 January 19"
"175","JSC",27080,11215,411106,"Comox Valley Field Office","Comox Valley Field Office","","","",NA,"","","en","active","",NA,"2017 January 19","2020 January 19"
"176","JSC",27081,11215,411107,"Conuma River Hatchery","Conuma River Hatchery","","","",NA,"","","en","active","",NA,"2017 January 19","2020 January 19"
"177","JSC",27084,11215,411107,"Cultus Lake Salmon Research Laboratory","Cultus Lake Salmon Research Laboratory","","","",NA,"","","en","active","",NA,"2017 January 19","2020 January 19"
"178","JSC",27088,11215,411106,"Dewdney Field Office","Dewdney Field Office","","","",NA,"","","en","active","",NA,"2017 January 19","2020 January 19"
"179","JSC",27089,11215,411106,"DFO Gulf Nova Scotia Area Office","DFO Gulf Nova Scotia Area Office","","","",NA,"","","en","active","",NA,"2017 January 19","2020 January 19"
"180","JSC",27114,11215,411107,"DFO Gulf Region ???","Gulf Region","","","",NA,"","","en","active","",NA,"2017 January 19","2020 January 19"
"181","JSC",27090,11215,411107,"DFO Gulf Region ???","DFO Gulf Region","","","",NA,"","","en","active","",NA,"2017 January 19","2020 January 19"
"182","JSC",27091,11215,411107,"DFO HQ","DFO HQ","","","",NA,"","","en","active","",NA,"2017 January 19","2020 January 19"
"183","JSC",27095,11215,411106,"Duncan Field Office","Duncan Field Office","","","",NA,"","","en","active","",NA,"2017 January 19","2020 January 19"
"184","JSC",27098,11215,411107,"Fraser Coastal Squamish","Fraser Coastal Squamish","","","",NA,"","","en","active","",NA,"2017 January 19","2020 January 19"
"185","JSC",27100,11215,411107,"Fraser Valley Chilliwack","Fraser Valley Chilliwack","","","",NA,"","","en","active","",NA,"2017 January 19","2020 January 19"
"186","JSC",27101,11215,411107,"Fraser Valley Mission","Fraser Valley Mission","","","",NA,"","","en","active","",NA,"2017 January 19","2020 January 19"
"187","JSC",27102,11215,411107,"Fraser Valley Trout Hatchery","Fraser Valley Trout Hatchery","","","",NA,"","","en","active","",NA,"2017 January 19","2020 January 19"
"188","JSC",27103,11215,411107,"Fraser Vally Steveston","Fraser Vally Steveston","","","",NA,"","","en","active","",NA,"2017 January 19","2020 January 19"
"189","JSC",27106,11215,411107,"Freshwater Institute","Freshwater Institute","","","",NA,"","","en","active","",NA,"2017 January 19","2020 January 19"
"190","JSC",27107,11215,411107,"Fulton River Spawning Channel","Fulton River Spawning Channel","","","",NA,"","","en","active","",NA,"2017 January 19","2020 January 19"
"191","JSC",27111,11215,411105,"Gulf Fisheries Centre","Gulf Fisheries Centre","","","",NA,"","","en","active","",NA,"2017 January 19","2020 January 19"
"192","JSC",27116,11215,411107,"Hoy Creek Hatchery","Hoy Creek Hatchery","","","",NA,"","","en","active","",NA,"2017 January 19","2020 January 19"
"193","JSC",27117,11215,411107,"HQ","HQ","","","",NA,"","","en","active","",NA,"2017 January 19","2020 January 19"
"194","JSC",27118,11215,411107,"Hyde Creek Hatchery","Hyde Creek Hatchery","","","",NA,"","","en","active","",NA,"2017 January 19","2020 January 19"
"195","JSC",27119,11215,411107,"Hyde Creek Watershed","Hyde Creek Watershed","","","",NA,"","","en","active","",NA,"2017 January 19","2020 January 19"
"196","JSC",27121,11215,411107,"Inch Creek Hatchery","Inch Creek Hatchery","","","",NA,"","","en","active","",NA,"2017 January 19","2020 January 19"
"197","JSC",27122,11215,411107,"Institute Maurice Lamontagne","Institute Maurice Lamontagne","","","",NA,"","","en","active","",NA,"2017 January 19","2020 January 19"
"198","JSC",27123,11215,411107,"Institute of Oceans Science","Institute of Oceans Science","","","",NA,"","","en","active","",NA,"2017 January 19","2020 January 19"
"199","JSC",27125,11215,411106,"Kamloops Field Office","Kamloops Field Office","","","",NA,"","","en","active","",NA,"2017 January 19","2020 January 19"
"200","JSC",27128,11215,411107,"Kitimat River Hatchery","Kitimat River Hatchery","","","",NA,"","","en","active","",NA,"2017 January 19","2020 January 19"
"201","JSC",27130,11215,411106,"Langley Field Office","Langley Field Office","","","",NA,"","","en","active","",NA,"2017 January 19","2020 January 19"
"202","JSC",27132,11215,411107,"Lower Fraser Watersheds","Lower Fraser Watersheds","","","",NA,"","","en","active","",NA,"2017 January 19","2020 January 19"
"203","JSC",27133,11215,411107,"Mactaquac Biodiversity Facility","Mactaquac Biodiversity Facility","","","",NA,"","","en","active","",NA,"2017 January 19","2020 January 19"
"204","JSC",27135,11215,411107,"Marine House","Marine House","","","",NA,"","","en","active","",NA,"2017 January 19","2020 January 19"
"205","JSC",27136,11215,411107,"Marine Waters South of Cape Caution","Marine Waters South of Cape Caution","","","",NA,"","","en","active","",NA,"2017 January 19","2020 January 19"
"206","JSC",27137,11215,411107,"Maritimes","Maritimes","","","",NA,"","","en","active","",NA,"2017 January 19","2020 January 19"
"207","JSC",27142,11215,411105,"Miramichi Salmon Conservation Centre","Miramichi Salmon Conservation Centre","","","",NA,"","","en","active","",NA,"2017 January 19","2020 January 19"
"208","JSC",27144,11215,411106,"Mission Field Office","Mission Field Office","","","",NA,"","","en","active","",NA,"2017 January 19","2020 January 19"
"209","JSC",27147,11215,411107,"Morgan Falls Fishway","Morgan Falls Fishway","","","",NA,"","","en","active","",NA,"2017 January 19","2020 January 19"
"210","JSC",27148,11215,411107,"Nanaimo (SEP)","Nanaimo (SEP)","","","",NA,"","","en","active","",NA,"2017 January 19","2020 January 19"
"211","JSC",27149,11215,411107,"National","National","","","",NA,"","","en","active","",NA,"2017 January 19","2020 January 19"
"212","JSC",27156,11215,411107,"Nitinat River Hatchery","Nitinat River Hatchery","","","",NA,"","","en","active","",NA,"2017 January 19","2020 January 19"
"213","JSC",27165,11215,411105,"Northwest Atlantic Fisheries Centre","Northwest Atlantic Fisheries Centre","","","",NA,"","","en","active","",NA,"2017 January 19","2020 January 19"
"214","JSC",27172,11215,411105,"Pacific Biological Station","Pacific Biological Station","","","",NA,"","","en","active","",NA,"2017 January 19","2020 January 19"
"215","JSC",27174,11215,411105,"Pacific Science Enterprise Centre (PSEC)","Pacific Science Enterprise Centre (PSEC)","","","",NA,"","","en","active","",NA,"2017 January 19","2020 January 19"
"216","JSC",27175,11215,411107,"Passamaquody Bay","Passamaquody Bay","","","",NA,"","","en","active","",NA,"2017 January 19","2020 January 19"
"217","JSC",27176,11215,411106,"PEI Area Office","PEI Area Office","","","",NA,"","","en","active","",NA,"2017 January 19","2020 January 19"
"218","JSC",27180,11215,411106,"Port Alberni Field Office","Port Alberni Field Office","","","",NA,"","","en","active","",NA,"2017 January 19","2020 January 19"
"219","JSC",27183,11215,411106,"Port Hardy Field Office","Port Hardy Field Office","","","",NA,"","","en","active","",NA,"2017 January 19","2020 January 19"
"220","JSC",27186,11215,411106,"Prince Rupert Field Office","Prince Rupert Field Office","","","",NA,"","","en","active","",NA,"2017 January 19","2020 January 19"
"221","JSC",27194,11215,411107,"Puntledge River Hatchery","Puntledge River Hatchery","","","",NA,"","","en","active","",NA,"2017 January 19","2020 January 19"
"222","JSC",27197,11215,411107,"QU","QU","","","",NA,"","","en","active","",NA,"2017 January 19","2020 January 19"
"223","JSC",27202,11215,411106,"Queen Charlotte City Field Office","Queen Charlotte City Field Office","","","",NA,"","","en","active","",NA,"2017 January 19","2020 January 19"
"224","JSC",27203,11215,411107,"Queen Charlotte Islands","Queen Charlotte Islands","","","",NA,"","","en","active","",NA,"2017 January 19","2020 January 19"
"225","JSC",27205,11215,411107,"Quinsam River Hatchery","Quinsam River Hatchery","","","",NA,"","","en","active","",NA,"2017 January 19","2020 January 19"
"226","JSC",27206,11215,411107,"Région du Québec","Région du Québec","","","",NA,"","","en","active","",NA,"2017 January 19","2020 January 19"
"227","JSC",27210,11215,411107,"Robertson Creek Hatchery","Robertson Creek Hatchery","","","",NA,"","","en","active","",NA,"2017 January 19","2020 January 19"
"228","JSC",27218,11215,411105,"Sea Lamprey Control Centre","Sea Lamprey Control Centre","","","",NA,"","","en","active","",NA,"2017 January 19","2020 January 19"
"229","JSC",27221,11215,411105,"Simon Fraser University","Simon Fraser University","","","",NA,"","","en","active","",NA,"2017 January 19","2020 January 19"
"230","JSC",27224,11215,411106,"Smithers Field Office","Smithers Field Office","","","",NA,"","","en","active","",NA,"2017 January 19","2020 January 19"
"231","JSC",27225,11215,411107,"Snootli Creek Hatchery","Snootli Creek Hatchery","","","",NA,"","","en","active","",NA,"2017 January 19","2020 January 19"
"232","JSC",27226,11215,411107,"Snootli Hatchery","Snootli Hatchery","","","",NA,"","","en","active","",NA,"2017 January 19","2020 January 19"
"233","JSC",27227,11215,411106,"South Coast Area Office","South Coast Area Office","","","",NA,"","","en","active","",NA,"2017 January 19","2020 January 19"
"234","JSC",27230,11215,411107,"Spius Creek Hatchery","Spius Creek Hatchery","","","",NA,"","","en","active","",NA,"2017 January 19","2020 January 19"
"235","JSC",27232,11215,411106,"Squamish Field Office","Squamish Field Office","","","",NA,"","","en","active","",NA,"2017 January 19","2020 January 19"
"236","JSC",27234,11215,411107,"St. Andrews Biological Station","St. Andrews Biological Station","","","",NA,"","","en","active","",NA,"2017 January 19","2020 January 19"
"237","JSC",27236,11215,411107,"St. John River Watershed","St. John River Watershed","","","",NA,"","","en","active","",NA,"2017 January 19","2020 January 19"
"238","JSC",27238,11215,411106,"Steveston Field Office","Steveston Field Office","","","",NA,"","","en","active","",NA,"2017 January 19","2020 January 19"
"239","JSC",27244,11215,411107,"Tenderfoot Creek Hatchery","Tenderfoot Creek Hatchery","","","",NA,"","","en","active","",NA,"2017 January 19","2020 January 19"
"240","JSC",27246,11215,411106,"Terrace Field Office","Terrace Field Office","","","",NA,"","","en","active","",NA,"2017 January 19","2020 January 19"
"241","JSC",27247,11215,411107,"Tobique Narrows Dam","Tobique Narrows Dam","","","",NA,"","","en","active","",NA,"2017 January 19","2020 January 19"
"242","JSC",27250,11215,411107,"Vancouver (RHQ)","Vancouver (RHQ)","","","",NA,"","","en","active","",NA,"2017 January 19","2020 January 19"
"243","JSC",27251,11215,411107,"Vancouver (SEP)","Vancouver (SEP)","","","",NA,"","","en","active","",NA,"2017 January 19","2020 January 19"
"244","JSC",27252,11215,411107,"Vancouver Island","Vancouver Island","","","",NA,"","","en","active","",NA,"2017 January 19","2020 January 19"
"245","JSC",27256,11215,411106,"Whitehorse Field Office","Whitehorse Field Office","","","",NA,"","","en","active","Polygon",NA,"",""
"246","JSC",27258,11215,411106,"Williams Lake Field Office","Williams Lake Field Office","","","",NA,"","","en","active","Polygon",NA,"",""
"247","JSC",27260,11215,411107,"Yukon River Watershed","Yukon River Watershed","","","",NA,"","","en","active","Polygon",NA,"",""
