"","resourceLinkTypeID","resourceLinkSubTypeID","ID","fromResourceNodeID","fromResourceNodeTypeID","fromResourceNodeSubTypeID","toResourceNodeID","toResourceNodeTypeID","toResourceNodeSubTypeID","linkLabel","name","description","isPrimary","language","status","start_date","end_date"
"1",21219,0,6116,27039,11215,411104,1590,"11223",NA,"hasAddress","Annacis Island-hasAddress-Annacis Island","","","","active","2017-10-24",""
"2",21219,0,6117,27046,11215,411105,1574,"11223",NA,"hasAddress","Bedford Institute of Oceanography-hasAddress-Bedford Institute of Oceanography","","","","active","2017-10-24",""
"3",21219,0,6118,27049,11215,411106,1530,"11223",NA,"hasAddress","Bella Coola Field Office-hasAddress-Bella Coola Field Office","","","","active","2017-10-24",""
"4",21219,0,6119,27050,11215,411107,1529,"11223",NA,"hasAddress","Big Qualicum River Hatchery-hasAddress-Big Qualicum River Hatchery","","","","active","2017-10-24",""
"5",21219,0,6120,27056,11215,411107,1531,"11223",NA,"hasAddress","Campbell River (Tamarac)-hasAddress-Campbell River (Tamarac)","","","","active","2017-10-24",""
"6",21219,0,6121,27057,11215,411106,1532,"11223",NA,"hasAddress","Campbell River Field Office-hasAddress-Campbell River Field Office","","","","active","2017-10-24",""
"8",21219,0,6122,27062,11215,411107,1533,"11223",NA,"hasAddress","Capilano Salmon Hatchery-hasAddress-Capilano Salmon Hatchery","","","","active","2017-10-24",""
"9",21219,0,6123,27064,11215,411105,1589,"11223",NA,"hasAddress","Centre for Aquaculture and Environmental Research-hasAddress-Centre for Aquaculture and Environmental Research","","","","active","2017-10-24",""
"10",21219,0,6124,27066,11215,411107,1534,"11223",NA,"hasAddress","Charlottetown (Diadromous)-hasAddress-Charlottetown (Diadromous)","","","","active","2017-10-24",""
"11",21219,0,6125,27068,11215,411107,1535,"11223",NA,"hasAddress","Chehalis River Hatchery-hasAddress-Chehalis River Hatchery","","","","active","2017-10-24",""
"12",21219,0,6126,27071,11215,411106,1537,"11223",NA,"hasAddress","Chilliwack Field Office-hasAddress-Chilliwack Field Office","","","","active","2017-10-24",""
"13",21219,0,6127,27072,11215,411107,1536,"11223",NA,"hasAddress","Chilliwack Fish Hatchery-hasAddress-Chilliwack Fish Hatchery","","","","active","2017-10-24",""
"14",21219,0,6128,27076,11215,411107,1575,"11223",NA,"hasAddress","Coldbrook Biodiversity Facility-hasAddress-Coldbrook Biodiversity Facility","","","","active","2017-10-24",""
"15",21219,0,6129,27080,11215,411106,1538,"11223",NA,"hasAddress","Comox Valley Field Office-hasAddress-Comox Valley Field Office","","","","active","2017-10-24",""
"16",21219,0,6130,27081,11215,411107,1539,"11223",NA,"hasAddress","Conuma River Hatchery-hasAddress-Conuma River Hatchery","","","","active","2017-10-24",""
"17",21219,0,6131,27084,11215,411107,1583,"11223",NA,"hasAddress","Cultus Lake Salmon Research Laboratory-hasAddress-Cultus Lake Salmon Research Laboratory","","","","active","2017-10-24",""
"18",21219,0,6132,27088,11215,411106,1540,"11223",NA,"hasAddress","Dewdney Field Office-hasAddress-Dewdney Field Office","","","","active","2017-10-24",""
"19",21219,0,6133,27089,11215,411106,1541,"11223",NA,"hasAddress","DFO Gulf Nova Scotia Area Office-hasAddress-DFO Gulf Nova Scotia Area Office","","","","active","2017-10-24",""
"20",21219,0,6134,27095,11215,411106,1542,"11223",NA,"hasAddress","Duncan Field Office-hasAddress-Duncan Field Office","","","","active","2017-10-24",""
"21",21219,0,6135,27106,11215,411107,1570,"11223",NA,"hasAddress","Freshwater Institute-hasAddress-Freshwater Institute","","","","active","2017-10-24",""
"22",21219,0,6136,27107,11215,411107,1543,"11223",NA,"hasAddress","Fulton River Spawning Channel-hasAddress-Fulton River Spawning Channel","","","","active","2017-10-24",""
"23",21219,0,6137,27111,11215,411105,1573,"11223",NA,"hasAddress","Gulf Fisheries Centre-hasAddress-Gulf Fisheries Centre","","","","active","2017-10-24",""
"24",21219,0,6138,27117,11215,411107,1572,"11223",NA,"hasAddress","HQ-hasAddress-HQ","","","","active","2017-10-24",""
"25",21219,0,6139,27121,11215,411107,1544,"11223",NA,"hasAddress","Inch Creek Hatchery-hasAddress-Inch Creek Hatchery","","","","active","2017-10-24",""
"26",21219,0,6140,27122,11215,411107,1579,"11223",NA,"hasAddress","Institute Maurice Lamontagne-hasAddress-Institute Maurice Lamontagne","","","","active","2017-10-24",""
"28",21219,0,6141,27125,11215,411106,1587,"11223",NA,"hasAddress","Kamloops Field Office-hasAddress-Kamloops Field Office","","","","active","2017-10-24",""
"29",21219,0,6142,27128,11215,411107,1545,"11223",NA,"hasAddress","Kitimat River Hatchery-hasAddress-Kitimat River Hatchery","","","","active","2017-10-24",""
"30",21219,0,6143,27130,11215,411106,1546,"11223",NA,"hasAddress","Langley Field Office-hasAddress-Langley Field Office","","","","active","2017-10-24",""
"31",21219,0,6144,27133,11215,411107,1576,"11223",NA,"hasAddress","Mactaquac Biodiversity Facility-hasAddress-Mactaquac Biodiversity Facility","","","","active","2017-10-24",""
"32",21219,0,6145,27135,11215,411107,1548,"11223",NA,"hasAddress","Marine House-hasAddress-Marine House","","","","active","2017-10-24",""
"33",21219,0,6146,27142,11215,411105,1547,"11223",NA,"hasAddress","Miramichi Salmon Conservation Centre-hasAddress-Miramichi Salmon Conservation Centre","","","","active","2017-10-24",""
"34",21219,0,6147,27144,11215,411106,1549,"11223",NA,"hasAddress","Mission Field Office-hasAddress-Mission Field Office","","","","active","2017-10-24",""
"35",21219,0,6148,27147,11215,411107,1550,"11223",NA,"hasAddress","Morgan Falls Fishway-hasAddress-Morgan Falls Fishway","","","","active","2017-10-24",""
"36",21219,0,6149,27148,11215,411107,1551,"11223",NA,"hasAddress","Nanaimo (SEP)-hasAddress-Nanaimo (SEP)","","","","active","2017-10-24",""
"37",21219,0,6150,27156,11215,411107,1552,"11223",NA,"hasAddress","Nitinat River Hatchery-hasAddress-Nitinat River Hatchery","","","","active","2017-10-24",""
"38",21219,0,6151,27165,11215,411105,1578,"11223",NA,"hasAddress","Northwest Atlantic Fisheries Centre-hasAddress-Northwest Atlantic Fisheries Centre","","","","active","2017-10-24",""
"39",21219,0,6152,27172,11215,411105,1580,"11223",NA,"hasAddress","Pacific Biological Station-hasAddress-Pacific Biological Station","","","","active","2017-10-24",""
"40",21219,0,6153,27176,11215,411106,1553,"11223",NA,"hasAddress","PEI Area Office-hasAddress-PEI Area Office","","","","active","2017-10-24",""
"41",21219,0,6154,27180,11215,411106,1554,"11223",NA,"hasAddress","Port Alberni Field Office-hasAddress-Port Alberni Field Office","","","","active","2017-10-24",""
"42",21219,0,6155,27183,11215,411106,1555,"11223",NA,"hasAddress","Port Hardy Field Office-hasAddress-Port Hardy Field Office","","","","active","2017-10-24",""
"43",21219,0,6156,27186,11215,411106,1585,"11223",NA,"hasAddress","Prince Rupert Field Office-hasAddress-Prince Rupert Field Office","","","","active","2017-10-24",""
"44",21219,0,6157,27194,11215,411107,1556,"11223",NA,"hasAddress","Puntledge River Hatchery-hasAddress-Puntledge River Hatchery","","","","active","2017-10-24",""
"45",21219,0,6158,27202,11215,411106,1557,"11223",NA,"hasAddress","Queen Charlotte City Field Office-hasAddress-Queen Charlotte City Field Office","","","","active","2017-10-24",""
"46",21219,0,6159,27205,11215,411107,1558,"11223",NA,"hasAddress","Quinsam River Hatchery-hasAddress-Quinsam River Hatchery","","","","active","2017-10-24",""
"47",21219,0,6160,27210,11215,411107,1559,"11223",NA,"hasAddress","Robertson Creek Hatchery-hasAddress-Robertson Creek Hatchery","","","","active","2017-10-24",""
"48",21219,0,6161,27218,11215,411105,1571,"11223",NA,"hasAddress","Sea Lamprey Control Centre-hasAddress-Sea Lamprey Control Centre","","","","active","2017-10-24",""
"49",21219,0,6162,27221,11215,411105,1581,"11223",NA,"hasAddress","Simon Fraser University-hasAddress-Simon Fraser University","","","","active","2017-10-24",""
"50",21219,0,6163,27224,11215,411106,1560,"11223",NA,"hasAddress","Smithers Field Office-hasAddress-Smithers Field Office","","","","active","2017-10-24",""
"51",21219,0,6164,27225,11215,411107,1561,"11223",NA,"hasAddress","Snootli Creek Hatchery-hasAddress-Snootli Creek Hatchery","","","","active","2017-10-24",""
"52",21219,0,6165,27227,11215,411106,1586,"11223",NA,"hasAddress","South Coast Area Office-hasAddress-South Coast Area Office","","","","active","2017-10-24",""
"53",21219,0,6166,27230,11215,411107,1562,"11223",NA,"hasAddress","Spius Creek Hatchery-hasAddress-Spius Creek Hatchery","","","","active","2017-10-24",""
"54",21219,0,6167,27232,11215,411106,1563,"11223",NA,"hasAddress","Squamish Field Office-hasAddress-Squamish Field Office","","","","active","2017-10-24",""
"55",21219,0,6168,27234,11215,411107,1577,"11223",NA,"hasAddress","St. Andrews Biological Station-hasAddress-St. Andrews Biological Station","","","","active","2017-10-24",""
"56",21219,0,6169,27238,11215,411106,1564,"11223",NA,"hasAddress","Steveston Field Office-hasAddress-Steveston Field Office","","","","active","2017-10-24",""
"57",21219,0,6170,27244,11215,411107,1565,"11223",NA,"hasAddress","Tenderfoot Creek Hatchery-hasAddress-Tenderfoot Creek Hatchery","","","","active","2017-10-24",""
"58",21219,0,6171,27246,11215,411106,1566,"11223",NA,"hasAddress","Terrace Field Office-hasAddress-Terrace Field Office","","","","active","2017-10-24",""
"59",21219,0,6172,27250,11215,411107,1588,"11223",NA,"hasAddress","Vancouver (RHQ)-hasAddress-Vancouver (RHQ)","","","","active","2017-10-24",""
"60",21219,0,6173,27251,11215,411107,1567,"11223",NA,"hasAddress","Vancouver (SEP)-hasAddress-Vancouver (SEP)","","","","active","2017-10-24",""
"61",21219,0,6174,27256,11215,411106,1584,"11223",NA,"hasAddress","Whitehorse Field Office-hasAddress-Whitehorse Field Office","","","","active","2017-10-24",""
"62",21219,0,6175,27258,11215,411106,1568,"11223",NA,"hasAddress","Williams Lake Field Office-hasAddress-Williams Lake Field Office","","","","active","2017-10-24",""
