"","resourceNodeTypeID","resourceNodeSubTypeID","ID","label","name","description","status","start_date","end_date","URL","accessedDate"
"1","11217",NA,1348,"Wild Salmon Policy","","","active","2017-01-24","","http://www.pac.dfo-mpo.gc.ca/consultation/wsp-pss/index-eng.html",""
"2","11217",NA,1349,"Fraser Sockeye Spawning Initiative","","","active","2017-01-24","","http://www.dfo-mpo.gc.ca/csas-sccs/Publications/ResDocs-DocRech/2011/2011_133-eng.html",""
"3","11217",NA,1350,"Fraser Sockeye Spawning Initiative","","","active","2017-01-24","","http://publications.gc.ca/collections/collection_2014/mpo-dfo/Fs97-4-2855-eng.pdf",""
"4","11217",NA,1351,"Novel Organisms","","","active","2017-01-24","","http://dfo-mpo.gc.ca/science/coe-cde/cabrr-crrba/index-eng.html",""
"5","11217",NA,1352,"Open Data","","","active","2017-01-24","","http://open.canada.ca/data/en/dataset/c48669a3-045b-400d-b730-48aafe8c5ee6  http://www.iobis.org/",""
"6","11217",NA,1353,"Open Data","","","active","2017-01-24","","http://meetings.pices.int/members/committees/TCODE",""
"7","11217",NA,1354,"Smolt predation studies","","","active","2017-01-24","","https://vemco.com/using-vemco-tags-to-identify-predation-events/",""
"8","11217",NA,1355,"Smolt predation studies","","","active","2017-01-24","","https://vemco.com/products/v5-predation-transmitter/",""
"9","11217",NA,1356,"Chinook Escapement Estimation","","","active","2017-01-24","","http://waves-vagues.dfo-mpo.gc.ca/Library/40567771.pdf",""
"10","11217",NA,1357,"Commercial Catch Monitoring","","","active","2017-01-24","","http://www.pac.dfo-mpo.gc.ca/fm-gp/docs/framework_monitoring-cadre_surveillance/page-1-eng.html",""
"11","11217",NA,1358,"Salmonid Enhancement Production Planning","","","active","2017-01-24","","http://publications.gc.ca/collections/collection_2016/mpo-dfo/Fs144-39-2012-eng.pdf",""
"12","11217",NA,1359,"Salmonid Enhancement Production Planning","","","active","2017-01-24","","http://waves-vagues.dfo-mpo.gc.ca/Library/366032.pdf",""
"13","11217",NA,1360,"Salmonid Enhancement Production Planning","","","active","2017-01-24","","http://waves-vagues.dfo-mpo.gc.ca/Library/361269.pdf",""
"14","11217",NA,1361,"International Year of the Salmon","","","active","2017-01-24","","npafc.org/new/science_IYS.html  nasco.int/iys.html",""
"15","11217",NA,1362,"Chinook and Chum Population Assessments","","","active","2017-01-24","","http://www.yukonriverpanel.com/publications/yukon-river-joint-technical-committee-reports/",""
"16","11217",NA,1363,"Arctic Salmon","","","active","2017-01-24","","www.facebook.coom/arcticsalmon",""
"17","11217",NA,1364,"Arctic Salmon","","","active","2017-01-24","","https://www.researchgate.net/publication/305333786_Using_thermal_limits_to_assess_establishment_of_fish_dispersing_to_high-latitude_and_high-elevation_watersheds",""
"18","11217",NA,1365,"Arctic Salmon","","","active","2017-01-24","","https://www.researchgate.net/publication/272567234_Pacific_Salmon_in_the_Arctic_Harbingers_of_Change",""
"19","11217",NA,1366,"Loi sur les espèces en péril (LEP)","","","active","2017-01-24","","https://intranet.ent.dfo-mpo.ca/?q=fr/node/578",""
"20","11217",NA,1367,"Loi sur les espèces en péril (LEP)","","","active","2017-01-24","","http://www.registrelep.gc.ca/document/default_f.cfm?documentID=1917",""
"21","11217",NA,1368,"Pathogen Risk","","","active","2017-01-24","","http://www.dfo-mpo.gc.ca/aquaculture/parr-prra/index-eng.html",""
"22","11217",NA,1369,"ARIS Sonar","","","active","2017-01-24","","http://www.soundmetrics.com/Products/ARIS-Sonars",""
"23","11217",NA,1370,"Area 25 Roundtable","","","active","2017-01-24","","https://www.roundtables.westcoastaquatic.ca/area-25-nootka",""
"24","11217",NA,1371,"International Governance","","","active","2017-01-24","","http://www.dfo-mpo.gc.ca/science/collaboration/asjv-eng.html",""
"25","11217",NA,1372,"Enhancement program planning","","","active","2017-01-24","","http://waves-vagues.dfo-mpo.gc.ca/Library/361270.pdf",""
"26","11217",NA,1373,"Stock-Habitat-Recruit Models","","","active","2017-01-24","","https://sites.google.com/a/s4s.com/sockeye-cumulative-impacts/home/documents-and-figures",""
"27","11217",NA,1374,"Salmon Data Lifecycle","","","active","2017-01-24","","https://pubs.usgs.gov/of/2013/1265/pdf/of2013-1265.pdf",""
"28","11217",NA,1375,"NuSEDS","","","active","2017-01-24","","http://open.canada.ca/data/en/dataset/c48669a3-045b-400d-b730-48aafe8c5ee6",""
"29","11217",NA,1376,"Roundtables and Treaty Groups","","","active","2017-01-24","","http://westcoastaquatic.ca/roundtables",""
"30","11217",NA,1377,"Roundtables and Treaty Groups","","","active","2017-01-24","","http://www.maanulth.ca",""
"31","11217",NA,1378,"Marine Salmon: Climate and Competition","","","active","2017-01-24","","https://alaskasalmonandpeople.org/sasap-round-2/#R2Group3",""
"32","11217",NA,1379,"Bilateral Chinook/Chum Forecasts","","","active","2017-01-24","","http://www.yukonriverpanel.com/publications/yukon-river-joint-technical-committee-reports/",""
"33","11217",NA,1380,"Salish Sea Marine Survival","","","active","2017-01-24","","http://marinesurvivalproject.com/",""
"34","11217",NA,1381,"Enhancement Business Practices","","","active","2017-01-24","","http://waves-vagues.dfo-mpo.gc.ca/Library/361269.pdf",""
"35","11217",NA,1382,"Enhancement Business Practices","","","active","2017-01-24","","http://waves-vagues.dfo-mpo.gc.ca/Library/366032.pdf",""
"36","11217",NA,1383,"Columbia River Sockeye Smolts","","","active","2017-01-24","","https://sites.google.com/a/s4s.com/sockeye-cumulative-impacts/home/documents-and-figures/SLAM%20talk%202017%20April%2010.pdf",""
"37","11217",NA,1384,"Columbia River Sockeye Smolts","","","active","2017-01-24","","https://sites.google.com/a/s4s.com/sockeye-cumulative-impacts/home/documents-and-figures/Transit%2010%20–%20a%20status%20report.pdf",""
"38","11217",NA,1385,"SEP Integration","","","active","2017-01-24","","http://waves-vagues.dfo-mpo.gc.ca/Library/361270.pdf",""
"39","11217",NA,1386,"Steelhead and Cutthroat Production","","","active","2017-01-24","","www.gofishbc.com",""
