"","resourceNodeTypeID","resourceNodeSubTypeID","ID","label","name","description","status","start_date","end_date","URL","accessedDate"
"1","11217",NA,1387,"Coldbrook Biodiversity Facility","","","active","2017-01-24","","http://www.inter.dfo-mpo.gc.ca/Maritimes/Biodiversity-Facilities",""
"2","11217",NA,1388,"Mactaquac Biodiversity Facility","","","active","2017-01-24","","http://www.inter.dfo-mpo.gc.ca/Maritimes/Biodiversity-Facilities#details-panel2",""
"3","11217",NA,1389,"Pacific Biological Station","","","active","2017-01-24","","http://www.pac.dfo-mpo.gc.ca/science/facilities-installations/index-eng.html#pbs",""
"4","11217",NA,1390,"Institute of Ocean Sciences","","","active","2017-01-24","","http://www.pac.dfo-mpo.gc.ca/science/facilities-installations/index-eng.html#ios",""
"5","11217",NA,1391,"Cultus Lake Salmon Research Laboratory","","","active","2017-01-24","","http://www.pac.dfo-mpo.gc.ca/science/facilities-installations/index-eng.html",""
